INFO:     Started server process [1419508]
INFO:     Waiting for application startup.
INFO:     Application startup complete.
INFO:     Uvicorn running on http://0.0.0.0:8000 (Press CTRL+C to quit)
INFO:     2406:da14:abd:6000:eb6c:6784:f0b4:7f44:0 - "POST /api/train HTTP/1.1" 200 OK
INFO:     2406:da14:abd:6000:eb6c:6784:f0b4:7f44:0 - "GET /api/train/50516a5da9224036afc342ccd61966df/stream HTTP/1.1" 200 OK
    Eval -> avg_reward=17.82 | avg_final_coverage=82.88% | avg_broadcast=99.98%
[Update 5] step=5120 | mean_reward=19.98 | mean_coverage=92.42% | mean_broadcast=99.98% | loss_pi=-0.119 | loss_v=3.497
    Eval -> avg_reward=24.96 | avg_final_coverage=99.97% | avg_broadcast=100.00%
[Update 10] step=10240 | mean_reward=26.04 | mean_coverage=99.97% | mean_broadcast=100.00% | loss_pi=-0.029 | loss_v=2.097
    Eval -> avg_reward=26.77 | avg_final_coverage=99.97% | avg_broadcast=100.00%
Artifacts saved to /mnt/data0/root/Projects/RescueNet-RL/artifacts/runs/hmarl_flood_no_residual_50516a5da9224036afc342ccd61966df
Training coverage curve saved to /mnt/data0/root/Projects/RescueNet-RL/artifacts/runs/hmarl_flood_no_residual_50516a5da9224036afc342ccd61966df/training_coverage_curve.png
INFO:     2406:da14:abd:6000:eb6c:6784:f0b4:7f44:0 - "GET /api/scenarios HTTP/1.1" 200 OK
INFO:     2406:da14:abd:6000:eb6c:6784:f0b4:7f44:0 - "GET /api/train/artifacts HTTP/1.1" 200 OK
INFO:     2406:da14:abd:6000:eb6c:6784:f0b4:7f44:0 - "GET /api/scenarios HTTP/1.1" 200 OK
INFO:     2406:da14:abd:6000:eb6c:6784:f0b4:7f44:0 - "GET /api/train/artifacts HTTP/1.1" 200 OK
INFO:     2406:da14:abd:6000:eb6c:6784:f0b4:7f44:0 - "POST /api/simulate/scene HTTP/1.1" 200 OK
INFO:     2406:da14:abd:6000:eb6c:6784:f0b4:7f44:0 - "POST /api/simulate/scene HTTP/1.1" 200 OK
INFO:     2406:da14:abd:6000:eb6c:6784:f0b4:7f44:0 - "GET /api/scenarios HTTP/1.1" 200 OK
INFO:     2406:da14:abd:6000:eb6c:6784:f0b4:7f44:0 - "GET /api/train/artifacts HTTP/1.1" 200 OK
INFO:     2406:da14:abd:6000:eb6c:6784:f0b4:7f44:0 - "GET /api/scenarios HTTP/1.1" 200 OK
INFO:     2406:da14:abd:6000:eb6c:6784:f0b4:7f44:0 - "GET /api/train/artifacts HTTP/1.1" 200 OK
INFO:     2406:da14:abd:6000:eb6c:6784:f0b4:7f44:0 - "POST /api/simulate/scene HTTP/1.1" 200 OK
INFO:     2406:da14:abd:6000:eb6c:6784:f0b4:7f44:0 - "POST /api/simulate/scene HTTP/1.1" 200 OK
INFO:     2406:da14:abd:6000:eb6c:6784:f0b4:7f44:0 - "POST /api/simulate/scene HTTP/1.1" 200 OK
INFO:     2406:da14:abd:6000:eb6c:6784:f0b4:7f44:0 - "POST /api/simulate/scene HTTP/1.1" 200 OK
INFO:     2406:da14:abd:6000:eb6c:6784:f0b4:7f44:0 - "POST /api/simulate/scene HTTP/1.1" 200 OK
INFO:     2406:da14:abd:6000:eb6c:6784:f0b4:7f44:0 - "POST /api/simulate/stream HTTP/1.1" 200 OK
INFO:     2406:da14:abd:6000:eb6c:6784:f0b4:7f44:0 - "GET /api/scenarios HTTP/1.1" 200 OK
INFO:     2406:da14:abd:6000:eb6c:6784:f0b4:7f44:0 - "GET /api/train/artifacts HTTP/1.1" 200 OK
INFO:     2406:da14:abd:6000:eb6c:6784:f0b4:7f44:0 - "GET /api/scenarios HTTP/1.1" 200 OK
INFO:     2406:da14:abd:6000:eb6c:6784:f0b4:7f44:0 - "POST /api/simulate/scene HTTP/1.1" 200 OK
INFO:     2406:da14:abd:6000:eb6c:6784:f0b4:7f44:0 - "GET /api/train/artifacts HTTP/1.1" 200 OK
INFO:     2406:da14:abd:6000:eb6c:6784:f0b4:7f44:0 - "POST /api/simulate/scene HTTP/1.1" 200 OK
INFO:     2406:da14:abd:6000:eb6c:6784:f0b4:7f44:0 - "GET /api/scenarios HTTP/1.1" 200 OK
INFO:     2406:da14:abd:6000:eb6c:6784:f0b4:7f44:0 - "GET /api/train/artifacts HTTP/1.1" 200 OK
INFO:     2406:da14:abd:6000:eb6c:6784:f0b4:7f44:0 - "GET /api/scenarios HTTP/1.1" 200 OK
INFO:     2406:da14:abd:6000:eb6c:6784:f0b4:7f44:0 - "POST /api/simulate/scene HTTP/1.1" 200 OK
INFO:     2406:da14:abd:6000:eb6c:6784:f0b4:7f44:0 - "GET /api/train/artifacts HTTP/1.1" 200 OK
INFO:     2406:da14:abd:6000:eb6c:6784:f0b4:7f44:0 - "POST /api/simulate/scene HTTP/1.1" 200 OK
INFO:     2406:da14:abd:6000:eb6c:6784:f0b4:7f44:0 - "POST /api/simulate/scene HTTP/1.1" 200 OK
INFO:     2406:da14:abd:6000:eb6c:6784:f0b4:7f44:0 - "POST /api/simulate/scene HTTP/1.1" 200 OK
INFO:     2406:da14:abd:6000:eb6c:6784:f0b4:7f44:0 - "POST /api/simulate/scene HTTP/1.1" 200 OK
INFO:     2406:da14:abd:6000:eb6c:6784:f0b4:7f44:0 - "POST /api/simulate/scene HTTP/1.1" 200 OK
INFO:     2406:da14:abd:6000:eb6c:6784:f0b4:7f44:0 - "POST /api/simulate/scene HTTP/1.1" 200 OK
INFO:     2406:da14:abd:6000:eb6c:6784:f0b4:7f44:0 - "POST /api/simulate/scene HTTP/1.1" 200 OK
INFO:     2406:da14:abd:6000:eb6c:6784:f0b4:7f44:0 - "GET /ns3-native/index.html?v=1779188387139 HTTP/1.1" 200 OK
INFO:     2406:da14:abd:6000:eb6c:6784:f0b4:7f44:0 - "GET /api/scenarios HTTP/1.1" 200 OK
INFO:     2406:da14:abd:6000:eb6c:6784:f0b4:7f44:0 - "GET /api/train/artifacts HTTP/1.1" 200 OK
INFO:     2406:da14:abd:6000:eb6c:6784:f0b4:7f44:0 - "GET /api/scenarios HTTP/1.1" 200 OK
INFO:     2406:da14:abd:6000:eb6c:6784:f0b4:7f44:0 - "POST /api/simulate/scene HTTP/1.1" 200 OK
INFO:     2406:da14:abd:6000:eb6c:6784:f0b4:7f44:0 - "GET /api/train/artifacts HTTP/1.1" 200 OK
INFO:     2406:da14:abd:6000:eb6c:6784:f0b4:7f44:0 - "POST /api/simulate/scene HTTP/1.1" 200 OK
INFO:     2406:da14:abd:6000:eb6c:6784:f0b4:7f44:0 - "GET /api/scenarios HTTP/1.1" 200 OK
INFO:     2406:da14:abd:6000:eb6c:6784:f0b4:7f44:0 - "GET /api/scenarios HTTP/1.1" 200 OK
INFO:     2406:da14:abd:6000:eb6c:6784:f0b4:7f44:0 - "GET /api/train/artifacts HTTP/1.1" 200 OK
INFO:     2406:da14:abd:6000:eb6c:6784:f0b4:7f44:0 - "GET /api/scenarios HTTP/1.1" 200 OK
INFO:     2406:da14:abd:6000:eb6c:6784:f0b4:7f44:0 - "POST /api/simulate/scene HTTP/1.1" 200 OK
INFO:     2406:da14:abd:6000:eb6c:6784:f0b4:7f44:0 - "GET /api/train/artifacts HTTP/1.1" 200 OK
INFO:     2406:da14:abd:6000:eb6c:6784:f0b4:7f44:0 - "GET /ns3-native/index.html?v=1779188405302 HTTP/1.1" 200 OK
INFO:     2406:da14:abd:6000:eb6c:6784:f0b4:7f44:0 - "POST /api/simulate/scene HTTP/1.1" 200 OK
INFO:     2406:da14:abd:6000:eb6c:6784:f0b4:7f44:0 - "GET /api/scenarios HTTP/1.1" 200 OK
INFO:     2406:da14:abd:6000:eb6c:6784:f0b4:7f44:0 - "GET /api/scenarios HTTP/1.1" 200 OK
INFO:     2406:da14:abd:6000:eb6c:6784:f0b4:7f44:0 - "GET /api/mahimahi/traces HTTP/1.1" 200 OK
INFO:     2406:da14:abd:6000:eb6c:6784:f0b4:7f44:0 - "GET /api/train/latest-artifact HTTP/1.1" 200 OK
INFO:     2406:da14:abd:6000:eb6c:6784:f0b4:7f44:0 - "GET /api/scenarios HTTP/1.1" 200 OK
INFO:     2406:da14:abd:6000:eb6c:6784:f0b4:7f44:0 - "GET /api/train/artifacts HTTP/1.1" 200 OK
INFO:     2406:da14:abd:6000:eb6c:6784:f0b4:7f44:0 - "GET /api/scenarios HTTP/1.1" 200 OK
INFO:     2406:da14:abd:6000:eb6c:6784:f0b4:7f44:0 - "GET /api/train/artifacts HTTP/1.1" 200 OK
INFO:     2406:da14:abd:6000:eb6c:6784:f0b4:7f44:0 - "POST /api/simulate/scene HTTP/1.1" 200 OK
INFO:     2406:da14:abd:6000:eb6c:6784:f0b4:7f44:0 - "POST /api/simulate/scene HTTP/1.1" 200 OK
INFO:     2406:da14:abd:6000:eb6c:6784:f0b4:7f44:0 - "GET /api/scenarios HTTP/1.1" 200 OK
INFO:     2406:da14:abd:6000:eb6c:6784:f0b4:7f44:0 - "GET /ns3-native/index.html?v=1779188512555 HTTP/1.1" 200 OK
INFO:     2406:da14:abd:6000:eb6c:6784:f0b4:7f44:0 - "GET /api/mahimahi/traces HTTP/1.1" 200 OK
INFO:     2406:da14:abd:6000:eb6c:6784:f0b4:7f44:0 - "GET /api/train/latest-artifact HTTP/1.1" 200 OK
INFO:     2406:da14:abd:6000:eb6c:6784:f0b4:7f44:0 - "GET /api/scenarios HTTP/1.1" 200 OK
INFO:     2406:da14:abd:6000:eb6c:6784:f0b4:7f44:0 - "GET /api/train/artifacts HTTP/1.1" 200 OK
INFO:     2406:da14:abd:6000:eb6c:6784:f0b4:7f44:0 - "GET /api/scenarios HTTP/1.1" 200 OK
INFO:     2406:da14:abd:6000:eb6c:6784:f0b4:7f44:0 - "GET /api/train/artifacts HTTP/1.1" 200 OK
INFO:     2406:da14:abd:6000:eb6c:6784:f0b4:7f44:0 - "POST /api/simulate/scene HTTP/1.1" 200 OK
INFO:     2406:da14:abd:6000:eb6c:6784:f0b4:7f44:0 - "POST /api/simulate/scene HTTP/1.1" 200 OK
INFO:     127.0.0.1:54472 - "GET /api/scenarios HTTP/1.1" 200 OK
INFO:     127.0.0.1:56850 - "GET /api/scenarios HTTP/1.1" 200 OK
INFO:     127.0.0.1:56860 - "GET /api/train/artifacts HTTP/1.1" 200 OK
INFO:     127.0.0.1:56876 - "POST /api/simulate/scene HTTP/1.1" 200 OK
INFO:     127.0.0.1:56880 - "GET /api/scenarios HTTP/1.1" 200 OK
INFO:     127.0.0.1:56896 - "GET /api/train/artifacts HTTP/1.1" 200 OK
INFO:     127.0.0.1:56900 - "POST /api/simulate/scene HTTP/1.1" 200 OK
INFO:     127.0.0.1:56904 - "GET /ns3-native/index.html?v=1779206856520 HTTP/1.1" 200 OK
INFO:     127.0.0.1:56920 - "GET /api/mahimahi/traces HTTP/1.1" 200 OK
INFO:     127.0.0.1:56928 - "GET /api/train/latest-artifact HTTP/1.1" 200 OK
INFO:     127.0.0.1:35794 - "GET /api/scenarios HTTP/1.1" 200 OK
INFO:     127.0.0.1:35796 - "GET /api/scenarios HTTP/1.1" 200 OK
INFO:     13.159.131.75:0 - "GET /api/train/artifacts HTTP/1.1" 200 OK
INFO:     13.159.131.75:0 - "GET /api/scenarios HTTP/1.1" 200 OK
INFO:     13.159.131.75:0 - "POST /api/simulate/scene HTTP/1.1" 200 OK
INFO:     13.159.131.75:0 - "POST /api/simulate/scene HTTP/1.1" 200 OK
INFO:     13.159.131.75:0 - "GET /api/scenarios HTTP/1.1" 200 OK
INFO:     13.159.131.75:0 - "GET /api/scenarios HTTP/1.1" 200 OK
INFO:     13.159.131.75:0 - "GET /api/train/artifacts HTTP/1.1" 200 OK
INFO:     13.159.131.75:0 - "GET /api/scenarios HTTP/1.1" 200 OK
INFO:     13.159.131.75:0 - "GET /api/train/artifacts HTTP/1.1" 200 OK
INFO:     13.159.131.75:0 - "POST /api/simulate/scene HTTP/1.1" 200 OK
INFO:     13.159.131.75:0 - "POST /api/simulate/scene HTTP/1.1" 200 OK
INFO:     13.159.131.75:0 - "GET /api/scenarios HTTP/1.1" 200 OK
INFO:     13.159.131.75:0 - "GET /api/scenarios HTTP/1.1" 200 OK
INFO:     13.159.131.75:0 - "GET /api/train/artifacts HTTP/1.1" 200 OK
INFO:     13.159.131.75:0 - "GET /api/scenarios HTTP/1.1" 200 OK
INFO:     13.159.131.75:0 - "GET /api/train/artifacts HTTP/1.1" 200 OK
INFO:     13.159.131.75:0 - "POST /api/simulate/scene HTTP/1.1" 200 OK
INFO:     13.159.131.75:0 - "POST /api/simulate/scene HTTP/1.1" 200 OK
INFO:     13.159.131.75:0 - "GET /api/scenarios HTTP/1.1" 200 OK
INFO:     13.159.131.75:0 - "POST /api/train HTTP/1.1" 200 OK
INFO:     13.159.131.75:0 - "GET /api/train/8b291cbd31f44184a1aeecfcf29f3b83/stream HTTP/1.1" 200 OK
    Eval -> avg_reward=16.85 | avg_final_coverage=95.10% | avg_broadcast=100.00%
[DQN] step=5 | epsilon=1.000 | mean_reward=0.00 | mean_coverage=0.00% | mean_broadcast=0.00% | q_loss=0.0000
    Eval -> avg_reward=16.25 | avg_final_coverage=91.96% | avg_broadcast=100.00%
[DQN] step=10 | epsilon=0.999 | mean_reward=0.00 | mean_coverage=0.00% | mean_broadcast=0.00% | q_loss=0.0000
    Eval -> avg_reward=16.17 | avg_final_coverage=92.10% | avg_broadcast=100.00%
[DQN] step=15 | epsilon=0.999 | mean_reward=0.00 | mean_coverage=0.00% | mean_broadcast=0.00% | q_loss=0.0000
    Eval -> avg_reward=16.14 | avg_final_coverage=92.03% | avg_broadcast=100.00%
[DQN] step=20 | epsilon=0.998 | mean_reward=0.00 | mean_coverage=0.00% | mean_broadcast=0.00% | q_loss=0.0000
    Eval -> avg_reward=16.31 | avg_final_coverage=92.62% | avg_broadcast=100.00%
    Eval -> avg_reward=16.49 | avg_final_coverage=93.04% | avg_broadcast=100.00%
[DQN] step=25 | epsilon=0.998 | mean_reward=16.76 | mean_coverage=95.88% | mean_broadcast=100.00% | q_loss=0.0000
    Eval -> avg_reward=16.59 | avg_final_coverage=93.25% | avg_broadcast=100.00%
[DQN] step=30 | epsilon=0.997 | mean_reward=16.76 | mean_coverage=95.88% | mean_broadcast=100.00% | q_loss=0.0000
    Eval -> avg_reward=16.45 | avg_final_coverage=93.01% | avg_broadcast=100.00%
[DQN] step=35 | epsilon=0.997 | mean_reward=16.76 | mean_coverage=95.88% | mean_broadcast=100.00% | q_loss=0.0000
    Eval -> avg_reward=16.33 | avg_final_coverage=92.63% | avg_broadcast=100.00%
[DQN] step=40 | epsilon=0.996 | mean_reward=16.76 | mean_coverage=95.88% | mean_broadcast=100.00% | q_loss=0.0000
    Eval -> avg_reward=16.45 | avg_final_coverage=93.37% | avg_broadcast=100.00%
    Eval -> avg_reward=16.41 | avg_final_coverage=93.03% | avg_broadcast=100.00%
[DQN] step=45 | epsilon=0.996 | mean_reward=16.76 | mean_coverage=95.88% | mean_broadcast=100.00% | q_loss=0.0000
    Eval -> avg_reward=16.61 | avg_final_coverage=93.37% | avg_broadcast=100.00%
[DQN] step=50 | epsilon=0.995 | mean_reward=15.41 | mean_coverage=89.60% | mean_broadcast=100.00% | q_loss=0.0000
    Eval -> avg_reward=16.43 | avg_final_coverage=92.75% | avg_broadcast=100.00%
[DQN] step=55 | epsilon=0.995 | mean_reward=15.41 | mean_coverage=89.60% | mean_broadcast=100.00% | q_loss=0.0000
    Eval -> avg_reward=16.55 | avg_final_coverage=93.40% | avg_broadcast=100.00%
[DQN] step=60 | epsilon=0.994 | mean_reward=15.41 | mean_coverage=89.60% | mean_broadcast=100.00% | q_loss=0.0000
    Eval -> avg_reward=16.52 | avg_final_coverage=93.46% | avg_broadcast=100.00%
    Eval -> avg_reward=16.44 | avg_final_coverage=93.07% | avg_broadcast=100.00%
[DQN] step=65 | epsilon=0.994 | mean_reward=15.41 | mean_coverage=89.60% | mean_broadcast=100.00% | q_loss=0.0000
    Eval -> avg_reward=16.98 | avg_final_coverage=95.22% | avg_broadcast=100.00%
[DQN] step=70 | epsilon=0.993 | mean_reward=15.41 | mean_coverage=89.60% | mean_broadcast=100.00% | q_loss=0.0000
    Eval -> avg_reward=16.54 | avg_final_coverage=93.12% | avg_broadcast=100.00%
[DQN] step=75 | epsilon=0.993 | mean_reward=15.17 | mean_coverage=88.87% | mean_broadcast=100.00% | q_loss=0.0000
    Eval -> avg_reward=16.59 | avg_final_coverage=94.01% | avg_broadcast=100.00%
[DQN] step=80 | epsilon=0.992 | mean_reward=15.17 | mean_coverage=88.87% | mean_broadcast=100.00% | q_loss=0.0000
    Eval -> avg_reward=17.19 | avg_final_coverage=94.62% | avg_broadcast=100.00%
    Eval -> avg_reward=16.38 | avg_final_coverage=92.41% | avg_broadcast=100.00%
[DQN] step=85 | epsilon=0.992 | mean_reward=15.17 | mean_coverage=88.87% | mean_broadcast=100.00% | q_loss=0.0000
    Eval -> avg_reward=17.02 | avg_final_coverage=94.99% | avg_broadcast=100.00%
[DQN] step=90 | epsilon=0.991 | mean_reward=15.17 | mean_coverage=88.87% | mean_broadcast=100.00% | q_loss=0.0000
    Eval -> avg_reward=16.61 | avg_final_coverage=93.51% | avg_broadcast=100.00%
[DQN] step=95 | epsilon=0.991 | mean_reward=15.17 | mean_coverage=88.87% | mean_broadcast=100.00% | q_loss=0.0000
    Eval -> avg_reward=16.19 | avg_final_coverage=92.47% | avg_broadcast=100.00%
[DQN] step=100 | epsilon=0.990 | mean_reward=13.66 | mean_coverage=82.41% | mean_broadcast=100.00% | q_loss=0.0000
    Eval -> avg_reward=16.41 | avg_final_coverage=93.40% | avg_broadcast=100.00%
    Eval -> avg_reward=16.42 | avg_final_coverage=93.07% | avg_broadcast=100.00%
[DQN] step=105 | epsilon=0.990 | mean_reward=13.66 | mean_coverage=82.41% | mean_broadcast=100.00% | q_loss=0.0000
    Eval -> avg_reward=16.39 | avg_final_coverage=93.01% | avg_broadcast=100.00%
[DQN] step=110 | epsilon=0.989 | mean_reward=13.66 | mean_coverage=82.41% | mean_broadcast=100.00% | q_loss=0.0000
    Eval -> avg_reward=16.69 | avg_final_coverage=93.38% | avg_broadcast=100.00%
[DQN] step=115 | epsilon=0.989 | mean_reward=13.66 | mean_coverage=82.41% | mean_broadcast=100.00% | q_loss=0.0000
    Eval -> avg_reward=16.71 | avg_final_coverage=93.82% | avg_broadcast=100.00%
[DQN] step=120 | epsilon=0.988 | mean_reward=13.66 | mean_coverage=82.41% | mean_broadcast=100.00% | q_loss=0.0000
    Eval -> avg_reward=16.64 | avg_final_coverage=93.72% | avg_broadcast=100.00%
    Eval -> avg_reward=16.61 | avg_final_coverage=93.47% | avg_broadcast=100.00%
[DQN] step=125 | epsilon=0.988 | mean_reward=14.02 | mean_coverage=84.12% | mean_broadcast=100.00% | q_loss=0.0000
    Eval -> avg_reward=16.54 | avg_final_coverage=93.13% | avg_broadcast=100.00%
[DQN] step=130 | epsilon=0.987 | mean_reward=14.02 | mean_coverage=84.12% | mean_broadcast=100.00% | q_loss=0.0000
    Eval -> avg_reward=16.63 | avg_final_coverage=93.65% | avg_broadcast=100.00%
[DQN] step=135 | epsilon=0.987 | mean_reward=14.02 | mean_coverage=84.12% | mean_broadcast=100.00% | q_loss=0.0000
    Eval -> avg_reward=16.85 | avg_final_coverage=94.19% | avg_broadcast=100.00%
[DQN] step=140 | epsilon=0.986 | mean_reward=14.02 | mean_coverage=84.12% | mean_broadcast=100.00% | q_loss=0.0000
    Eval -> avg_reward=16.65 | avg_final_coverage=93.74% | avg_broadcast=100.00%
    Eval -> avg_reward=16.88 | avg_final_coverage=94.57% | avg_broadcast=100.00%
[DQN] step=145 | epsilon=0.986 | mean_reward=14.02 | mean_coverage=84.12% | mean_broadcast=100.00% | q_loss=0.0000
    Eval -> avg_reward=16.46 | avg_final_coverage=93.01% | avg_broadcast=100.00%
[DQN] step=150 | epsilon=0.985 | mean_reward=12.63 | mean_coverage=78.10% | mean_broadcast=100.00% | q_loss=0.0000
    Eval -> avg_reward=17.21 | avg_final_coverage=94.90% | avg_broadcast=100.00%
[DQN] step=155 | epsilon=0.985 | mean_reward=12.63 | mean_coverage=78.10% | mean_broadcast=100.00% | q_loss=0.0000
    Eval -> avg_reward=16.46 | avg_final_coverage=93.18% | avg_broadcast=100.00%
[DQN] step=160 | epsilon=0.984 | mean_reward=12.63 | mean_coverage=78.10% | mean_broadcast=100.00% | q_loss=0.0000
    Eval -> avg_reward=16.37 | avg_final_coverage=93.06% | avg_broadcast=100.00%
    Eval -> avg_reward=16.60 | avg_final_coverage=93.76% | avg_broadcast=100.00%
[DQN] step=165 | epsilon=0.984 | mean_reward=12.63 | mean_coverage=78.10% | mean_broadcast=100.00% | q_loss=0.0000
    Eval -> avg_reward=16.87 | avg_final_coverage=93.97% | avg_broadcast=100.00%
[DQN] step=170 | epsilon=0.983 | mean_reward=12.63 | mean_coverage=78.10% | mean_broadcast=100.00% | q_loss=0.0000
    Eval -> avg_reward=16.60 | avg_final_coverage=93.24% | avg_broadcast=100.00%
[DQN] step=175 | epsilon=0.983 | mean_reward=12.68 | mean_coverage=79.13% | mean_broadcast=100.00% | q_loss=0.0000
    Eval -> avg_reward=16.42 | avg_final_coverage=92.94% | avg_broadcast=100.00%
[DQN] step=180 | epsilon=0.982 | mean_reward=12.68 | mean_coverage=79.13% | mean_broadcast=100.00% | q_loss=0.0000
    Eval -> avg_reward=16.64 | avg_final_coverage=93.69% | avg_broadcast=100.00%
    Eval -> avg_reward=16.21 | avg_final_coverage=92.62% | avg_broadcast=100.00%
[DQN] step=185 | epsilon=0.982 | mean_reward=12.68 | mean_coverage=79.13% | mean_broadcast=100.00% | q_loss=0.0000
    Eval -> avg_reward=16.25 | avg_final_coverage=92.63% | avg_broadcast=100.00%
[DQN] step=190 | epsilon=0.981 | mean_reward=12.68 | mean_coverage=79.13% | mean_broadcast=100.00% | q_loss=0.0000
    Eval -> avg_reward=16.49 | avg_final_coverage=93.10% | avg_broadcast=100.00%
[DQN] step=195 | epsilon=0.981 | mean_reward=12.68 | mean_coverage=79.13% | mean_broadcast=100.00% | q_loss=0.0000
    Eval -> avg_reward=16.96 | avg_final_coverage=94.75% | avg_broadcast=100.00%
[DQN] step=200 | epsilon=0.980 | mean_reward=12.47 | mean_coverage=78.41% | mean_broadcast=100.00% | q_loss=0.0000
    Eval -> avg_reward=16.46 | avg_final_coverage=92.66% | avg_broadcast=100.00%
    Eval -> avg_reward=16.58 | avg_final_coverage=93.24% | avg_broadcast=100.00%
[DQN] step=205 | epsilon=0.980 | mean_reward=12.47 | mean_coverage=78.41% | mean_broadcast=100.00% | q_loss=0.0000
    Eval -> avg_reward=16.40 | avg_final_coverage=93.18% | avg_broadcast=100.00%
[DQN] step=210 | epsilon=0.979 | mean_reward=12.47 | mean_coverage=78.41% | mean_broadcast=100.00% | q_loss=0.0000
    Eval -> avg_reward=16.40 | avg_final_coverage=92.88% | avg_broadcast=100.00%
[DQN] step=215 | epsilon=0.979 | mean_reward=12.47 | mean_coverage=78.41% | mean_broadcast=100.00% | q_loss=0.0000
    Eval -> avg_reward=16.23 | avg_final_coverage=92.32% | avg_broadcast=100.00%
[DQN] step=220 | epsilon=0.978 | mean_reward=12.47 | mean_coverage=78.41% | mean_broadcast=100.00% | q_loss=0.0000
    Eval -> avg_reward=15.77 | avg_final_coverage=91.07% | avg_broadcast=100.00%
    Eval -> avg_reward=16.44 | avg_final_coverage=93.22% | avg_broadcast=100.00%
[DQN] step=225 | epsilon=0.978 | mean_reward=13.87 | mean_coverage=84.37% | mean_broadcast=100.00% | q_loss=0.0000
    Eval -> avg_reward=16.59 | avg_final_coverage=93.68% | avg_broadcast=100.00%
[DQN] step=230 | epsilon=0.977 | mean_reward=13.87 | mean_coverage=84.37% | mean_broadcast=100.00% | q_loss=0.0000
    Eval -> avg_reward=16.56 | avg_final_coverage=93.29% | avg_broadcast=100.00%
[DQN] step=235 | epsilon=0.977 | mean_reward=13.87 | mean_coverage=84.37% | mean_broadcast=100.00% | q_loss=0.0000
    Eval -> avg_reward=16.72 | avg_final_coverage=93.88% | avg_broadcast=100.00%
[DQN] step=240 | epsilon=0.976 | mean_reward=13.87 | mean_coverage=84.37% | mean_broadcast=100.00% | q_loss=0.0000
    Eval -> avg_reward=16.58 | avg_final_coverage=93.28% | avg_broadcast=100.00%
    Eval -> avg_reward=16.67 | avg_final_coverage=93.41% | avg_broadcast=100.00%
[DQN] step=245 | epsilon=0.976 | mean_reward=13.87 | mean_coverage=84.37% | mean_broadcast=100.00% | q_loss=0.0000
    Eval -> avg_reward=16.57 | avg_final_coverage=92.87% | avg_broadcast=100.00%
[DQN] step=250 | epsilon=0.975 | mean_reward=12.74 | mean_coverage=80.29% | mean_broadcast=100.00% | q_loss=0.0000
    Eval -> avg_reward=16.56 | avg_final_coverage=93.19% | avg_broadcast=100.00%
[DQN] step=255 | epsilon=0.975 | mean_reward=12.74 | mean_coverage=80.29% | mean_broadcast=100.00% | q_loss=0.0000
    Eval -> avg_reward=16.50 | avg_final_coverage=93.22% | avg_broadcast=100.00%
[DQN] step=260 | epsilon=0.974 | mean_reward=12.74 | mean_coverage=80.29% | mean_broadcast=100.00% | q_loss=1.3321
    Eval -> avg_reward=15.25 | avg_final_coverage=88.96% | avg_broadcast=100.00%
    Eval -> avg_reward=14.34 | avg_final_coverage=86.35% | avg_broadcast=100.00%
[DQN] step=265 | epsilon=0.974 | mean_reward=12.74 | mean_coverage=80.29% | mean_broadcast=100.00% | q_loss=0.8566
    Eval -> avg_reward=17.16 | avg_final_coverage=96.22% | avg_broadcast=100.00%
[DQN] step=270 | epsilon=0.973 | mean_reward=12.74 | mean_coverage=80.29% | mean_broadcast=100.00% | q_loss=0.3735
    Eval -> avg_reward=16.90 | avg_final_coverage=95.54% | avg_broadcast=100.00%
[DQN] step=275 | epsilon=0.973 | mean_reward=13.88 | mean_coverage=85.54% | mean_broadcast=100.00% | q_loss=0.2138
    Eval -> avg_reward=16.32 | avg_final_coverage=93.63% | avg_broadcast=99.99%
[DQN] step=280 | epsilon=0.972 | mean_reward=13.88 | mean_coverage=85.54% | mean_broadcast=100.00% | q_loss=0.2540
    Eval -> avg_reward=16.53 | avg_final_coverage=94.28% | avg_broadcast=100.00%
    Eval -> avg_reward=17.53 | avg_final_coverage=98.34% | avg_broadcast=100.00%
[DQN] step=285 | epsilon=0.972 | mean_reward=13.88 | mean_coverage=85.54% | mean_broadcast=100.00% | q_loss=0.1981
    Eval -> avg_reward=17.76 | avg_final_coverage=98.00% | avg_broadcast=100.00%
[DQN] step=290 | epsilon=0.971 | mean_reward=13.88 | mean_coverage=85.54% | mean_broadcast=100.00% | q_loss=0.1375
    Eval -> avg_reward=18.32 | avg_final_coverage=99.32% | avg_broadcast=100.00%
[DQN] step=295 | epsilon=0.971 | mean_reward=13.88 | mean_coverage=85.54% | mean_broadcast=100.00% | q_loss=0.1080
    Eval -> avg_reward=17.80 | avg_final_coverage=97.82% | avg_broadcast=100.00%
[DQN] step=300 | epsilon=0.970 | mean_reward=14.15 | mean_coverage=85.94% | mean_broadcast=100.00% | q_loss=0.0622
    Eval -> avg_reward=14.90 | avg_final_coverage=87.96% | avg_broadcast=100.00%
    Eval -> avg_reward=15.17 | avg_final_coverage=89.03% | avg_broadcast=100.00%
[DQN] step=305 | epsilon=0.970 | mean_reward=14.15 | mean_coverage=85.94% | mean_broadcast=100.00% | q_loss=0.0595
    Eval -> avg_reward=17.04 | avg_final_coverage=95.57% | avg_broadcast=100.00%
[DQN] step=310 | epsilon=0.969 | mean_reward=14.15 | mean_coverage=85.94% | mean_broadcast=100.00% | q_loss=0.0624
    Eval -> avg_reward=16.20 | avg_final_coverage=92.85% | avg_broadcast=100.00%
[DQN] step=315 | epsilon=0.969 | mean_reward=14.15 | mean_coverage=85.94% | mean_broadcast=100.00% | q_loss=0.0626
    Eval -> avg_reward=15.17 | avg_final_coverage=88.62% | avg_broadcast=100.00%
[DQN] step=320 | epsilon=0.968 | mean_reward=14.15 | mean_coverage=85.94% | mean_broadcast=100.00% | q_loss=0.0691
    Eval -> avg_reward=16.03 | avg_final_coverage=91.49% | avg_broadcast=100.00%
    Eval -> avg_reward=16.99 | avg_final_coverage=94.12% | avg_broadcast=100.00%
[DQN] step=325 | epsilon=0.968 | mean_reward=14.26 | mean_coverage=86.57% | mean_broadcast=100.00% | q_loss=0.0795
    Eval -> avg_reward=16.68 | avg_final_coverage=92.96% | avg_broadcast=100.00%
[DQN] step=330 | epsilon=0.967 | mean_reward=14.26 | mean_coverage=86.57% | mean_broadcast=100.00% | q_loss=0.0840
    Eval -> avg_reward=16.65 | avg_final_coverage=93.51% | avg_broadcast=100.00%
[DQN] step=335 | epsilon=0.967 | mean_reward=14.26 | mean_coverage=86.57% | mean_broadcast=100.00% | q_loss=0.1060
    Eval -> avg_reward=18.39 | avg_final_coverage=99.38% | avg_broadcast=100.00%
[DQN] step=340 | epsilon=0.966 | mean_reward=14.26 | mean_coverage=86.57% | mean_broadcast=100.00% | q_loss=0.1055
    Eval -> avg_reward=18.39 | avg_final_coverage=99.24% | avg_broadcast=100.00%
    Eval -> avg_reward=17.82 | avg_final_coverage=96.81% | avg_broadcast=100.00%
[DQN] step=345 | epsilon=0.966 | mean_reward=14.26 | mean_coverage=86.57% | mean_broadcast=100.00% | q_loss=0.0741
    Eval -> avg_reward=16.91 | avg_final_coverage=93.16% | avg_broadcast=100.00%
[DQN] step=350 | epsilon=0.965 | mean_reward=14.67 | mean_coverage=87.71% | mean_broadcast=100.00% | q_loss=0.0460
    Eval -> avg_reward=18.37 | avg_final_coverage=98.72% | avg_broadcast=100.00%
[DQN] step=355 | epsilon=0.965 | mean_reward=14.67 | mean_coverage=87.71% | mean_broadcast=100.00% | q_loss=0.0609
    Eval -> avg_reward=18.08 | avg_final_coverage=97.15% | avg_broadcast=100.00%
[DQN] step=360 | epsilon=0.964 | mean_reward=14.67 | mean_coverage=87.71% | mean_broadcast=100.00% | q_loss=0.0439
    Eval -> avg_reward=18.58 | avg_final_coverage=99.06% | avg_broadcast=100.00%
    Eval -> avg_reward=18.53 | avg_final_coverage=99.16% | avg_broadcast=100.00%
[DQN] step=365 | epsilon=0.964 | mean_reward=14.67 | mean_coverage=87.71% | mean_broadcast=100.00% | q_loss=0.0358
    Eval -> avg_reward=18.60 | avg_final_coverage=99.44% | avg_broadcast=100.00%
[DQN] step=370 | epsilon=0.963 | mean_reward=14.67 | mean_coverage=87.71% | mean_broadcast=100.00% | q_loss=0.0295
    Eval -> avg_reward=18.61 | avg_final_coverage=99.62% | avg_broadcast=100.00%
[DQN] step=375 | epsilon=0.963 | mean_reward=15.18 | mean_coverage=89.01% | mean_broadcast=100.00% | q_loss=0.0492
    Eval -> avg_reward=18.71 | avg_final_coverage=99.56% | avg_broadcast=100.00%
[DQN] step=380 | epsilon=0.962 | mean_reward=15.18 | mean_coverage=89.01% | mean_broadcast=100.00% | q_loss=0.0652
    Eval -> avg_reward=18.76 | avg_final_coverage=99.63% | avg_broadcast=100.00%
    Eval -> avg_reward=18.72 | avg_final_coverage=99.43% | avg_broadcast=100.00%
[DQN] step=385 | epsilon=0.962 | mean_reward=15.18 | mean_coverage=89.01% | mean_broadcast=100.00% | q_loss=0.0525
    Eval -> avg_reward=18.44 | avg_final_coverage=99.34% | avg_broadcast=100.00%
[DQN] step=390 | epsilon=0.962 | mean_reward=15.18 | mean_coverage=89.01% | mean_broadcast=100.00% | q_loss=0.0680
    Eval -> avg_reward=18.85 | avg_final_coverage=99.65% | avg_broadcast=100.00%
[DQN] step=395 | epsilon=0.961 | mean_reward=15.18 | mean_coverage=89.01% | mean_broadcast=100.00% | q_loss=0.0697
    Eval -> avg_reward=18.41 | avg_final_coverage=99.25% | avg_broadcast=100.00%
[DQN] step=400 | epsilon=0.961 | mean_reward=14.87 | mean_coverage=87.16% | mean_broadcast=100.00% | q_loss=0.0550
    Eval -> avg_reward=18.40 | avg_final_coverage=99.34% | avg_broadcast=100.00%
    Eval -> avg_reward=18.23 | avg_final_coverage=98.84% | avg_broadcast=100.00%
[DQN] step=405 | epsilon=0.960 | mean_reward=14.87 | mean_coverage=87.16% | mean_broadcast=100.00% | q_loss=0.0826
    Eval -> avg_reward=18.22 | avg_final_coverage=98.75% | avg_broadcast=100.00%
[DQN] step=410 | epsilon=0.960 | mean_reward=14.87 | mean_coverage=87.16% | mean_broadcast=100.00% | q_loss=0.0633
    Eval -> avg_reward=18.15 | avg_final_coverage=98.04% | avg_broadcast=100.00%
[DQN] step=415 | epsilon=0.959 | mean_reward=14.87 | mean_coverage=87.16% | mean_broadcast=100.00% | q_loss=0.0562
    Eval -> avg_reward=18.38 | avg_final_coverage=98.43% | avg_broadcast=100.00%
[DQN] step=420 | epsilon=0.959 | mean_reward=14.87 | mean_coverage=87.16% | mean_broadcast=100.00% | q_loss=0.0522
    Eval -> avg_reward=18.30 | avg_final_coverage=98.35% | avg_broadcast=100.00%
    Eval -> avg_reward=18.55 | avg_final_coverage=98.79% | avg_broadcast=100.00%
[DQN] step=425 | epsilon=0.958 | mean_reward=14.65 | mean_coverage=86.49% | mean_broadcast=100.00% | q_loss=0.0423
    Eval -> avg_reward=18.58 | avg_final_coverage=98.78% | avg_broadcast=100.00%
[DQN] step=430 | epsilon=0.958 | mean_reward=14.65 | mean_coverage=86.49% | mean_broadcast=100.00% | q_loss=0.0368
    Eval -> avg_reward=18.56 | avg_final_coverage=98.81% | avg_broadcast=100.00%
[DQN] step=435 | epsilon=0.957 | mean_reward=14.65 | mean_coverage=86.49% | mean_broadcast=100.00% | q_loss=0.0730
    Eval -> avg_reward=18.32 | avg_final_coverage=98.49% | avg_broadcast=100.00%
[DQN] step=440 | epsilon=0.957 | mean_reward=14.65 | mean_coverage=86.49% | mean_broadcast=100.00% | q_loss=0.1019
    Eval -> avg_reward=18.17 | avg_final_coverage=98.07% | avg_broadcast=100.00%
    Eval -> avg_reward=18.46 | avg_final_coverage=99.03% | avg_broadcast=100.00%
[DQN] step=445 | epsilon=0.956 | mean_reward=14.65 | mean_coverage=86.49% | mean_broadcast=100.00% | q_loss=0.0667
    Eval -> avg_reward=18.46 | avg_final_coverage=99.03% | avg_broadcast=100.00%
[DQN] step=450 | epsilon=0.956 | mean_reward=15.24 | mean_coverage=87.96% | mean_broadcast=100.00% | q_loss=0.0496
    Eval -> avg_reward=18.06 | avg_final_coverage=98.44% | avg_broadcast=100.00%
[DQN] step=455 | epsilon=0.955 | mean_reward=15.24 | mean_coverage=87.96% | mean_broadcast=100.00% | q_loss=0.0691
    Eval -> avg_reward=18.26 | avg_final_coverage=98.74% | avg_broadcast=100.00%
[DQN] step=460 | epsilon=0.955 | mean_reward=15.24 | mean_coverage=87.96% | mean_broadcast=100.00% | q_loss=0.1001
    Eval -> avg_reward=18.35 | avg_final_coverage=98.78% | avg_broadcast=100.00%
    Eval -> avg_reward=18.21 | avg_final_coverage=98.44% | avg_broadcast=100.00%
[DQN] step=465 | epsilon=0.954 | mean_reward=15.24 | mean_coverage=87.96% | mean_broadcast=100.00% | q_loss=0.1216
    Eval -> avg_reward=18.31 | avg_final_coverage=98.84% | avg_broadcast=100.00%
[DQN] step=470 | epsilon=0.954 | mean_reward=15.24 | mean_coverage=87.96% | mean_broadcast=100.00% | q_loss=0.0964
    Eval -> avg_reward=18.14 | avg_final_coverage=98.56% | avg_broadcast=100.00%
[DQN] step=475 | epsilon=0.953 | mean_reward=14.30 | mean_coverage=85.00% | mean_broadcast=100.00% | q_loss=0.0776
    Eval -> avg_reward=18.21 | avg_final_coverage=98.81% | avg_broadcast=100.00%
[DQN] step=480 | epsilon=0.953 | mean_reward=14.30 | mean_coverage=85.00% | mean_broadcast=100.00% | q_loss=0.1193
    Eval -> avg_reward=18.37 | avg_final_coverage=99.29% | avg_broadcast=100.00%
    Eval -> avg_reward=18.12 | avg_final_coverage=98.68% | avg_broadcast=100.00%
[DQN] step=485 | epsilon=0.952 | mean_reward=14.30 | mean_coverage=85.00% | mean_broadcast=100.00% | q_loss=0.2388
    Eval -> avg_reward=18.16 | avg_final_coverage=98.40% | avg_broadcast=100.00%
[DQN] step=490 | epsilon=0.952 | mean_reward=14.30 | mean_coverage=85.00% | mean_broadcast=100.00% | q_loss=0.2971
    Eval -> avg_reward=18.10 | avg_final_coverage=98.26% | avg_broadcast=100.00%
[DQN] step=495 | epsilon=0.951 | mean_reward=14.30 | mean_coverage=85.00% | mean_broadcast=100.00% | q_loss=0.3183
    Eval -> avg_reward=18.35 | avg_final_coverage=98.88% | avg_broadcast=100.00%
[DQN] step=500 | epsilon=0.951 | mean_reward=14.73 | mean_coverage=86.75% | mean_broadcast=100.00% | q_loss=0.1698
    Eval -> avg_reward=18.42 | avg_final_coverage=98.94% | avg_broadcast=100.00%
    Eval -> avg_reward=18.29 | avg_final_coverage=98.94% | avg_broadcast=100.00%
[DQN] step=505 | epsilon=0.950 | mean_reward=14.73 | mean_coverage=86.75% | mean_broadcast=100.00% | q_loss=0.2162
    Eval -> avg_reward=17.93 | avg_final_coverage=98.96% | avg_broadcast=100.00%
[DQN] step=510 | epsilon=0.950 | mean_reward=14.73 | mean_coverage=86.75% | mean_broadcast=100.00% | q_loss=0.1151
    Eval -> avg_reward=17.87 | avg_final_coverage=98.41% | avg_broadcast=100.00%
[DQN] step=515 | epsilon=0.949 | mean_reward=14.73 | mean_coverage=86.75% | mean_broadcast=100.00% | q_loss=0.1399
    Eval -> avg_reward=18.08 | avg_final_coverage=98.74% | avg_broadcast=100.00%
[DQN] step=520 | epsilon=0.949 | mean_reward=14.73 | mean_coverage=86.75% | mean_broadcast=100.00% | q_loss=0.0963
    Eval -> avg_reward=18.29 | avg_final_coverage=98.85% | avg_broadcast=100.00%
    Eval -> avg_reward=18.08 | avg_final_coverage=96.99% | avg_broadcast=100.00%
[DQN] step=525 | epsilon=0.948 | mean_reward=15.19 | mean_coverage=88.87% | mean_broadcast=100.00% | q_loss=0.1111
    Eval -> avg_reward=17.92 | avg_final_coverage=96.47% | avg_broadcast=100.00%
[DQN] step=530 | epsilon=0.948 | mean_reward=15.19 | mean_coverage=88.87% | mean_broadcast=100.00% | q_loss=0.1084
    Eval -> avg_reward=17.99 | avg_final_coverage=96.63% | avg_broadcast=100.00%
[DQN] step=535 | epsilon=0.947 | mean_reward=15.19 | mean_coverage=88.87% | mean_broadcast=100.00% | q_loss=0.5579
    Eval -> avg_reward=17.25 | avg_final_coverage=95.00% | avg_broadcast=100.00%
[DQN] step=540 | epsilon=0.947 | mean_reward=15.19 | mean_coverage=88.87% | mean_broadcast=100.00% | q_loss=0.4450
    Eval -> avg_reward=17.70 | avg_final_coverage=96.71% | avg_broadcast=100.00%
    Eval -> avg_reward=17.71 | avg_final_coverage=96.00% | avg_broadcast=100.00%
[DQN] step=545 | epsilon=0.946 | mean_reward=15.19 | mean_coverage=88.87% | mean_broadcast=100.00% | q_loss=0.2514
    Eval -> avg_reward=18.19 | avg_final_coverage=96.96% | avg_broadcast=100.00%
[DQN] step=550 | epsilon=0.946 | mean_reward=14.90 | mean_coverage=88.01% | mean_broadcast=100.00% | q_loss=0.1625
    Eval -> avg_reward=19.88 | avg_final_coverage=99.65% | avg_broadcast=100.00%
[DQN] step=555 | epsilon=0.945 | mean_reward=14.90 | mean_coverage=88.01% | mean_broadcast=100.00% | q_loss=0.1084
    Eval -> avg_reward=19.16 | avg_final_coverage=99.07% | avg_broadcast=100.00%
[DQN] step=560 | epsilon=0.945 | mean_reward=14.90 | mean_coverage=88.01% | mean_broadcast=100.00% | q_loss=0.1294
    Eval -> avg_reward=18.23 | avg_final_coverage=98.85% | avg_broadcast=100.00%
    Eval -> avg_reward=18.12 | avg_final_coverage=98.40% | avg_broadcast=100.00%
[DQN] step=565 | epsilon=0.944 | mean_reward=14.90 | mean_coverage=88.01% | mean_broadcast=100.00% | q_loss=0.2689
    Eval -> avg_reward=17.61 | avg_final_coverage=96.59% | avg_broadcast=100.00%
[DQN] step=570 | epsilon=0.944 | mean_reward=14.90 | mean_coverage=88.01% | mean_broadcast=100.00% | q_loss=0.2324
    Eval -> avg_reward=17.51 | avg_final_coverage=96.31% | avg_broadcast=100.00%
[DQN] step=575 | epsilon=0.943 | mean_reward=13.96 | mean_coverage=85.25% | mean_broadcast=99.96% | q_loss=0.2920
    Eval -> avg_reward=17.72 | avg_final_coverage=96.21% | avg_broadcast=100.00%
[DQN] step=580 | epsilon=0.943 | mean_reward=13.96 | mean_coverage=85.25% | mean_broadcast=99.96% | q_loss=0.1434
    Eval -> avg_reward=17.96 | avg_final_coverage=96.60% | avg_broadcast=100.00%
    Eval -> avg_reward=18.61 | avg_final_coverage=99.18% | avg_broadcast=100.00%
[DQN] step=585 | epsilon=0.942 | mean_reward=13.96 | mean_coverage=85.25% | mean_broadcast=99.96% | q_loss=0.1340
    Eval -> avg_reward=19.14 | avg_final_coverage=99.62% | avg_broadcast=100.00%
[DQN] step=590 | epsilon=0.942 | mean_reward=13.96 | mean_coverage=85.25% | mean_broadcast=99.96% | q_loss=0.1253
    Eval -> avg_reward=18.62 | avg_final_coverage=99.40% | avg_broadcast=100.00%
[DQN] step=595 | epsilon=0.941 | mean_reward=13.96 | mean_coverage=85.25% | mean_broadcast=99.96% | q_loss=0.0795
    Eval -> avg_reward=18.32 | avg_final_coverage=99.12% | avg_broadcast=100.00%
[DQN] step=600 | epsilon=0.941 | mean_reward=14.74 | mean_coverage=87.91% | mean_broadcast=99.96% | q_loss=0.2047
    Eval -> avg_reward=18.03 | avg_final_coverage=98.18% | avg_broadcast=100.00%
    Eval -> avg_reward=18.08 | avg_final_coverage=98.63% | avg_broadcast=100.00%
[DQN] step=605 | epsilon=0.940 | mean_reward=14.74 | mean_coverage=87.91% | mean_broadcast=99.96% | q_loss=0.1165
    Eval -> avg_reward=17.89 | avg_final_coverage=98.21% | avg_broadcast=100.00%
[DQN] step=610 | epsilon=0.940 | mean_reward=14.74 | mean_coverage=87.91% | mean_broadcast=99.96% | q_loss=0.1183
    Eval -> avg_reward=17.74 | avg_final_coverage=97.51% | avg_broadcast=100.00%
[DQN] step=615 | epsilon=0.939 | mean_reward=14.74 | mean_coverage=87.91% | mean_broadcast=99.96% | q_loss=0.1249
    Eval -> avg_reward=17.93 | avg_final_coverage=98.03% | avg_broadcast=100.00%
[DQN] step=620 | epsilon=0.939 | mean_reward=14.74 | mean_coverage=87.91% | mean_broadcast=99.96% | q_loss=0.1429
    Eval -> avg_reward=17.86 | avg_final_coverage=98.00% | avg_broadcast=100.00%
    Eval -> avg_reward=18.12 | avg_final_coverage=98.49% | avg_broadcast=100.00%
[DQN] step=625 | epsilon=0.938 | mean_reward=15.09 | mean_coverage=89.15% | mean_broadcast=99.96% | q_loss=0.0784
    Eval -> avg_reward=17.98 | avg_final_coverage=98.46% | avg_broadcast=100.00%
[DQN] step=630 | epsilon=0.938 | mean_reward=15.09 | mean_coverage=89.15% | mean_broadcast=99.96% | q_loss=0.1254
    Eval -> avg_reward=17.78 | avg_final_coverage=98.21% | avg_broadcast=100.00%
[DQN] step=635 | epsilon=0.937 | mean_reward=15.09 | mean_coverage=89.15% | mean_broadcast=99.96% | q_loss=0.1219
    Eval -> avg_reward=17.20 | avg_final_coverage=96.10% | avg_broadcast=100.00%
[DQN] step=640 | epsilon=0.937 | mean_reward=15.09 | mean_coverage=89.15% | mean_broadcast=99.96% | q_loss=0.0779
    Eval -> avg_reward=16.98 | avg_final_coverage=95.50% | avg_broadcast=100.00%
    Eval -> avg_reward=16.86 | avg_final_coverage=95.21% | avg_broadcast=100.00%
[DQN] step=645 | epsilon=0.936 | mean_reward=15.09 | mean_coverage=89.15% | mean_broadcast=99.96% | q_loss=0.0549
    Eval -> avg_reward=17.68 | avg_final_coverage=97.50% | avg_broadcast=100.00%
[DQN] step=650 | epsilon=0.936 | mean_reward=15.05 | mean_coverage=88.88% | mean_broadcast=99.96% | q_loss=0.0426
    Eval -> avg_reward=17.54 | avg_final_coverage=97.46% | avg_broadcast=100.00%
[DQN] step=655 | epsilon=0.935 | mean_reward=15.05 | mean_coverage=88.88% | mean_broadcast=99.96% | q_loss=0.0669
    Eval -> avg_reward=16.90 | avg_final_coverage=94.85% | avg_broadcast=100.00%
[DQN] step=660 | epsilon=0.935 | mean_reward=15.05 | mean_coverage=88.88% | mean_broadcast=99.96% | q_loss=0.0957
    Eval -> avg_reward=17.16 | avg_final_coverage=96.19% | avg_broadcast=100.00%
    Eval -> avg_reward=17.78 | avg_final_coverage=98.71% | avg_broadcast=100.00%
[DQN] step=665 | epsilon=0.934 | mean_reward=15.05 | mean_coverage=88.88% | mean_broadcast=99.96% | q_loss=0.0638
    Eval -> avg_reward=17.33 | avg_final_coverage=96.84% | avg_broadcast=100.00%
[DQN] step=670 | epsilon=0.934 | mean_reward=15.05 | mean_coverage=88.88% | mean_broadcast=99.96% | q_loss=0.0621
    Eval -> avg_reward=16.95 | avg_final_coverage=95.94% | avg_broadcast=100.00%
[DQN] step=675 | epsilon=0.933 | mean_reward=15.96 | mean_coverage=91.87% | mean_broadcast=99.96% | q_loss=0.5328
    Eval -> avg_reward=17.16 | avg_final_coverage=96.81% | avg_broadcast=100.00%
[DQN] step=680 | epsilon=0.933 | mean_reward=15.96 | mean_coverage=91.87% | mean_broadcast=99.96% | q_loss=0.3039
    Eval -> avg_reward=14.11 | avg_final_coverage=85.03% | avg_broadcast=100.00%
    Eval -> avg_reward=16.31 | avg_final_coverage=93.44% | avg_broadcast=99.68%
[DQN] step=685 | epsilon=0.932 | mean_reward=15.96 | mean_coverage=91.87% | mean_broadcast=99.96% | q_loss=0.2334
    Eval -> avg_reward=14.41 | avg_final_coverage=86.19% | avg_broadcast=100.00%
[DQN] step=690 | epsilon=0.932 | mean_reward=15.96 | mean_coverage=91.87% | mean_broadcast=99.96% | q_loss=0.1236
    Eval -> avg_reward=17.55 | avg_final_coverage=97.47% | avg_broadcast=100.00%
[DQN] step=695 | epsilon=0.931 | mean_reward=15.96 | mean_coverage=91.87% | mean_broadcast=99.96% | q_loss=0.1315
    Eval -> avg_reward=17.17 | avg_final_coverage=95.93% | avg_broadcast=100.00%
[DQN] step=700 | epsilon=0.931 | mean_reward=16.04 | mean_coverage=91.85% | mean_broadcast=100.00% | q_loss=0.1099
    Eval -> avg_reward=18.04 | avg_final_coverage=98.96% | avg_broadcast=100.00%
    Eval -> avg_reward=17.83 | avg_final_coverage=98.41% | avg_broadcast=100.00%
[DQN] step=705 | epsilon=0.930 | mean_reward=16.04 | mean_coverage=91.85% | mean_broadcast=100.00% | q_loss=0.1184
    Eval -> avg_reward=17.96 | avg_final_coverage=98.00% | avg_broadcast=100.00%
[DQN] step=710 | epsilon=0.930 | mean_reward=16.04 | mean_coverage=91.85% | mean_broadcast=100.00% | q_loss=0.0776
    Eval -> avg_reward=17.78 | avg_final_coverage=97.22% | avg_broadcast=100.00%
[DQN] step=715 | epsilon=0.929 | mean_reward=16.04 | mean_coverage=91.85% | mean_broadcast=100.00% | q_loss=0.0900
    Eval -> avg_reward=18.18 | avg_final_coverage=98.68% | avg_broadcast=100.00%
[DQN] step=720 | epsilon=0.929 | mean_reward=16.04 | mean_coverage=91.85% | mean_broadcast=100.00% | q_loss=0.0948
    Eval -> avg_reward=18.29 | avg_final_coverage=98.57% | avg_broadcast=100.00%
    Eval -> avg_reward=18.23 | avg_final_coverage=97.97% | avg_broadcast=100.00%
[DQN] step=725 | epsilon=0.928 | mean_reward=15.94 | mean_coverage=91.75% | mean_broadcast=100.00% | q_loss=0.0413
    Eval -> avg_reward=18.00 | avg_final_coverage=97.59% | avg_broadcast=100.00%
[DQN] step=730 | epsilon=0.928 | mean_reward=15.94 | mean_coverage=91.75% | mean_broadcast=100.00% | q_loss=0.1371
    Eval -> avg_reward=17.80 | avg_final_coverage=97.56% | avg_broadcast=100.00%
[DQN] step=735 | epsilon=0.927 | mean_reward=15.94 | mean_coverage=91.75% | mean_broadcast=100.00% | q_loss=0.1434
    Eval -> avg_reward=17.69 | avg_final_coverage=97.47% | avg_broadcast=100.00%
[DQN] step=740 | epsilon=0.927 | mean_reward=15.94 | mean_coverage=91.75% | mean_broadcast=100.00% | q_loss=0.0464
    Eval -> avg_reward=17.29 | avg_final_coverage=96.06% | avg_broadcast=100.00%
    Eval -> avg_reward=17.32 | avg_final_coverage=95.85% | avg_broadcast=100.00%
[DQN] step=745 | epsilon=0.926 | mean_reward=15.94 | mean_coverage=91.75% | mean_broadcast=100.00% | q_loss=0.0545
    Eval -> avg_reward=17.70 | avg_final_coverage=97.15% | avg_broadcast=100.00%
[DQN] step=750 | epsilon=0.926 | mean_reward=15.69 | mean_coverage=91.00% | mean_broadcast=100.00% | q_loss=0.0570
    Eval -> avg_reward=17.19 | avg_final_coverage=95.53% | avg_broadcast=100.00%
[DQN] step=755 | epsilon=0.925 | mean_reward=15.69 | mean_coverage=91.00% | mean_broadcast=100.00% | q_loss=0.0613
    Eval -> avg_reward=17.07 | avg_final_coverage=95.82% | avg_broadcast=100.00%
[DQN] step=760 | epsilon=0.925 | mean_reward=15.69 | mean_coverage=91.00% | mean_broadcast=100.00% | q_loss=0.1356
    Eval -> avg_reward=17.78 | avg_final_coverage=97.88% | avg_broadcast=100.00%
    Eval -> avg_reward=17.52 | avg_final_coverage=97.56% | avg_broadcast=100.00%
[DQN] step=765 | epsilon=0.924 | mean_reward=15.69 | mean_coverage=91.00% | mean_broadcast=100.00% | q_loss=0.1626
    Eval -> avg_reward=17.74 | avg_final_coverage=98.34% | avg_broadcast=100.00%
[DQN] step=770 | epsilon=0.924 | mean_reward=15.69 | mean_coverage=91.00% | mean_broadcast=100.00% | q_loss=0.2129
    Eval -> avg_reward=17.06 | avg_final_coverage=96.22% | avg_broadcast=100.00%
[DQN] step=775 | epsilon=0.923 | mean_reward=15.51 | mean_coverage=90.44% | mean_broadcast=100.00% | q_loss=0.2229
    Eval -> avg_reward=17.68 | avg_final_coverage=98.38% | avg_broadcast=100.00%
[DQN] step=780 | epsilon=0.923 | mean_reward=15.51 | mean_coverage=90.44% | mean_broadcast=100.00% | q_loss=0.2586
    Eval -> avg_reward=17.36 | avg_final_coverage=98.10% | avg_broadcast=100.00%
    Eval -> avg_reward=17.58 | avg_final_coverage=98.32% | avg_broadcast=100.00%
[DQN] step=785 | epsilon=0.922 | mean_reward=15.51 | mean_coverage=90.44% | mean_broadcast=100.00% | q_loss=0.2977
    Eval -> avg_reward=17.47 | avg_final_coverage=97.54% | avg_broadcast=100.00%
[DQN] step=790 | epsilon=0.922 | mean_reward=15.51 | mean_coverage=90.44% | mean_broadcast=100.00% | q_loss=0.5181
    Eval -> avg_reward=17.85 | avg_final_coverage=98.78% | avg_broadcast=100.00%
[DQN] step=795 | epsilon=0.921 | mean_reward=15.51 | mean_coverage=90.44% | mean_broadcast=100.00% | q_loss=0.7960
    Eval -> avg_reward=18.19 | avg_final_coverage=99.59% | avg_broadcast=100.00%
[DQN] step=800 | epsilon=0.921 | mean_reward=14.68 | mean_coverage=87.21% | mean_broadcast=100.00% | q_loss=1.6835
    Eval -> avg_reward=17.34 | avg_final_coverage=97.09% | avg_broadcast=100.00%
    Eval -> avg_reward=17.24 | avg_final_coverage=97.57% | avg_broadcast=100.00%
[DQN] step=805 | epsilon=0.920 | mean_reward=14.68 | mean_coverage=87.21% | mean_broadcast=100.00% | q_loss=0.9031
    Eval -> avg_reward=18.10 | avg_final_coverage=98.66% | avg_broadcast=100.00%
[DQN] step=810 | epsilon=0.920 | mean_reward=14.68 | mean_coverage=87.21% | mean_broadcast=100.00% | q_loss=0.6334
    Eval -> avg_reward=18.02 | avg_final_coverage=98.88% | avg_broadcast=100.00%
[DQN] step=815 | epsilon=0.919 | mean_reward=14.68 | mean_coverage=87.21% | mean_broadcast=100.00% | q_loss=0.5474
    Eval -> avg_reward=18.30 | avg_final_coverage=98.34% | avg_broadcast=100.00%
[DQN] step=820 | epsilon=0.919 | mean_reward=14.68 | mean_coverage=87.21% | mean_broadcast=100.00% | q_loss=0.6318
    Eval -> avg_reward=18.18 | avg_final_coverage=98.65% | avg_broadcast=100.00%
    Eval -> avg_reward=18.16 | avg_final_coverage=98.85% | avg_broadcast=100.00%
[DQN] step=825 | epsilon=0.918 | mean_reward=15.53 | mean_coverage=90.44% | mean_broadcast=99.99% | q_loss=0.8175
    Eval -> avg_reward=18.09 | avg_final_coverage=99.68% | avg_broadcast=100.00%
[DQN] step=830 | epsilon=0.918 | mean_reward=15.53 | mean_coverage=90.44% | mean_broadcast=99.99% | q_loss=0.4060
    Eval -> avg_reward=18.93 | avg_final_coverage=99.75% | avg_broadcast=100.00%
[DQN] step=835 | epsilon=0.917 | mean_reward=15.53 | mean_coverage=90.44% | mean_broadcast=99.99% | q_loss=0.3807
    Eval -> avg_reward=18.15 | avg_final_coverage=99.60% | avg_broadcast=100.00%
[DQN] step=840 | epsilon=0.917 | mean_reward=15.53 | mean_coverage=90.44% | mean_broadcast=99.99% | q_loss=0.3976
    Eval -> avg_reward=17.88 | avg_final_coverage=98.09% | avg_broadcast=100.00%
    Eval -> avg_reward=18.97 | avg_final_coverage=99.75% | avg_broadcast=100.00%
[DQN] step=845 | epsilon=0.916 | mean_reward=15.53 | mean_coverage=90.44% | mean_broadcast=99.99% | q_loss=0.3649
    Eval -> avg_reward=19.00 | avg_final_coverage=99.76% | avg_broadcast=100.00%
[DQN] step=850 | epsilon=0.916 | mean_reward=15.14 | mean_coverage=88.62% | mean_broadcast=99.99% | q_loss=0.2111
    Eval -> avg_reward=19.17 | avg_final_coverage=99.78% | avg_broadcast=100.00%
[DQN] step=855 | epsilon=0.915 | mean_reward=15.14 | mean_coverage=88.62% | mean_broadcast=99.99% | q_loss=0.2700
    Eval -> avg_reward=18.05 | avg_final_coverage=97.72% | avg_broadcast=100.00%
[DQN] step=860 | epsilon=0.915 | mean_reward=15.14 | mean_coverage=88.62% | mean_broadcast=99.99% | q_loss=0.3660
    Eval -> avg_reward=18.11 | avg_final_coverage=97.66% | avg_broadcast=100.00%
    Eval -> avg_reward=18.15 | avg_final_coverage=97.85% | avg_broadcast=100.00%
[DQN] step=865 | epsilon=0.914 | mean_reward=15.14 | mean_coverage=88.62% | mean_broadcast=99.99% | q_loss=0.1846
    Eval -> avg_reward=18.05 | avg_final_coverage=98.19% | avg_broadcast=100.00%
[DQN] step=870 | epsilon=0.914 | mean_reward=15.14 | mean_coverage=88.62% | mean_broadcast=99.99% | q_loss=0.6499
    Eval -> avg_reward=17.71 | avg_final_coverage=98.09% | avg_broadcast=100.00%
[DQN] step=875 | epsilon=0.914 | mean_reward=14.78 | mean_coverage=87.41% | mean_broadcast=99.99% | q_loss=0.3239
    Eval -> avg_reward=17.95 | avg_final_coverage=98.15% | avg_broadcast=100.00%
[DQN] step=880 | epsilon=0.913 | mean_reward=14.78 | mean_coverage=87.41% | mean_broadcast=99.99% | q_loss=0.3760
    Eval -> avg_reward=18.94 | avg_final_coverage=99.87% | avg_broadcast=100.00%
    Eval -> avg_reward=18.99 | avg_final_coverage=99.03% | avg_broadcast=100.00%
[DQN] step=885 | epsilon=0.913 | mean_reward=14.78 | mean_coverage=87.41% | mean_broadcast=99.99% | q_loss=0.2314
    Eval -> avg_reward=19.47 | avg_final_coverage=99.43% | avg_broadcast=100.00%
[DQN] step=890 | epsilon=0.912 | mean_reward=14.78 | mean_coverage=87.41% | mean_broadcast=99.99% | q_loss=0.2124
    Eval -> avg_reward=19.09 | avg_final_coverage=99.79% | avg_broadcast=100.00%
[DQN] step=895 | epsilon=0.912 | mean_reward=14.78 | mean_coverage=87.41% | mean_broadcast=99.99% | q_loss=0.2613
    Eval -> avg_reward=19.73 | avg_final_coverage=99.84% | avg_broadcast=100.00%
[DQN] step=900 | epsilon=0.911 | mean_reward=15.42 | mean_coverage=89.26% | mean_broadcast=99.99% | q_loss=0.1853
    Eval -> avg_reward=18.89 | avg_final_coverage=99.82% | avg_broadcast=100.00%
    Eval -> avg_reward=18.32 | avg_final_coverage=99.65% | avg_broadcast=100.00%
[DQN] step=905 | epsilon=0.911 | mean_reward=15.42 | mean_coverage=89.26% | mean_broadcast=99.99% | q_loss=0.1415
    Eval -> avg_reward=18.76 | avg_final_coverage=99.54% | avg_broadcast=100.00%
[DQN] step=910 | epsilon=0.910 | mean_reward=15.42 | mean_coverage=89.26% | mean_broadcast=99.99% | q_loss=0.1787
    Eval -> avg_reward=18.32 | avg_final_coverage=99.07% | avg_broadcast=100.00%
[DQN] step=915 | epsilon=0.910 | mean_reward=15.42 | mean_coverage=89.26% | mean_broadcast=99.99% | q_loss=0.1039
    Eval -> avg_reward=17.74 | avg_final_coverage=97.24% | avg_broadcast=100.00%
[DQN] step=920 | epsilon=0.909 | mean_reward=15.42 | mean_coverage=89.26% | mean_broadcast=99.99% | q_loss=0.0798
    Eval -> avg_reward=17.83 | avg_final_coverage=98.78% | avg_broadcast=100.00%
    Eval -> avg_reward=17.68 | avg_final_coverage=98.71% | avg_broadcast=100.00%
[DQN] step=925 | epsilon=0.909 | mean_reward=15.15 | mean_coverage=88.65% | mean_broadcast=99.99% | q_loss=0.0724
    Eval -> avg_reward=16.65 | avg_final_coverage=94.44% | avg_broadcast=100.00%
[DQN] step=930 | epsilon=0.908 | mean_reward=15.15 | mean_coverage=88.65% | mean_broadcast=99.99% | q_loss=0.4368
    Eval -> avg_reward=16.16 | avg_final_coverage=92.25% | avg_broadcast=100.00%
[DQN] step=935 | epsilon=0.908 | mean_reward=15.15 | mean_coverage=88.65% | mean_broadcast=99.99% | q_loss=0.2604
    Eval -> avg_reward=16.89 | avg_final_coverage=94.60% | avg_broadcast=100.00%
[DQN] step=940 | epsilon=0.907 | mean_reward=15.15 | mean_coverage=88.65% | mean_broadcast=99.99% | q_loss=0.2532
    Eval -> avg_reward=17.45 | avg_final_coverage=96.43% | avg_broadcast=100.00%
    Eval -> avg_reward=17.69 | avg_final_coverage=97.51% | avg_broadcast=100.00%
[DQN] step=945 | epsilon=0.907 | mean_reward=15.15 | mean_coverage=88.65% | mean_broadcast=99.99% | q_loss=0.2318
    Eval -> avg_reward=17.44 | avg_final_coverage=97.53% | avg_broadcast=100.00%
[DQN] step=950 | epsilon=0.906 | mean_reward=14.49 | mean_coverage=86.04% | mean_broadcast=100.00% | q_loss=0.1328
    Eval -> avg_reward=17.31 | avg_final_coverage=97.04% | avg_broadcast=100.00%
[DQN] step=955 | epsilon=0.906 | mean_reward=14.49 | mean_coverage=86.04% | mean_broadcast=100.00% | q_loss=0.1245
    Eval -> avg_reward=17.37 | avg_final_coverage=97.29% | avg_broadcast=100.00%
[DQN] step=960 | epsilon=0.905 | mean_reward=14.49 | mean_coverage=86.04% | mean_broadcast=100.00% | q_loss=0.6934
    Eval -> avg_reward=17.93 | avg_final_coverage=98.31% | avg_broadcast=100.00%
    Eval -> avg_reward=17.44 | avg_final_coverage=98.56% | avg_broadcast=100.00%
[DQN] step=965 | epsilon=0.905 | mean_reward=14.49 | mean_coverage=86.04% | mean_broadcast=100.00% | q_loss=0.8391
    Eval -> avg_reward=17.59 | avg_final_coverage=98.57% | avg_broadcast=100.00%
[DQN] step=970 | epsilon=0.904 | mean_reward=14.49 | mean_coverage=86.04% | mean_broadcast=100.00% | q_loss=1.9821
    Eval -> avg_reward=17.69 | avg_final_coverage=99.51% | avg_broadcast=100.00%
[DQN] step=975 | epsilon=0.904 | mean_reward=14.24 | mean_coverage=85.16% | mean_broadcast=100.00% | q_loss=0.8253
    Eval -> avg_reward=16.07 | avg_final_coverage=94.93% | avg_broadcast=100.00%
[DQN] step=980 | epsilon=0.903 | mean_reward=14.24 | mean_coverage=85.16% | mean_broadcast=100.00% | q_loss=0.9916
    Eval -> avg_reward=17.73 | avg_final_coverage=99.62% | avg_broadcast=100.00%
    Eval -> avg_reward=17.90 | avg_final_coverage=98.22% | avg_broadcast=100.00%
[DQN] step=985 | epsilon=0.903 | mean_reward=14.24 | mean_coverage=85.16% | mean_broadcast=100.00% | q_loss=0.3923
    Eval -> avg_reward=17.89 | avg_final_coverage=98.59% | avg_broadcast=100.00%
[DQN] step=990 | epsilon=0.902 | mean_reward=14.24 | mean_coverage=85.16% | mean_broadcast=100.00% | q_loss=0.3822
    Eval -> avg_reward=18.19 | avg_final_coverage=99.04% | avg_broadcast=100.00%
[DQN] step=995 | epsilon=0.902 | mean_reward=14.24 | mean_coverage=85.16% | mean_broadcast=100.00% | q_loss=1.6426
    Eval -> avg_reward=17.38 | avg_final_coverage=97.22% | avg_broadcast=100.00%
[DQN] step=1000 | epsilon=0.901 | mean_reward=14.67 | mean_coverage=86.38% | mean_broadcast=100.00% | q_loss=2.2318
    Eval -> avg_reward=17.82 | avg_final_coverage=98.71% | avg_broadcast=100.00%
    Eval -> avg_reward=18.09 | avg_final_coverage=98.81% | avg_broadcast=100.00%
[DQN] step=1005 | epsilon=0.901 | mean_reward=14.67 | mean_coverage=86.38% | mean_broadcast=100.00% | q_loss=2.8805
    Eval -> avg_reward=17.55 | avg_final_coverage=97.40% | avg_broadcast=100.00%
[DQN] step=1010 | epsilon=0.900 | mean_reward=14.67 | mean_coverage=86.38% | mean_broadcast=100.00% | q_loss=2.4723
    Eval -> avg_reward=16.59 | avg_final_coverage=95.74% | avg_broadcast=100.00%
[DQN] step=1015 | epsilon=0.900 | mean_reward=14.67 | mean_coverage=86.38% | mean_broadcast=100.00% | q_loss=1.8049
    Eval -> avg_reward=16.34 | avg_final_coverage=94.25% | avg_broadcast=100.00%
[DQN] step=1020 | epsilon=0.899 | mean_reward=14.67 | mean_coverage=86.38% | mean_broadcast=100.00% | q_loss=1.2316
    Eval -> avg_reward=16.51 | avg_final_coverage=94.62% | avg_broadcast=100.00%
    Eval -> avg_reward=15.70 | avg_final_coverage=90.97% | avg_broadcast=100.00%
[DQN] step=1025 | epsilon=0.899 | mean_reward=13.84 | mean_coverage=83.78% | mean_broadcast=100.00% | q_loss=1.2745
    Eval -> avg_reward=12.74 | avg_final_coverage=79.53% | avg_broadcast=100.00%
[DQN] step=1030 | epsilon=0.898 | mean_reward=13.84 | mean_coverage=83.78% | mean_broadcast=100.00% | q_loss=1.1270
    Eval -> avg_reward=14.04 | avg_final_coverage=83.07% | avg_broadcast=100.00%
[DQN] step=1035 | epsilon=0.898 | mean_reward=13.84 | mean_coverage=83.78% | mean_broadcast=100.00% | q_loss=2.2575
    Eval -> avg_reward=12.79 | avg_final_coverage=79.19% | avg_broadcast=100.00%
[DQN] step=1040 | epsilon=0.897 | mean_reward=13.84 | mean_coverage=83.78% | mean_broadcast=100.00% | q_loss=1.7490
    Eval -> avg_reward=17.11 | avg_final_coverage=95.88% | avg_broadcast=100.00%
    Eval -> avg_reward=17.90 | avg_final_coverage=98.79% | avg_broadcast=100.00%
[DQN] step=1045 | epsilon=0.897 | mean_reward=13.84 | mean_coverage=83.78% | mean_broadcast=100.00% | q_loss=2.9782
    Eval -> avg_reward=18.25 | avg_final_coverage=98.78% | avg_broadcast=100.00%
[DQN] step=1050 | epsilon=0.896 | mean_reward=14.46 | mean_coverage=85.47% | mean_broadcast=100.00% | q_loss=2.4058
    Eval -> avg_reward=19.81 | avg_final_coverage=99.93% | avg_broadcast=100.00%
[DQN] step=1055 | epsilon=0.896 | mean_reward=14.46 | mean_coverage=85.47% | mean_broadcast=100.00% | q_loss=0.8588
    Eval -> avg_reward=18.74 | avg_final_coverage=99.69% | avg_broadcast=100.00%
[DQN] step=1060 | epsilon=0.895 | mean_reward=14.46 | mean_coverage=85.47% | mean_broadcast=100.00% | q_loss=0.8245
    Eval -> avg_reward=20.33 | avg_final_coverage=99.96% | avg_broadcast=100.00%
    Eval -> avg_reward=20.22 | avg_final_coverage=99.96% | avg_broadcast=100.00%
[DQN] step=1065 | epsilon=0.895 | mean_reward=14.46 | mean_coverage=85.47% | mean_broadcast=100.00% | q_loss=0.4764
    Eval -> avg_reward=19.57 | avg_final_coverage=99.91% | avg_broadcast=100.00%
[DQN] step=1070 | epsilon=0.894 | mean_reward=14.46 | mean_coverage=85.47% | mean_broadcast=100.00% | q_loss=0.3904
    Eval -> avg_reward=20.36 | avg_final_coverage=99.93% | avg_broadcast=100.00%
[DQN] step=1075 | epsilon=0.894 | mean_reward=13.85 | mean_coverage=83.32% | mean_broadcast=100.00% | q_loss=0.2998
    Eval -> avg_reward=19.16 | avg_final_coverage=99.84% | avg_broadcast=100.00%
[DQN] step=1080 | epsilon=0.893 | mean_reward=13.85 | mean_coverage=83.32% | mean_broadcast=100.00% | q_loss=0.2379
    Eval -> avg_reward=17.25 | avg_final_coverage=95.29% | avg_broadcast=100.00%
    Eval -> avg_reward=17.44 | avg_final_coverage=95.47% | avg_broadcast=100.00%
[DQN] step=1085 | epsilon=0.893 | mean_reward=13.85 | mean_coverage=83.32% | mean_broadcast=100.00% | q_loss=0.2700
    Eval -> avg_reward=17.90 | avg_final_coverage=97.65% | avg_broadcast=100.00%
[DQN] step=1090 | epsilon=0.892 | mean_reward=13.85 | mean_coverage=83.32% | mean_broadcast=100.00% | q_loss=0.2719
    Eval -> avg_reward=18.37 | avg_final_coverage=99.32% | avg_broadcast=100.00%
[DQN] step=1095 | epsilon=0.892 | mean_reward=13.85 | mean_coverage=83.32% | mean_broadcast=100.00% | q_loss=1.4413
    Eval -> avg_reward=18.28 | avg_final_coverage=99.19% | avg_broadcast=100.00%
[DQN] step=1100 | epsilon=0.891 | mean_reward=13.62 | mean_coverage=82.32% | mean_broadcast=100.00% | q_loss=0.7738
    Eval -> avg_reward=17.87 | avg_final_coverage=98.76% | avg_broadcast=100.00%
    Eval -> avg_reward=19.60 | avg_final_coverage=99.91% | avg_broadcast=100.00%
[DQN] step=1105 | epsilon=0.891 | mean_reward=13.62 | mean_coverage=82.32% | mean_broadcast=100.00% | q_loss=1.1128
    Eval -> avg_reward=19.51 | avg_final_coverage=99.90% | avg_broadcast=100.00%
[DQN] step=1110 | epsilon=0.890 | mean_reward=13.62 | mean_coverage=82.32% | mean_broadcast=100.00% | q_loss=0.3781
    Eval -> avg_reward=17.95 | avg_final_coverage=95.66% | avg_broadcast=100.00%
[DQN] step=1115 | epsilon=0.890 | mean_reward=13.62 | mean_coverage=82.32% | mean_broadcast=100.00% | q_loss=0.7120
    Eval -> avg_reward=16.66 | avg_final_coverage=92.31% | avg_broadcast=100.00%
[DQN] step=1120 | epsilon=0.889 | mean_reward=13.62 | mean_coverage=82.32% | mean_broadcast=100.00% | q_loss=0.3336
    Eval -> avg_reward=16.42 | avg_final_coverage=90.66% | avg_broadcast=100.00%
    Eval -> avg_reward=18.61 | avg_final_coverage=99.78% | avg_broadcast=100.00%
[DQN] step=1125 | epsilon=0.889 | mean_reward=13.45 | mean_coverage=81.57% | mean_broadcast=100.00% | q_loss=0.5370
    Eval -> avg_reward=19.21 | avg_final_coverage=99.87% | avg_broadcast=100.00%
[DQN] step=1130 | epsilon=0.888 | mean_reward=13.45 | mean_coverage=81.57% | mean_broadcast=100.00% | q_loss=0.8038
    Eval -> avg_reward=16.46 | avg_final_coverage=93.38% | avg_broadcast=100.00%
[DQN] step=1135 | epsilon=0.888 | mean_reward=13.45 | mean_coverage=81.57% | mean_broadcast=100.00% | q_loss=0.3944
    Eval -> avg_reward=18.59 | avg_final_coverage=99.53% | avg_broadcast=100.00%
[DQN] step=1140 | epsilon=0.887 | mean_reward=13.45 | mean_coverage=81.57% | mean_broadcast=100.00% | q_loss=0.3553
    Eval -> avg_reward=16.60 | avg_final_coverage=91.07% | avg_broadcast=100.00%
    Eval -> avg_reward=18.45 | avg_final_coverage=96.25% | avg_broadcast=100.00%
[DQN] step=1145 | epsilon=0.887 | mean_reward=13.45 | mean_coverage=81.57% | mean_broadcast=100.00% | q_loss=0.2257
    Eval -> avg_reward=16.01 | avg_final_coverage=89.38% | avg_broadcast=100.00%
[DQN] step=1150 | epsilon=0.886 | mean_reward=13.57 | mean_coverage=81.75% | mean_broadcast=100.00% | q_loss=0.5523
    Eval -> avg_reward=15.25 | avg_final_coverage=87.03% | avg_broadcast=100.00%
[DQN] step=1155 | epsilon=0.886 | mean_reward=13.57 | mean_coverage=81.75% | mean_broadcast=100.00% | q_loss=0.8939
    Eval -> avg_reward=16.91 | avg_final_coverage=94.60% | avg_broadcast=99.90%
[DQN] step=1160 | epsilon=0.885 | mean_reward=13.57 | mean_coverage=81.75% | mean_broadcast=100.00% | q_loss=1.1283
    Eval -> avg_reward=20.34 | avg_final_coverage=99.93% | avg_broadcast=100.00%
    Eval -> avg_reward=18.82 | avg_final_coverage=99.85% | avg_broadcast=100.00%
[DQN] step=1165 | epsilon=0.885 | mean_reward=13.57 | mean_coverage=81.75% | mean_broadcast=100.00% | q_loss=0.8038
    Eval -> avg_reward=18.32 | avg_final_coverage=99.79% | avg_broadcast=100.00%
[DQN] step=1170 | epsilon=0.884 | mean_reward=13.57 | mean_coverage=81.75% | mean_broadcast=100.00% | q_loss=1.2416
    Eval -> avg_reward=20.23 | avg_final_coverage=99.91% | avg_broadcast=100.00%
[DQN] step=1175 | epsilon=0.884 | mean_reward=13.07 | mean_coverage=80.29% | mean_broadcast=100.00% | q_loss=0.5666
    Eval -> avg_reward=17.74 | avg_final_coverage=97.87% | avg_broadcast=100.00%
[DQN] step=1180 | epsilon=0.883 | mean_reward=13.07 | mean_coverage=80.29% | mean_broadcast=100.00% | q_loss=0.5709
    Eval -> avg_reward=18.06 | avg_final_coverage=98.63% | avg_broadcast=100.00%
    Eval -> avg_reward=18.23 | avg_final_coverage=98.84% | avg_broadcast=100.00%
[DQN] step=1185 | epsilon=0.883 | mean_reward=13.07 | mean_coverage=80.29% | mean_broadcast=100.00% | q_loss=0.6910
    Eval -> avg_reward=18.27 | avg_final_coverage=98.96% | avg_broadcast=100.00%
[DQN] step=1190 | epsilon=0.882 | mean_reward=13.07 | mean_coverage=80.29% | mean_broadcast=100.00% | q_loss=0.4993
    Eval -> avg_reward=17.65 | avg_final_coverage=95.91% | avg_broadcast=100.00%
[DQN] step=1195 | epsilon=0.882 | mean_reward=13.07 | mean_coverage=80.29% | mean_broadcast=100.00% | q_loss=0.3588
    Eval -> avg_reward=18.39 | avg_final_coverage=99.49% | avg_broadcast=100.00%
[DQN] step=1200 | epsilon=0.881 | mean_reward=13.54 | mean_coverage=81.54% | mean_broadcast=100.00% | q_loss=0.3678
    Eval -> avg_reward=18.51 | avg_final_coverage=99.46% | avg_broadcast=100.00%
    Eval -> avg_reward=16.12 | avg_final_coverage=90.10% | avg_broadcast=100.00%
[DQN] step=1205 | epsilon=0.881 | mean_reward=13.54 | mean_coverage=81.54% | mean_broadcast=100.00% | q_loss=0.3512
    Eval -> avg_reward=18.25 | avg_final_coverage=98.53% | avg_broadcast=100.00%
[DQN] step=1210 | epsilon=0.880 | mean_reward=13.54 | mean_coverage=81.54% | mean_broadcast=100.00% | q_loss=0.3054
    Eval -> avg_reward=18.69 | avg_final_coverage=99.09% | avg_broadcast=100.00%
[DQN] step=1215 | epsilon=0.880 | mean_reward=13.54 | mean_coverage=81.54% | mean_broadcast=100.00% | q_loss=0.2198
    Eval -> avg_reward=18.64 | avg_final_coverage=99.54% | avg_broadcast=100.00%
[DQN] step=1220 | epsilon=0.879 | mean_reward=13.54 | mean_coverage=81.54% | mean_broadcast=100.00% | q_loss=0.2774
    Eval -> avg_reward=18.48 | avg_final_coverage=99.06% | avg_broadcast=100.00%
    Eval -> avg_reward=18.54 | avg_final_coverage=99.59% | avg_broadcast=100.00%
[DQN] step=1225 | epsilon=0.879 | mean_reward=14.62 | mean_coverage=85.59% | mean_broadcast=100.00% | q_loss=0.2298
    Eval -> avg_reward=17.49 | avg_final_coverage=95.50% | avg_broadcast=100.00%
[DQN] step=1230 | epsilon=0.878 | mean_reward=14.62 | mean_coverage=85.59% | mean_broadcast=100.00% | q_loss=0.3562
    Eval -> avg_reward=16.97 | avg_final_coverage=93.97% | avg_broadcast=100.00%
[DQN] step=1235 | epsilon=0.878 | mean_reward=14.62 | mean_coverage=85.59% | mean_broadcast=100.00% | q_loss=0.2977
    Eval -> avg_reward=17.13 | avg_final_coverage=94.22% | avg_broadcast=100.00%
[DQN] step=1240 | epsilon=0.877 | mean_reward=14.62 | mean_coverage=85.59% | mean_broadcast=100.00% | q_loss=0.3772
    Eval -> avg_reward=17.40 | avg_final_coverage=94.69% | avg_broadcast=100.00%
    Eval -> avg_reward=16.97 | avg_final_coverage=92.82% | avg_broadcast=100.00%
[DQN] step=1245 | epsilon=0.877 | mean_reward=14.62 | mean_coverage=85.59% | mean_broadcast=100.00% | q_loss=0.8809
    Eval -> avg_reward=17.73 | avg_final_coverage=95.32% | avg_broadcast=100.00%
[DQN] step=1250 | epsilon=0.876 | mean_reward=14.70 | mean_coverage=86.12% | mean_broadcast=100.00% | q_loss=0.7244
    Eval -> avg_reward=16.08 | avg_final_coverage=90.35% | avg_broadcast=100.00%
[DQN] step=1255 | epsilon=0.876 | mean_reward=14.70 | mean_coverage=86.12% | mean_broadcast=100.00% | q_loss=0.6045
    Eval -> avg_reward=17.72 | avg_final_coverage=98.57% | avg_broadcast=100.00%
[DQN] step=1260 | epsilon=0.875 | mean_reward=14.70 | mean_coverage=86.12% | mean_broadcast=100.00% | q_loss=0.5558
    Eval -> avg_reward=17.88 | avg_final_coverage=99.40% | avg_broadcast=100.00%
    Eval -> avg_reward=17.77 | avg_final_coverage=98.34% | avg_broadcast=100.00%
[DQN] step=1265 | epsilon=0.875 | mean_reward=14.70 | mean_coverage=86.12% | mean_broadcast=100.00% | q_loss=0.3785
    Eval -> avg_reward=17.22 | avg_final_coverage=95.51% | avg_broadcast=100.00%
[DQN] step=1270 | epsilon=0.874 | mean_reward=14.70 | mean_coverage=86.12% | mean_broadcast=100.00% | q_loss=0.3032
    Eval -> avg_reward=18.49 | avg_final_coverage=99.16% | avg_broadcast=100.00%
[DQN] step=1275 | epsilon=0.874 | mean_reward=14.65 | mean_coverage=85.85% | mean_broadcast=100.00% | q_loss=0.2337
    Eval -> avg_reward=18.52 | avg_final_coverage=99.28% | avg_broadcast=100.00%
[DQN] step=1280 | epsilon=0.873 | mean_reward=14.65 | mean_coverage=85.85% | mean_broadcast=100.00% | q_loss=0.1967
    Eval -> avg_reward=18.82 | avg_final_coverage=99.51% | avg_broadcast=100.00%
    Eval -> avg_reward=16.82 | avg_final_coverage=92.82% | avg_broadcast=100.00%
[DQN] step=1285 | epsilon=0.873 | mean_reward=14.65 | mean_coverage=85.85% | mean_broadcast=100.00% | q_loss=0.2779
    Eval -> avg_reward=17.05 | avg_final_coverage=93.51% | avg_broadcast=100.00%
[DQN] step=1290 | epsilon=0.872 | mean_reward=14.65 | mean_coverage=85.85% | mean_broadcast=100.00% | q_loss=0.2841
    Eval -> avg_reward=17.45 | avg_final_coverage=95.13% | avg_broadcast=100.00%
[DQN] step=1295 | epsilon=0.872 | mean_reward=14.65 | mean_coverage=85.85% | mean_broadcast=100.00% | q_loss=0.2303
    Eval -> avg_reward=16.91 | avg_final_coverage=93.00% | avg_broadcast=100.00%
[DQN] step=1300 | epsilon=0.871 | mean_reward=14.67 | mean_coverage=85.91% | mean_broadcast=100.00% | q_loss=0.1617
    Eval -> avg_reward=16.45 | avg_final_coverage=90.59% | avg_broadcast=100.00%
    Eval -> avg_reward=18.21 | avg_final_coverage=98.62% | avg_broadcast=100.00%
[DQN] step=1305 | epsilon=0.871 | mean_reward=14.67 | mean_coverage=85.91% | mean_broadcast=100.00% | q_loss=0.1860
    Eval -> avg_reward=18.25 | avg_final_coverage=99.07% | avg_broadcast=100.00%
[DQN] step=1310 | epsilon=0.870 | mean_reward=14.67 | mean_coverage=85.91% | mean_broadcast=100.00% | q_loss=0.8433
    Eval -> avg_reward=18.20 | avg_final_coverage=98.96% | avg_broadcast=100.00%
[DQN] step=1315 | epsilon=0.870 | mean_reward=14.67 | mean_coverage=85.91% | mean_broadcast=100.00% | q_loss=0.7068
    Eval -> avg_reward=17.73 | avg_final_coverage=95.35% | avg_broadcast=100.00%
[DQN] step=1320 | epsilon=0.869 | mean_reward=14.67 | mean_coverage=85.91% | mean_broadcast=100.00% | q_loss=0.7356
    Eval -> avg_reward=18.42 | avg_final_coverage=98.69% | avg_broadcast=100.00%
    Eval -> avg_reward=18.37 | avg_final_coverage=99.71% | avg_broadcast=100.00%
[DQN] step=1325 | epsilon=0.869 | mean_reward=14.46 | mean_coverage=85.28% | mean_broadcast=100.00% | q_loss=0.3303
    Eval -> avg_reward=18.46 | avg_final_coverage=99.74% | avg_broadcast=100.00%
[DQN] step=1330 | epsilon=0.868 | mean_reward=14.46 | mean_coverage=85.28% | mean_broadcast=100.00% | q_loss=0.6040
    Eval -> avg_reward=18.34 | avg_final_coverage=99.09% | avg_broadcast=100.00%
[DQN] step=1335 | epsilon=0.868 | mean_reward=14.46 | mean_coverage=85.28% | mean_broadcast=100.00% | q_loss=0.4721
    Eval -> avg_reward=18.12 | avg_final_coverage=98.43% | avg_broadcast=100.00%
[DQN] step=1340 | epsilon=0.867 | mean_reward=14.46 | mean_coverage=85.28% | mean_broadcast=100.00% | q_loss=0.3591
    Eval -> avg_reward=18.17 | avg_final_coverage=98.53% | avg_broadcast=100.00%
    Eval -> avg_reward=18.17 | avg_final_coverage=98.26% | avg_broadcast=100.00%
[DQN] step=1345 | epsilon=0.867 | mean_reward=14.46 | mean_coverage=85.28% | mean_broadcast=100.00% | q_loss=0.5115
    Eval -> avg_reward=18.24 | avg_final_coverage=98.35% | avg_broadcast=100.00%
[DQN] step=1350 | epsilon=0.867 | mean_reward=14.06 | mean_coverage=83.59% | mean_broadcast=100.00% | q_loss=0.3649
    Eval -> avg_reward=17.49 | avg_final_coverage=96.46% | avg_broadcast=100.00%
[DQN] step=1355 | epsilon=0.866 | mean_reward=14.06 | mean_coverage=83.59% | mean_broadcast=100.00% | q_loss=0.5702
    Eval -> avg_reward=17.55 | avg_final_coverage=96.74% | avg_broadcast=100.00%
[DQN] step=1360 | epsilon=0.866 | mean_reward=14.06 | mean_coverage=83.59% | mean_broadcast=100.00% | q_loss=0.5979
    Eval -> avg_reward=15.30 | avg_final_coverage=87.16% | avg_broadcast=100.00%
    Eval -> avg_reward=17.45 | avg_final_coverage=96.24% | avg_broadcast=100.00%
[DQN] step=1365 | epsilon=0.865 | mean_reward=14.06 | mean_coverage=83.59% | mean_broadcast=100.00% | q_loss=0.4146
    Eval -> avg_reward=17.95 | avg_final_coverage=98.75% | avg_broadcast=100.00%
[DQN] step=1370 | epsilon=0.865 | mean_reward=14.06 | mean_coverage=83.59% | mean_broadcast=100.00% | q_loss=0.3429
    Eval -> avg_reward=17.22 | avg_final_coverage=96.74% | avg_broadcast=100.00%
[DQN] step=1375 | epsilon=0.864 | mean_reward=13.45 | mean_coverage=81.10% | mean_broadcast=99.93% | q_loss=0.4521
    Eval -> avg_reward=17.96 | avg_final_coverage=99.06% | avg_broadcast=100.00%
[DQN] step=1380 | epsilon=0.864 | mean_reward=13.45 | mean_coverage=81.10% | mean_broadcast=99.93% | q_loss=0.3105
    Eval -> avg_reward=17.96 | avg_final_coverage=98.82% | avg_broadcast=100.00%
    Eval -> avg_reward=18.24 | avg_final_coverage=99.19% | avg_broadcast=100.00%
[DQN] step=1385 | epsilon=0.863 | mean_reward=13.45 | mean_coverage=81.10% | mean_broadcast=99.93% | q_loss=0.2825
    Eval -> avg_reward=18.16 | avg_final_coverage=98.87% | avg_broadcast=100.00%
[DQN] step=1390 | epsilon=0.863 | mean_reward=13.45 | mean_coverage=81.10% | mean_broadcast=99.93% | q_loss=0.5888
    Eval -> avg_reward=18.08 | avg_final_coverage=98.51% | avg_broadcast=100.00%
[DQN] step=1395 | epsilon=0.862 | mean_reward=13.45 | mean_coverage=81.10% | mean_broadcast=99.93% | q_loss=0.6578
    Eval -> avg_reward=17.93 | avg_final_coverage=98.56% | avg_broadcast=100.00%
[DQN] step=1400 | epsilon=0.862 | mean_reward=13.75 | mean_coverage=82.68% | mean_broadcast=99.93% | q_loss=0.5448
    Eval -> avg_reward=17.63 | avg_final_coverage=96.12% | avg_broadcast=100.00%
    Eval -> avg_reward=18.13 | avg_final_coverage=97.74% | avg_broadcast=100.00%
[DQN] step=1405 | epsilon=0.861 | mean_reward=13.75 | mean_coverage=82.68% | mean_broadcast=99.93% | q_loss=1.0921
    Eval -> avg_reward=17.70 | avg_final_coverage=96.16% | avg_broadcast=100.00%
[DQN] step=1410 | epsilon=0.861 | mean_reward=13.75 | mean_coverage=82.68% | mean_broadcast=99.93% | q_loss=0.4847
    Eval -> avg_reward=17.17 | avg_final_coverage=93.74% | avg_broadcast=100.00%
[DQN] step=1415 | epsilon=0.860 | mean_reward=13.75 | mean_coverage=82.68% | mean_broadcast=99.93% | q_loss=0.7633
    Eval -> avg_reward=17.53 | avg_final_coverage=95.12% | avg_broadcast=100.00%
[DQN] step=1420 | epsilon=0.860 | mean_reward=13.75 | mean_coverage=82.68% | mean_broadcast=99.93% | q_loss=0.3935
    Eval -> avg_reward=18.41 | avg_final_coverage=98.46% | avg_broadcast=100.00%
    Eval -> avg_reward=17.00 | avg_final_coverage=94.04% | avg_broadcast=100.00%
[DQN] step=1425 | epsilon=0.859 | mean_reward=14.53 | mean_coverage=85.53% | mean_broadcast=99.93% | q_loss=0.3255
    Eval -> avg_reward=16.55 | avg_final_coverage=93.01% | avg_broadcast=100.00%
[DQN] step=1430 | epsilon=0.859 | mean_reward=14.53 | mean_coverage=85.53% | mean_broadcast=99.93% | q_loss=0.2973
    Eval -> avg_reward=16.85 | avg_final_coverage=94.18% | avg_broadcast=100.00%
[DQN] step=1435 | epsilon=0.858 | mean_reward=14.53 | mean_coverage=85.53% | mean_broadcast=99.93% | q_loss=0.2071
    Eval -> avg_reward=17.46 | avg_final_coverage=96.40% | avg_broadcast=100.00%
[DQN] step=1440 | epsilon=0.858 | mean_reward=14.53 | mean_coverage=85.53% | mean_broadcast=99.93% | q_loss=0.5267
    Eval -> avg_reward=16.97 | avg_final_coverage=93.91% | avg_broadcast=100.00%
    Eval -> avg_reward=17.50 | avg_final_coverage=95.63% | avg_broadcast=100.00%
[DQN] step=1445 | epsilon=0.857 | mean_reward=14.53 | mean_coverage=85.53% | mean_broadcast=99.93% | q_loss=0.6554
    Eval -> avg_reward=16.17 | avg_final_coverage=91.29% | avg_broadcast=100.00%
[DQN] step=1450 | epsilon=0.857 | mean_reward=15.32 | mean_coverage=89.37% | mean_broadcast=99.93% | q_loss=0.6420
    Eval -> avg_reward=16.38 | avg_final_coverage=92.47% | avg_broadcast=100.00%
[DQN] step=1455 | epsilon=0.856 | mean_reward=15.32 | mean_coverage=89.37% | mean_broadcast=99.93% | q_loss=0.5892
    Eval -> avg_reward=16.45 | avg_final_coverage=92.90% | avg_broadcast=100.00%
[DQN] step=1460 | epsilon=0.856 | mean_reward=15.32 | mean_coverage=89.37% | mean_broadcast=99.93% | q_loss=0.4740
    Eval -> avg_reward=16.66 | avg_final_coverage=93.69% | avg_broadcast=100.00%
    Eval -> avg_reward=17.01 | avg_final_coverage=93.97% | avg_broadcast=100.00%
[DQN] step=1465 | epsilon=0.855 | mean_reward=15.32 | mean_coverage=89.37% | mean_broadcast=99.93% | q_loss=0.2838
    Eval -> avg_reward=16.57 | avg_final_coverage=91.94% | avg_broadcast=100.00%
[DQN] step=1470 | epsilon=0.855 | mean_reward=15.32 | mean_coverage=89.37% | mean_broadcast=99.93% | q_loss=0.3439
    Eval -> avg_reward=18.37 | avg_final_coverage=98.88% | avg_broadcast=100.00%
[DQN] step=1475 | epsilon=0.854 | mean_reward=15.17 | mean_coverage=89.22% | mean_broadcast=99.93% | q_loss=0.2450
    Eval -> avg_reward=18.14 | avg_final_coverage=98.22% | avg_broadcast=100.00%
[DQN] step=1480 | epsilon=0.854 | mean_reward=15.17 | mean_coverage=89.22% | mean_broadcast=99.93% | q_loss=0.2098
    Eval -> avg_reward=18.13 | avg_final_coverage=98.31% | avg_broadcast=100.00%
    Eval -> avg_reward=17.77 | avg_final_coverage=98.51% | avg_broadcast=100.00%
[DQN] step=1485 | epsilon=0.853 | mean_reward=15.17 | mean_coverage=89.22% | mean_broadcast=99.93% | q_loss=0.2997
    Eval -> avg_reward=17.96 | avg_final_coverage=98.44% | avg_broadcast=100.00%
[DQN] step=1490 | epsilon=0.853 | mean_reward=15.17 | mean_coverage=89.22% | mean_broadcast=99.93% | q_loss=0.4255
    Eval -> avg_reward=17.54 | avg_final_coverage=98.13% | avg_broadcast=100.00%
[DQN] step=1495 | epsilon=0.852 | mean_reward=15.17 | mean_coverage=89.22% | mean_broadcast=99.93% | q_loss=0.5071
    Eval -> avg_reward=17.14 | avg_final_coverage=95.31% | avg_broadcast=100.00%
[DQN] step=1500 | epsilon=0.852 | mean_reward=16.04 | mean_coverage=92.88% | mean_broadcast=100.00% | q_loss=0.5798
    Eval -> avg_reward=17.15 | avg_final_coverage=96.85% | avg_broadcast=100.00%
    Eval -> avg_reward=17.05 | avg_final_coverage=96.68% | avg_broadcast=100.00%
[DQN] step=1505 | epsilon=0.851 | mean_reward=16.04 | mean_coverage=92.88% | mean_broadcast=100.00% | q_loss=0.6010
    Eval -> avg_reward=17.38 | avg_final_coverage=97.54% | avg_broadcast=100.00%
[DQN] step=1510 | epsilon=0.851 | mean_reward=16.04 | mean_coverage=92.88% | mean_broadcast=100.00% | q_loss=0.2230
    Eval -> avg_reward=17.34 | avg_final_coverage=97.12% | avg_broadcast=100.00%
[DQN] step=1515 | epsilon=0.850 | mean_reward=16.04 | mean_coverage=92.88% | mean_broadcast=100.00% | q_loss=0.2524
    Eval -> avg_reward=17.58 | avg_final_coverage=97.87% | avg_broadcast=100.00%
[DQN] step=1520 | epsilon=0.850 | mean_reward=16.04 | mean_coverage=92.88% | mean_broadcast=100.00% | q_loss=0.2641
    Eval -> avg_reward=17.33 | avg_final_coverage=97.49% | avg_broadcast=100.00%
    Eval -> avg_reward=17.29 | avg_final_coverage=96.90% | avg_broadcast=100.00%
[DQN] step=1525 | epsilon=0.849 | mean_reward=15.64 | mean_coverage=91.69% | mean_broadcast=100.00% | q_loss=0.2046
    Eval -> avg_reward=17.99 | avg_final_coverage=98.50% | avg_broadcast=100.00%
[DQN] step=1530 | epsilon=0.849 | mean_reward=15.64 | mean_coverage=91.69% | mean_broadcast=100.00% | q_loss=0.1741
    Eval -> avg_reward=17.82 | avg_final_coverage=97.72% | avg_broadcast=100.00%
[DQN] step=1535 | epsilon=0.848 | mean_reward=15.64 | mean_coverage=91.69% | mean_broadcast=100.00% | q_loss=0.2089
    Eval -> avg_reward=17.61 | avg_final_coverage=97.00% | avg_broadcast=100.00%
[DQN] step=1540 | epsilon=0.848 | mean_reward=15.64 | mean_coverage=91.69% | mean_broadcast=100.00% | q_loss=0.1946
    Eval -> avg_reward=17.90 | avg_final_coverage=97.88% | avg_broadcast=100.00%
    Eval -> avg_reward=17.91 | avg_final_coverage=98.43% | avg_broadcast=100.00%
[DQN] step=1545 | epsilon=0.847 | mean_reward=15.64 | mean_coverage=91.69% | mean_broadcast=100.00% | q_loss=0.1319
    Eval -> avg_reward=18.01 | avg_final_coverage=98.31% | avg_broadcast=100.00%
[DQN] step=1550 | epsilon=0.847 | mean_reward=15.43 | mean_coverage=91.26% | mean_broadcast=100.00% | q_loss=0.2056
    Eval -> avg_reward=17.87 | avg_final_coverage=97.88% | avg_broadcast=100.00%
[DQN] step=1555 | epsilon=0.846 | mean_reward=15.43 | mean_coverage=91.26% | mean_broadcast=100.00% | q_loss=0.1470
    Eval -> avg_reward=17.38 | avg_final_coverage=95.97% | avg_broadcast=100.00%
[DQN] step=1560 | epsilon=0.846 | mean_reward=15.43 | mean_coverage=91.26% | mean_broadcast=100.00% | q_loss=0.1203
    Eval -> avg_reward=17.39 | avg_final_coverage=95.53% | avg_broadcast=100.00%
    Eval -> avg_reward=17.49 | avg_final_coverage=96.21% | avg_broadcast=100.00%
[DQN] step=1565 | epsilon=0.845 | mean_reward=15.43 | mean_coverage=91.26% | mean_broadcast=100.00% | q_loss=0.1427
    Eval -> avg_reward=17.46 | avg_final_coverage=95.75% | avg_broadcast=100.00%
[DQN] step=1570 | epsilon=0.845 | mean_reward=15.43 | mean_coverage=91.26% | mean_broadcast=100.00% | q_loss=0.1182
    Eval -> avg_reward=17.46 | avg_final_coverage=95.65% | avg_broadcast=100.00%
[DQN] step=1575 | epsilon=0.844 | mean_reward=14.42 | mean_coverage=86.18% | mean_broadcast=99.99% | q_loss=0.1274
    Eval -> avg_reward=17.36 | avg_final_coverage=95.63% | avg_broadcast=100.00%
[DQN] step=1580 | epsilon=0.844 | mean_reward=14.42 | mean_coverage=86.18% | mean_broadcast=99.99% | q_loss=0.9281
    Eval -> avg_reward=17.60 | avg_final_coverage=96.68% | avg_broadcast=100.00%
    Eval -> avg_reward=17.41 | avg_final_coverage=96.79% | avg_broadcast=100.00%
[DQN] step=1585 | epsilon=0.843 | mean_reward=14.42 | mean_coverage=86.18% | mean_broadcast=99.99% | q_loss=0.7811
    Eval -> avg_reward=16.88 | avg_final_coverage=94.68% | avg_broadcast=100.00%
[DQN] step=1590 | epsilon=0.843 | mean_reward=14.42 | mean_coverage=86.18% | mean_broadcast=99.99% | q_loss=0.8238
    Eval -> avg_reward=16.70 | avg_final_coverage=94.16% | avg_broadcast=100.00%
[DQN] step=1595 | epsilon=0.842 | mean_reward=14.42 | mean_coverage=86.18% | mean_broadcast=99.99% | q_loss=0.6663
    Eval -> avg_reward=17.66 | avg_final_coverage=97.96% | avg_broadcast=100.00%
[DQN] step=1600 | epsilon=0.842 | mean_reward=13.97 | mean_coverage=84.49% | mean_broadcast=98.85% | q_loss=0.4125
    Eval -> avg_reward=17.50 | avg_final_coverage=96.35% | avg_broadcast=100.00%
    Eval -> avg_reward=17.34 | avg_final_coverage=96.66% | avg_broadcast=100.00%
[DQN] step=1605 | epsilon=0.841 | mean_reward=13.97 | mean_coverage=84.49% | mean_broadcast=98.85% | q_loss=0.2197
    Eval -> avg_reward=17.76 | avg_final_coverage=98.19% | avg_broadcast=100.00%
[DQN] step=1610 | epsilon=0.841 | mean_reward=13.97 | mean_coverage=84.49% | mean_broadcast=98.85% | q_loss=0.2491
    Eval -> avg_reward=17.86 | avg_final_coverage=98.47% | avg_broadcast=100.00%
[DQN] step=1615 | epsilon=0.840 | mean_reward=13.97 | mean_coverage=84.49% | mean_broadcast=98.85% | q_loss=0.3481
    Eval -> avg_reward=17.78 | avg_final_coverage=98.04% | avg_broadcast=100.00%
[DQN] step=1620 | epsilon=0.840 | mean_reward=13.97 | mean_coverage=84.49% | mean_broadcast=98.85% | q_loss=0.2004
    Eval -> avg_reward=17.81 | avg_final_coverage=97.72% | avg_broadcast=100.00%
    Eval -> avg_reward=17.45 | avg_final_coverage=96.53% | avg_broadcast=100.00%
[DQN] step=1625 | epsilon=0.839 | mean_reward=13.01 | mean_coverage=80.57% | mean_broadcast=98.85% | q_loss=0.1830
    Eval -> avg_reward=17.62 | avg_final_coverage=96.96% | avg_broadcast=100.00%
[DQN] step=1630 | epsilon=0.839 | mean_reward=13.01 | mean_coverage=80.57% | mean_broadcast=98.85% | q_loss=0.1903
    Eval -> avg_reward=17.72 | avg_final_coverage=96.44% | avg_broadcast=100.00%
[DQN] step=1635 | epsilon=0.838 | mean_reward=13.01 | mean_coverage=80.57% | mean_broadcast=98.85% | q_loss=0.1790
    Eval -> avg_reward=17.68 | avg_final_coverage=96.90% | avg_broadcast=100.00%
[DQN] step=1640 | epsilon=0.838 | mean_reward=13.01 | mean_coverage=80.57% | mean_broadcast=98.85% | q_loss=0.1863
    Eval -> avg_reward=17.62 | avg_final_coverage=97.26% | avg_broadcast=100.00%
    Eval -> avg_reward=17.82 | avg_final_coverage=97.79% | avg_broadcast=100.00%
[DQN] step=1645 | epsilon=0.837 | mean_reward=13.01 | mean_coverage=80.57% | mean_broadcast=98.85% | q_loss=0.2024
    Eval -> avg_reward=18.07 | avg_final_coverage=98.47% | avg_broadcast=100.00%
[DQN] step=1650 | epsilon=0.837 | mean_reward=12.56 | mean_coverage=78.22% | mean_broadcast=98.85% | q_loss=0.1800
    Eval -> avg_reward=17.53 | avg_final_coverage=97.49% | avg_broadcast=100.00%
[DQN] step=1655 | epsilon=0.836 | mean_reward=12.56 | mean_coverage=78.22% | mean_broadcast=98.85% | q_loss=0.1652
    Eval -> avg_reward=17.37 | avg_final_coverage=97.00% | avg_broadcast=100.00%
[DQN] step=1660 | epsilon=0.836 | mean_reward=12.56 | mean_coverage=78.22% | mean_broadcast=98.85% | q_loss=0.7831
    Eval -> avg_reward=17.51 | avg_final_coverage=96.75% | avg_broadcast=100.00%
    Eval -> avg_reward=17.87 | avg_final_coverage=98.31% | avg_broadcast=100.00%
[DQN] step=1665 | epsilon=0.835 | mean_reward=12.56 | mean_coverage=78.22% | mean_broadcast=98.85% | q_loss=0.7068
    Eval -> avg_reward=17.73 | avg_final_coverage=97.22% | avg_broadcast=100.00%
[DQN] step=1670 | epsilon=0.835 | mean_reward=12.56 | mean_coverage=78.22% | mean_broadcast=98.85% | q_loss=0.4057
    Eval -> avg_reward=17.45 | avg_final_coverage=96.47% | avg_broadcast=100.00%
[DQN] step=1675 | epsilon=0.834 | mean_reward=12.86 | mean_coverage=79.24% | mean_broadcast=98.85% | q_loss=0.2892
    Eval -> avg_reward=17.79 | avg_final_coverage=97.49% | avg_broadcast=100.00%
[DQN] step=1680 | epsilon=0.834 | mean_reward=12.86 | mean_coverage=79.24% | mean_broadcast=98.85% | q_loss=0.2590
    Eval -> avg_reward=17.86 | avg_final_coverage=96.96% | avg_broadcast=100.00%
    Eval -> avg_reward=17.85 | avg_final_coverage=98.07% | avg_broadcast=100.00%
[DQN] step=1685 | epsilon=0.833 | mean_reward=12.86 | mean_coverage=79.24% | mean_broadcast=98.85% | q_loss=0.2189
    Eval -> avg_reward=17.17 | avg_final_coverage=95.40% | avg_broadcast=100.00%
[DQN] step=1690 | epsilon=0.833 | mean_reward=12.86 | mean_coverage=79.24% | mean_broadcast=98.85% | q_loss=0.2086
    Eval -> avg_reward=17.60 | avg_final_coverage=96.66% | avg_broadcast=100.00%
[DQN] step=1695 | epsilon=0.832 | mean_reward=12.86 | mean_coverage=79.24% | mean_broadcast=98.85% | q_loss=1.0441
    Eval -> avg_reward=17.60 | avg_final_coverage=96.29% | avg_broadcast=100.00%
[DQN] step=1700 | epsilon=0.832 | mean_reward=13.92 | mean_coverage=83.54% | mean_broadcast=98.87% | q_loss=0.8908
    Eval -> avg_reward=17.41 | avg_final_coverage=96.25% | avg_broadcast=100.00%
    Eval -> avg_reward=17.68 | avg_final_coverage=96.59% | avg_broadcast=100.00%
[DQN] step=1705 | epsilon=0.831 | mean_reward=13.92 | mean_coverage=83.54% | mean_broadcast=98.87% | q_loss=0.6227
    Eval -> avg_reward=18.40 | avg_final_coverage=99.76% | avg_broadcast=100.00%
[DQN] step=1710 | epsilon=0.831 | mean_reward=13.92 | mean_coverage=83.54% | mean_broadcast=98.87% | q_loss=0.4749
    Eval -> avg_reward=18.65 | avg_final_coverage=99.76% | avg_broadcast=100.00%
[DQN] step=1715 | epsilon=0.830 | mean_reward=13.92 | mean_coverage=83.54% | mean_broadcast=98.87% | q_loss=0.5563
    Eval -> avg_reward=18.74 | avg_final_coverage=99.65% | avg_broadcast=100.00%
[DQN] step=1720 | epsilon=0.830 | mean_reward=13.92 | mean_coverage=83.54% | mean_broadcast=98.87% | q_loss=0.4233
    Eval -> avg_reward=18.64 | avg_final_coverage=99.12% | avg_broadcast=100.00%
    Eval -> avg_reward=18.49 | avg_final_coverage=98.49% | avg_broadcast=100.00%
[DQN] step=1725 | epsilon=0.829 | mean_reward=14.23 | mean_coverage=84.56% | mean_broadcast=100.00% | q_loss=0.3677
    Eval -> avg_reward=18.49 | avg_final_coverage=98.22% | avg_broadcast=100.00%
[DQN] step=1730 | epsilon=0.829 | mean_reward=14.23 | mean_coverage=84.56% | mean_broadcast=100.00% | q_loss=0.2491
    Eval -> avg_reward=18.59 | avg_final_coverage=98.37% | avg_broadcast=100.00%
[DQN] step=1735 | epsilon=0.828 | mean_reward=14.23 | mean_coverage=84.56% | mean_broadcast=100.00% | q_loss=0.2426
    Eval -> avg_reward=18.71 | avg_final_coverage=98.54% | avg_broadcast=100.00%
[DQN] step=1740 | epsilon=0.828 | mean_reward=14.23 | mean_coverage=84.56% | mean_broadcast=100.00% | q_loss=0.1430
    Eval -> avg_reward=18.72 | avg_final_coverage=98.34% | avg_broadcast=100.00%
    Eval -> avg_reward=18.68 | avg_final_coverage=98.44% | avg_broadcast=100.00%
[DQN] step=1745 | epsilon=0.827 | mean_reward=14.23 | mean_coverage=84.56% | mean_broadcast=100.00% | q_loss=0.1793
    Eval -> avg_reward=18.55 | avg_final_coverage=98.28% | avg_broadcast=100.00%
[DQN] step=1750 | epsilon=0.827 | mean_reward=15.01 | mean_coverage=88.12% | mean_broadcast=100.00% | q_loss=0.1666
    Eval -> avg_reward=18.43 | avg_final_coverage=98.47% | avg_broadcast=100.00%
[DQN] step=1755 | epsilon=0.826 | mean_reward=15.01 | mean_coverage=88.12% | mean_broadcast=100.00% | q_loss=0.1557
    Eval -> avg_reward=17.77 | avg_final_coverage=96.25% | avg_broadcast=100.00%
[DQN] step=1760 | epsilon=0.826 | mean_reward=15.01 | mean_coverage=88.12% | mean_broadcast=100.00% | q_loss=0.1776
    Eval -> avg_reward=17.61 | avg_final_coverage=96.07% | avg_broadcast=100.00%
    Eval -> avg_reward=18.06 | avg_final_coverage=98.41% | avg_broadcast=100.00%
[DQN] step=1765 | epsilon=0.825 | mean_reward=15.01 | mean_coverage=88.12% | mean_broadcast=100.00% | q_loss=0.1580
    Eval -> avg_reward=18.23 | avg_final_coverage=98.90% | avg_broadcast=100.00%
[DQN] step=1770 | epsilon=0.825 | mean_reward=15.01 | mean_coverage=88.12% | mean_broadcast=100.00% | q_loss=0.3597
    Eval -> avg_reward=18.30 | avg_final_coverage=99.15% | avg_broadcast=100.00%
[DQN] step=1775 | epsilon=0.824 | mean_reward=15.88 | mean_coverage=91.68% | mean_broadcast=100.00% | q_loss=0.4187
    Eval -> avg_reward=18.05 | avg_final_coverage=99.16% | avg_broadcast=100.00%
[DQN] step=1780 | epsilon=0.824 | mean_reward=15.88 | mean_coverage=91.68% | mean_broadcast=100.00% | q_loss=0.3830
    Eval -> avg_reward=18.16 | avg_final_coverage=99.49% | avg_broadcast=100.00%
    Eval -> avg_reward=17.80 | avg_final_coverage=99.22% | avg_broadcast=100.00%
[DQN] step=1785 | epsilon=0.823 | mean_reward=15.88 | mean_coverage=91.68% | mean_broadcast=100.00% | q_loss=0.3058
    Eval -> avg_reward=17.59 | avg_final_coverage=98.53% | avg_broadcast=100.00%
[DQN] step=1790 | epsilon=0.823 | mean_reward=15.88 | mean_coverage=91.68% | mean_broadcast=100.00% | q_loss=0.4028
    Eval -> avg_reward=17.35 | avg_final_coverage=96.85% | avg_broadcast=100.00%
[DQN] step=1795 | epsilon=0.822 | mean_reward=15.88 | mean_coverage=91.68% | mean_broadcast=100.00% | q_loss=0.7431
    Eval -> avg_reward=17.95 | avg_final_coverage=98.81% | avg_broadcast=100.00%
[DQN] step=1800 | epsilon=0.822 | mean_reward=15.26 | mean_coverage=89.63% | mean_broadcast=100.00% | q_loss=1.0052
    Eval -> avg_reward=16.94 | avg_final_coverage=96.41% | avg_broadcast=100.00%
    Eval -> avg_reward=17.11 | avg_final_coverage=96.51% | avg_broadcast=100.00%
[DQN] step=1805 | epsilon=0.821 | mean_reward=15.26 | mean_coverage=89.63% | mean_broadcast=100.00% | q_loss=1.0542
    Eval -> avg_reward=17.20 | avg_final_coverage=97.66% | avg_broadcast=100.00%
[DQN] step=1810 | epsilon=0.821 | mean_reward=15.26 | mean_coverage=89.63% | mean_broadcast=100.00% | q_loss=0.8347
    Eval -> avg_reward=17.29 | avg_final_coverage=97.75% | avg_broadcast=100.00%
[DQN] step=1815 | epsilon=0.820 | mean_reward=15.26 | mean_coverage=89.63% | mean_broadcast=100.00% | q_loss=0.4662
    Eval -> avg_reward=16.28 | avg_final_coverage=93.65% | avg_broadcast=100.00%
[DQN] step=1820 | epsilon=0.820 | mean_reward=15.26 | mean_coverage=89.63% | mean_broadcast=100.00% | q_loss=0.3816
    Eval -> avg_reward=16.84 | avg_final_coverage=95.71% | avg_broadcast=100.00%
    Eval -> avg_reward=16.57 | avg_final_coverage=94.21% | avg_broadcast=100.00%
[DQN] step=1825 | epsilon=0.820 | mean_reward=14.63 | mean_coverage=87.47% | mean_broadcast=99.87% | q_loss=0.2716
    Eval -> avg_reward=16.89 | avg_final_coverage=95.85% | avg_broadcast=100.00%
[DQN] step=1830 | epsilon=0.819 | mean_reward=14.63 | mean_coverage=87.47% | mean_broadcast=99.87% | q_loss=0.2812
    Eval -> avg_reward=17.09 | avg_final_coverage=96.79% | avg_broadcast=100.00%
[DQN] step=1835 | epsilon=0.819 | mean_reward=14.63 | mean_coverage=87.47% | mean_broadcast=99.87% | q_loss=0.3886
    Eval -> avg_reward=17.65 | avg_final_coverage=98.47% | avg_broadcast=100.00%
[DQN] step=1840 | epsilon=0.818 | mean_reward=14.63 | mean_coverage=87.47% | mean_broadcast=99.87% | q_loss=0.4177
    Eval -> avg_reward=17.83 | avg_final_coverage=99.31% | avg_broadcast=100.00%
    Eval -> avg_reward=18.26 | avg_final_coverage=99.19% | avg_broadcast=100.00%
[DQN] step=1845 | epsilon=0.818 | mean_reward=14.63 | mean_coverage=87.47% | mean_broadcast=99.87% | q_loss=0.5441
    Eval -> avg_reward=16.81 | avg_final_coverage=94.38% | avg_broadcast=100.00%
[DQN] step=1850 | epsilon=0.817 | mean_reward=13.87 | mean_coverage=84.50% | mean_broadcast=99.85% | q_loss=0.3064
    Eval -> avg_reward=16.28 | avg_final_coverage=92.54% | avg_broadcast=100.00%
[DQN] step=1855 | epsilon=0.817 | mean_reward=13.87 | mean_coverage=84.50% | mean_broadcast=99.85% | q_loss=0.3689
    Eval -> avg_reward=15.98 | avg_final_coverage=90.53% | avg_broadcast=100.00%
[DQN] step=1860 | epsilon=0.816 | mean_reward=13.87 | mean_coverage=84.50% | mean_broadcast=99.85% | q_loss=0.2940
    Eval -> avg_reward=16.97 | avg_final_coverage=94.12% | avg_broadcast=100.00%
    Eval -> avg_reward=16.57 | avg_final_coverage=93.26% | avg_broadcast=100.00%
[DQN] step=1865 | epsilon=0.816 | mean_reward=13.87 | mean_coverage=84.50% | mean_broadcast=99.85% | q_loss=0.3577
    Eval -> avg_reward=18.23 | avg_final_coverage=99.04% | avg_broadcast=100.00%
[DQN] step=1870 | epsilon=0.815 | mean_reward=13.87 | mean_coverage=84.50% | mean_broadcast=99.85% | q_loss=1.0136
    Eval -> avg_reward=18.13 | avg_final_coverage=99.41% | avg_broadcast=100.00%
[DQN] step=1875 | epsilon=0.815 | mean_reward=14.35 | mean_coverage=85.93% | mean_broadcast=99.85% | q_loss=0.8704
    Eval -> avg_reward=18.11 | avg_final_coverage=99.22% | avg_broadcast=100.00%
[DQN] step=1880 | epsilon=0.814 | mean_reward=14.35 | mean_coverage=85.93% | mean_broadcast=99.85% | q_loss=0.5307
    Eval -> avg_reward=18.25 | avg_final_coverage=99.71% | avg_broadcast=100.00%
    Eval -> avg_reward=17.83 | avg_final_coverage=99.57% | avg_broadcast=100.00%
[DQN] step=1885 | epsilon=0.814 | mean_reward=14.35 | mean_coverage=85.93% | mean_broadcast=99.85% | q_loss=0.5573
    Eval -> avg_reward=18.35 | avg_final_coverage=99.72% | avg_broadcast=100.00%
[DQN] step=1890 | epsilon=0.813 | mean_reward=14.35 | mean_coverage=85.93% | mean_broadcast=99.85% | q_loss=0.4730
    Eval -> avg_reward=17.85 | avg_final_coverage=99.38% | avg_broadcast=100.00%
[DQN] step=1895 | epsilon=0.813 | mean_reward=14.35 | mean_coverage=85.93% | mean_broadcast=99.85% | q_loss=0.3749
    Eval -> avg_reward=17.67 | avg_final_coverage=97.13% | avg_broadcast=100.00%
[DQN] step=1900 | epsilon=0.812 | mean_reward=14.54 | mean_coverage=86.84% | mean_broadcast=99.85% | q_loss=0.3333
    Eval -> avg_reward=17.97 | avg_final_coverage=98.28% | avg_broadcast=100.00%
    Eval -> avg_reward=18.22 | avg_final_coverage=98.51% | avg_broadcast=100.00%
[DQN] step=1905 | epsilon=0.812 | mean_reward=14.54 | mean_coverage=86.84% | mean_broadcast=99.85% | q_loss=0.3450
    Eval -> avg_reward=17.29 | avg_final_coverage=95.10% | avg_broadcast=100.00%
[DQN] step=1910 | epsilon=0.811 | mean_reward=14.54 | mean_coverage=86.84% | mean_broadcast=99.85% | q_loss=0.8536
    Eval -> avg_reward=15.91 | avg_final_coverage=90.00% | avg_broadcast=100.00%
[DQN] step=1915 | epsilon=0.811 | mean_reward=14.54 | mean_coverage=86.84% | mean_broadcast=99.85% | q_loss=1.1077
    Eval -> avg_reward=16.07 | avg_final_coverage=91.78% | avg_broadcast=100.00%
[DQN] step=1920 | epsilon=0.810 | mean_reward=14.54 | mean_coverage=86.84% | mean_broadcast=99.85% | q_loss=0.8204
    Eval -> avg_reward=17.13 | avg_final_coverage=95.65% | avg_broadcast=100.00%
    Eval -> avg_reward=17.36 | avg_final_coverage=96.60% | avg_broadcast=100.00%
[DQN] step=1925 | epsilon=0.810 | mean_reward=14.90 | mean_coverage=88.26% | mean_broadcast=99.85% | q_loss=0.8474
    Eval -> avg_reward=16.00 | avg_final_coverage=89.96% | avg_broadcast=100.00%
[DQN] step=1930 | epsilon=0.809 | mean_reward=14.90 | mean_coverage=88.26% | mean_broadcast=99.85% | q_loss=0.7638
    Eval -> avg_reward=16.21 | avg_final_coverage=93.25% | avg_broadcast=100.00%
[DQN] step=1935 | epsilon=0.809 | mean_reward=14.90 | mean_coverage=88.26% | mean_broadcast=99.85% | q_loss=0.5576
    Eval -> avg_reward=15.71 | avg_final_coverage=90.87% | avg_broadcast=100.00%
[DQN] step=1940 | epsilon=0.808 | mean_reward=14.90 | mean_coverage=88.26% | mean_broadcast=99.85% | q_loss=0.7901
    Eval -> avg_reward=15.55 | avg_final_coverage=89.65% | avg_broadcast=100.00%
    Eval -> avg_reward=16.30 | avg_final_coverage=92.93% | avg_broadcast=100.00%
[DQN] step=1945 | epsilon=0.808 | mean_reward=14.90 | mean_coverage=88.26% | mean_broadcast=99.85% | q_loss=0.6161
    Eval -> avg_reward=16.46 | avg_final_coverage=93.38% | avg_broadcast=100.00%
[DQN] step=1950 | epsilon=0.807 | mean_reward=15.83 | mean_coverage=91.84% | mean_broadcast=99.99% | q_loss=0.5324
    Eval -> avg_reward=17.02 | avg_final_coverage=96.43% | avg_broadcast=100.00%
[DQN] step=1955 | epsilon=0.807 | mean_reward=15.83 | mean_coverage=91.84% | mean_broadcast=99.99% | q_loss=0.4138
    Eval -> avg_reward=17.34 | avg_final_coverage=97.07% | avg_broadcast=100.00%
[DQN] step=1960 | epsilon=0.806 | mean_reward=15.83 | mean_coverage=91.84% | mean_broadcast=99.99% | q_loss=0.3645
    Eval -> avg_reward=18.21 | avg_final_coverage=97.99% | avg_broadcast=100.00%
    Eval -> avg_reward=17.20 | avg_final_coverage=94.56% | avg_broadcast=100.00%
[DQN] step=1965 | epsilon=0.806 | mean_reward=15.83 | mean_coverage=91.84% | mean_broadcast=99.99% | q_loss=0.3889
    Eval -> avg_reward=18.10 | avg_final_coverage=97.84% | avg_broadcast=100.00%
[DQN] step=1970 | epsilon=0.805 | mean_reward=15.83 | mean_coverage=91.84% | mean_broadcast=99.99% | q_loss=0.2424
    Eval -> avg_reward=18.06 | avg_final_coverage=97.60% | avg_broadcast=100.00%
[DQN] step=1975 | epsilon=0.805 | mean_reward=16.45 | mean_coverage=94.06% | mean_broadcast=100.00% | q_loss=0.3205
    Eval -> avg_reward=17.99 | avg_final_coverage=96.90% | avg_broadcast=100.00%
[DQN] step=1980 | epsilon=0.804 | mean_reward=16.45 | mean_coverage=94.06% | mean_broadcast=100.00% | q_loss=0.2644
    Eval -> avg_reward=17.20 | avg_final_coverage=94.50% | avg_broadcast=100.00%
    Eval -> avg_reward=17.83 | avg_final_coverage=95.24% | avg_broadcast=100.00%
[DQN] step=1985 | epsilon=0.804 | mean_reward=16.45 | mean_coverage=94.06% | mean_broadcast=100.00% | q_loss=0.2459
    Eval -> avg_reward=17.13 | avg_final_coverage=94.74% | avg_broadcast=100.00%
[DQN] step=1990 | epsilon=0.803 | mean_reward=16.45 | mean_coverage=94.06% | mean_broadcast=100.00% | q_loss=0.1772
    Eval -> avg_reward=16.67 | avg_final_coverage=92.65% | avg_broadcast=100.00%
[DQN] step=1995 | epsilon=0.803 | mean_reward=16.45 | mean_coverage=94.06% | mean_broadcast=100.00% | q_loss=0.2601
    Eval -> avg_reward=16.63 | avg_final_coverage=92.26% | avg_broadcast=100.00%
[DQN] step=2000 | epsilon=0.802 | mean_reward=17.01 | mean_coverage=94.35% | mean_broadcast=100.00% | q_loss=0.1938
    Eval -> avg_reward=16.81 | avg_final_coverage=93.34% | avg_broadcast=100.00%
    Eval -> avg_reward=17.03 | avg_final_coverage=94.13% | avg_broadcast=100.00%
[DQN] step=2005 | epsilon=0.802 | mean_reward=17.01 | mean_coverage=94.35% | mean_broadcast=100.00% | q_loss=1.9270
    Eval -> avg_reward=16.94 | avg_final_coverage=92.74% | avg_broadcast=100.00%
[DQN] step=2010 | epsilon=0.801 | mean_reward=17.01 | mean_coverage=94.35% | mean_broadcast=100.00% | q_loss=1.8870
    Eval -> avg_reward=17.88 | avg_final_coverage=98.47% | avg_broadcast=100.00%
[DQN] step=2015 | epsilon=0.801 | mean_reward=17.01 | mean_coverage=94.35% | mean_broadcast=100.00% | q_loss=1.4051
    Eval -> avg_reward=18.18 | avg_final_coverage=99.29% | avg_broadcast=100.00%
[DQN] step=2020 | epsilon=0.800 | mean_reward=17.01 | mean_coverage=94.35% | mean_broadcast=100.00% | q_loss=0.9286
    Eval -> avg_reward=18.12 | avg_final_coverage=99.38% | avg_broadcast=100.00%
    Eval -> avg_reward=18.72 | avg_final_coverage=98.59% | avg_broadcast=100.00%
[DQN] step=2025 | epsilon=0.800 | mean_reward=16.03 | mean_coverage=90.78% | mean_broadcast=100.00% | q_loss=1.1221
    Eval -> avg_reward=19.19 | avg_final_coverage=98.88% | avg_broadcast=100.00%
[DQN] step=2030 | epsilon=0.799 | mean_reward=16.03 | mean_coverage=90.78% | mean_broadcast=100.00% | q_loss=0.7052
    Eval -> avg_reward=18.16 | avg_final_coverage=98.91% | avg_broadcast=100.00%
[DQN] step=2035 | epsilon=0.799 | mean_reward=16.03 | mean_coverage=90.78% | mean_broadcast=100.00% | q_loss=0.9826
    Eval -> avg_reward=18.03 | avg_final_coverage=98.57% | avg_broadcast=100.00%
[DQN] step=2040 | epsilon=0.798 | mean_reward=16.03 | mean_coverage=90.78% | mean_broadcast=100.00% | q_loss=0.6820
    Eval -> avg_reward=18.42 | avg_final_coverage=98.60% | avg_broadcast=100.00%
    Eval -> avg_reward=17.27 | avg_final_coverage=95.90% | avg_broadcast=99.91%
[DQN] step=2045 | epsilon=0.798 | mean_reward=16.03 | mean_coverage=90.78% | mean_broadcast=100.00% | q_loss=1.2126
    Eval -> avg_reward=17.79 | avg_final_coverage=97.51% | avg_broadcast=100.00%
[DQN] step=2050 | epsilon=0.797 | mean_reward=15.98 | mean_coverage=90.22% | mean_broadcast=100.00% | q_loss=0.6380
    Eval -> avg_reward=18.84 | avg_final_coverage=99.72% | avg_broadcast=100.00%
[DQN] step=2055 | epsilon=0.797 | mean_reward=15.98 | mean_coverage=90.22% | mean_broadcast=100.00% | q_loss=0.5776
    Eval -> avg_reward=18.44 | avg_final_coverage=99.69% | avg_broadcast=100.00%
[DQN] step=2060 | epsilon=0.796 | mean_reward=15.98 | mean_coverage=90.22% | mean_broadcast=100.00% | q_loss=0.4338
    Eval -> avg_reward=17.96 | avg_final_coverage=97.71% | avg_broadcast=100.00%
    Eval -> avg_reward=17.98 | avg_final_coverage=97.82% | avg_broadcast=100.00%
[DQN] step=2065 | epsilon=0.796 | mean_reward=15.98 | mean_coverage=90.22% | mean_broadcast=100.00% | q_loss=0.3706
    Eval -> avg_reward=17.93 | avg_final_coverage=97.53% | avg_broadcast=100.00%
[DQN] step=2070 | epsilon=0.795 | mean_reward=15.98 | mean_coverage=90.22% | mean_broadcast=100.00% | q_loss=0.3956
    Eval -> avg_reward=17.85 | avg_final_coverage=97.35% | avg_broadcast=100.00%
[DQN] step=2075 | epsilon=0.795 | mean_reward=15.32 | mean_coverage=87.51% | mean_broadcast=99.96% | q_loss=0.4550
    Eval -> avg_reward=17.91 | avg_final_coverage=97.35% | avg_broadcast=100.00%
[DQN] step=2080 | epsilon=0.794 | mean_reward=15.32 | mean_coverage=87.51% | mean_broadcast=99.96% | q_loss=0.2608
    Eval -> avg_reward=18.30 | avg_final_coverage=98.56% | avg_broadcast=100.00%
    Eval -> avg_reward=18.75 | avg_final_coverage=99.37% | avg_broadcast=100.00%
[DQN] step=2085 | epsilon=0.794 | mean_reward=15.32 | mean_coverage=87.51% | mean_broadcast=99.96% | q_loss=0.2219
    Eval -> avg_reward=18.71 | avg_final_coverage=99.28% | avg_broadcast=100.00%
[DQN] step=2090 | epsilon=0.793 | mean_reward=15.32 | mean_coverage=87.51% | mean_broadcast=99.96% | q_loss=1.5482
    Eval -> avg_reward=18.44 | avg_final_coverage=99.22% | avg_broadcast=100.00%
[DQN] step=2095 | epsilon=0.793 | mean_reward=15.32 | mean_coverage=87.51% | mean_broadcast=99.96% | q_loss=1.1939
    Eval -> avg_reward=18.11 | avg_final_coverage=98.78% | avg_broadcast=100.00%
[DQN] step=2100 | epsilon=0.792 | mean_reward=16.05 | mean_coverage=90.07% | mean_broadcast=99.94% | q_loss=1.2094
    Eval -> avg_reward=16.76 | avg_final_coverage=93.31% | avg_broadcast=100.00%
    Eval -> avg_reward=17.72 | avg_final_coverage=96.06% | avg_broadcast=100.00%
[DQN] step=2105 | epsilon=0.792 | mean_reward=16.05 | mean_coverage=90.07% | mean_broadcast=99.94% | q_loss=0.6816
    Eval -> avg_reward=18.68 | avg_final_coverage=99.53% | avg_broadcast=100.00%
[DQN] step=2110 | epsilon=0.791 | mean_reward=16.05 | mean_coverage=90.07% | mean_broadcast=99.94% | q_loss=0.5411
    Eval -> avg_reward=19.38 | avg_final_coverage=99.51% | avg_broadcast=100.00%
[DQN] step=2115 | epsilon=0.791 | mean_reward=16.05 | mean_coverage=90.07% | mean_broadcast=99.94% | q_loss=0.6601
    Eval -> avg_reward=20.64 | avg_final_coverage=99.96% | avg_broadcast=100.00%
[DQN] step=2120 | epsilon=0.790 | mean_reward=16.05 | mean_coverage=90.07% | mean_broadcast=99.94% | q_loss=0.4084
    Eval -> avg_reward=19.35 | avg_final_coverage=99.84% | avg_broadcast=100.00%
    Eval -> avg_reward=18.82 | avg_final_coverage=99.44% | avg_broadcast=100.00%
[DQN] step=2125 | epsilon=0.790 | mean_reward=14.67 | mean_coverage=86.00% | mean_broadcast=99.94% | q_loss=0.3723
    Eval -> avg_reward=18.73 | avg_final_coverage=98.84% | avg_broadcast=99.99%
[DQN] step=2130 | epsilon=0.789 | mean_reward=14.67 | mean_coverage=86.00% | mean_broadcast=99.94% | q_loss=0.3609
    Eval -> avg_reward=18.34 | avg_final_coverage=97.19% | avg_broadcast=99.93%
[DQN] step=2135 | epsilon=0.789 | mean_reward=14.67 | mean_coverage=86.00% | mean_broadcast=99.94% | q_loss=0.2921
    Eval -> avg_reward=18.43 | avg_final_coverage=97.34% | avg_broadcast=99.88%
[DQN] step=2140 | epsilon=0.788 | mean_reward=14.67 | mean_coverage=86.00% | mean_broadcast=99.94% | q_loss=0.2209
    Eval -> avg_reward=18.77 | avg_final_coverage=98.71% | avg_broadcast=100.00%
    Eval -> avg_reward=18.93 | avg_final_coverage=99.51% | avg_broadcast=100.00%
[DQN] step=2145 | epsilon=0.788 | mean_reward=14.67 | mean_coverage=86.00% | mean_broadcast=99.94% | q_loss=0.1843
    Eval -> avg_reward=18.91 | avg_final_coverage=98.68% | avg_broadcast=100.00%
[DQN] step=2150 | epsilon=0.787 | mean_reward=15.59 | mean_coverage=89.00% | mean_broadcast=99.94% | q_loss=0.2622
    Eval -> avg_reward=17.80 | avg_final_coverage=94.57% | avg_broadcast=100.00%
[DQN] step=2155 | epsilon=0.787 | mean_reward=15.59 | mean_coverage=89.00% | mean_broadcast=99.94% | q_loss=0.2145
    Eval -> avg_reward=18.09 | avg_final_coverage=95.65% | avg_broadcast=100.00%
[DQN] step=2160 | epsilon=0.786 | mean_reward=15.59 | mean_coverage=89.00% | mean_broadcast=99.94% | q_loss=0.1365
    Eval -> avg_reward=18.02 | avg_final_coverage=96.31% | avg_broadcast=100.00%
    Eval -> avg_reward=18.34 | avg_final_coverage=97.37% | avg_broadcast=100.00%
[DQN] step=2165 | epsilon=0.786 | mean_reward=15.59 | mean_coverage=89.00% | mean_broadcast=99.94% | q_loss=0.2681
    Eval -> avg_reward=18.81 | avg_final_coverage=99.03% | avg_broadcast=100.00%
[DQN] step=2170 | epsilon=0.785 | mean_reward=15.59 | mean_coverage=89.00% | mean_broadcast=99.94% | q_loss=0.1349
    Eval -> avg_reward=18.89 | avg_final_coverage=99.28% | avg_broadcast=100.00%
[DQN] step=2175 | epsilon=0.785 | mean_reward=14.07 | mean_coverage=82.76% | mean_broadcast=99.94% | q_loss=0.1750
    Eval -> avg_reward=18.75 | avg_final_coverage=98.81% | avg_broadcast=100.00%
[DQN] step=2180 | epsilon=0.784 | mean_reward=14.07 | mean_coverage=82.76% | mean_broadcast=99.94% | q_loss=0.1565
    Eval -> avg_reward=18.63 | avg_final_coverage=99.16% | avg_broadcast=100.00%
    Eval -> avg_reward=18.67 | avg_final_coverage=98.91% | avg_broadcast=100.00%
[DQN] step=2185 | epsilon=0.784 | mean_reward=14.07 | mean_coverage=82.76% | mean_broadcast=99.94% | q_loss=0.1299
    Eval -> avg_reward=17.81 | avg_final_coverage=96.09% | avg_broadcast=100.00%
[DQN] step=2190 | epsilon=0.783 | mean_reward=14.07 | mean_coverage=82.76% | mean_broadcast=99.94% | q_loss=0.1555
    Eval -> avg_reward=17.51 | avg_final_coverage=95.50% | avg_broadcast=100.00%
[DQN] step=2195 | epsilon=0.783 | mean_reward=14.07 | mean_coverage=82.76% | mean_broadcast=99.94% | q_loss=0.2870
    Eval -> avg_reward=17.61 | avg_final_coverage=96.68% | avg_broadcast=100.00%
[DQN] step=2200 | epsilon=0.782 | mean_reward=14.17 | mean_coverage=83.87% | mean_broadcast=99.99% | q_loss=0.3852
    Eval -> avg_reward=18.15 | avg_final_coverage=97.91% | avg_broadcast=100.00%
    Eval -> avg_reward=17.88 | avg_final_coverage=97.16% | avg_broadcast=100.00%
[DQN] step=2205 | epsilon=0.782 | mean_reward=14.17 | mean_coverage=83.87% | mean_broadcast=99.99% | q_loss=0.3812
    Eval -> avg_reward=18.26 | avg_final_coverage=98.76% | avg_broadcast=100.00%
[DQN] step=2210 | epsilon=0.781 | mean_reward=14.17 | mean_coverage=83.87% | mean_broadcast=99.99% | q_loss=0.3216
    Eval -> avg_reward=17.94 | avg_final_coverage=97.81% | avg_broadcast=100.00%
[DQN] step=2215 | epsilon=0.781 | mean_reward=14.17 | mean_coverage=83.87% | mean_broadcast=99.99% | q_loss=0.3504
    Eval -> avg_reward=17.71 | avg_final_coverage=96.94% | avg_broadcast=100.00%
[DQN] step=2220 | epsilon=0.780 | mean_reward=14.17 | mean_coverage=83.87% | mean_broadcast=99.99% | q_loss=0.7021
    Eval -> avg_reward=17.98 | avg_final_coverage=97.84% | avg_broadcast=100.00%
    Eval -> avg_reward=17.71 | avg_final_coverage=98.47% | avg_broadcast=100.00%
[DQN] step=2225 | epsilon=0.780 | mean_reward=13.83 | mean_coverage=83.43% | mean_broadcast=100.00% | q_loss=0.4197
    Eval -> avg_reward=17.70 | avg_final_coverage=98.12% | avg_broadcast=100.00%
[DQN] step=2230 | epsilon=0.779 | mean_reward=13.83 | mean_coverage=83.43% | mean_broadcast=100.00% | q_loss=0.3804
    Eval -> avg_reward=17.73 | avg_final_coverage=97.93% | avg_broadcast=100.00%
[DQN] step=2235 | epsilon=0.779 | mean_reward=13.83 | mean_coverage=83.43% | mean_broadcast=100.00% | q_loss=0.3118
    Eval -> avg_reward=18.22 | avg_final_coverage=99.56% | avg_broadcast=100.00%
[DQN] step=2240 | epsilon=0.778 | mean_reward=13.83 | mean_coverage=83.43% | mean_broadcast=100.00% | q_loss=0.2393
    Eval -> avg_reward=18.23 | avg_final_coverage=99.51% | avg_broadcast=100.00%
    Eval -> avg_reward=17.43 | avg_final_coverage=96.21% | avg_broadcast=100.00%
[DQN] step=2245 | epsilon=0.778 | mean_reward=13.83 | mean_coverage=83.43% | mean_broadcast=100.00% | q_loss=0.6653
    Eval -> avg_reward=18.35 | avg_final_coverage=99.26% | avg_broadcast=100.00%
[DQN] step=2250 | epsilon=0.777 | mean_reward=14.66 | mean_coverage=86.90% | mean_broadcast=100.00% | q_loss=0.5149
    Eval -> avg_reward=18.63 | avg_final_coverage=98.84% | avg_broadcast=100.00%
[DQN] step=2255 | epsilon=0.777 | mean_reward=14.66 | mean_coverage=86.90% | mean_broadcast=100.00% | q_loss=0.3818
    Eval -> avg_reward=18.54 | avg_final_coverage=98.60% | avg_broadcast=100.00%
[DQN] step=2260 | epsilon=0.776 | mean_reward=14.66 | mean_coverage=86.90% | mean_broadcast=100.00% | q_loss=0.4444
    Eval -> avg_reward=18.44 | avg_final_coverage=97.72% | avg_broadcast=100.00%
    Eval -> avg_reward=18.52 | avg_final_coverage=98.32% | avg_broadcast=100.00%
[DQN] step=2265 | epsilon=0.776 | mean_reward=14.66 | mean_coverage=86.90% | mean_broadcast=100.00% | q_loss=0.2204
    Eval -> avg_reward=18.76 | avg_final_coverage=98.78% | avg_broadcast=100.00%
[DQN] step=2270 | epsilon=0.775 | mean_reward=14.66 | mean_coverage=86.90% | mean_broadcast=100.00% | q_loss=0.2528
    Eval -> avg_reward=18.32 | avg_final_coverage=97.46% | avg_broadcast=100.00%
[DQN] step=2275 | epsilon=0.775 | mean_reward=13.97 | mean_coverage=84.04% | mean_broadcast=100.00% | q_loss=0.2297
    Eval -> avg_reward=18.01 | avg_final_coverage=96.56% | avg_broadcast=100.00%
[DQN] step=2280 | epsilon=0.774 | mean_reward=13.97 | mean_coverage=84.04% | mean_broadcast=100.00% | q_loss=0.2071
    Eval -> avg_reward=17.83 | avg_final_coverage=96.71% | avg_broadcast=100.00%
    Eval -> avg_reward=17.95 | avg_final_coverage=97.69% | avg_broadcast=100.00%
[DQN] step=2285 | epsilon=0.774 | mean_reward=13.97 | mean_coverage=84.04% | mean_broadcast=100.00% | q_loss=1.0189
    Eval -> avg_reward=18.18 | avg_final_coverage=98.18% | avg_broadcast=100.00%
[DQN] step=2290 | epsilon=0.773 | mean_reward=13.97 | mean_coverage=84.04% | mean_broadcast=100.00% | q_loss=0.6205
    Eval -> avg_reward=18.17 | avg_final_coverage=98.69% | avg_broadcast=100.00%
[DQN] step=2295 | epsilon=0.773 | mean_reward=13.97 | mean_coverage=84.04% | mean_broadcast=100.00% | q_loss=0.4412
    Eval -> avg_reward=18.21 | avg_final_coverage=99.03% | avg_broadcast=100.00%
[DQN] step=2300 | epsilon=0.772 | mean_reward=15.67 | mean_coverage=90.43% | mean_broadcast=100.00% | q_loss=0.3795
    Eval -> avg_reward=18.48 | avg_final_coverage=99.22% | avg_broadcast=100.00%
    Eval -> avg_reward=17.81 | avg_final_coverage=96.90% | avg_broadcast=100.00%
[DQN] step=2305 | epsilon=0.772 | mean_reward=15.67 | mean_coverage=90.43% | mean_broadcast=100.00% | q_loss=1.0914
    Eval -> avg_reward=17.81 | avg_final_coverage=96.34% | avg_broadcast=100.00%
[DQN] step=2310 | epsilon=0.772 | mean_reward=15.67 | mean_coverage=90.43% | mean_broadcast=100.00% | q_loss=1.7072
    Eval -> avg_reward=17.80 | avg_final_coverage=96.26% | avg_broadcast=100.00%
[DQN] step=2315 | epsilon=0.771 | mean_reward=15.67 | mean_coverage=90.43% | mean_broadcast=100.00% | q_loss=2.1939
    Eval -> avg_reward=17.79 | avg_final_coverage=96.65% | avg_broadcast=100.00%
[DQN] step=2320 | epsilon=0.771 | mean_reward=15.67 | mean_coverage=90.43% | mean_broadcast=100.00% | q_loss=1.8540
    Eval -> avg_reward=18.48 | avg_final_coverage=98.56% | avg_broadcast=100.00%
    Eval -> avg_reward=18.24 | avg_final_coverage=99.41% | avg_broadcast=100.00%
[DQN] step=2325 | epsilon=0.770 | mean_reward=16.05 | mean_coverage=91.15% | mean_broadcast=100.00% | q_loss=1.0137
    Eval -> avg_reward=18.38 | avg_final_coverage=98.72% | avg_broadcast=100.00%
[DQN] step=2330 | epsilon=0.770 | mean_reward=16.05 | mean_coverage=91.15% | mean_broadcast=100.00% | q_loss=0.9825
    Eval -> avg_reward=17.72 | avg_final_coverage=97.51% | avg_broadcast=100.00%
[DQN] step=2335 | epsilon=0.769 | mean_reward=16.05 | mean_coverage=91.15% | mean_broadcast=100.00% | q_loss=1.4291
    Eval -> avg_reward=18.37 | avg_final_coverage=99.00% | avg_broadcast=100.00%
[DQN] step=2340 | epsilon=0.769 | mean_reward=16.05 | mean_coverage=91.15% | mean_broadcast=100.00% | q_loss=0.9803
    Eval -> avg_reward=18.27 | avg_final_coverage=99.15% | avg_broadcast=100.00%
    Eval -> avg_reward=17.16 | avg_final_coverage=96.51% | avg_broadcast=100.00%
[DQN] step=2345 | epsilon=0.768 | mean_reward=16.05 | mean_coverage=91.15% | mean_broadcast=100.00% | q_loss=1.1699
    Eval -> avg_reward=17.73 | avg_final_coverage=97.71% | avg_broadcast=100.00%
[DQN] step=2350 | epsilon=0.768 | mean_reward=16.43 | mean_coverage=91.91% | mean_broadcast=100.00% | q_loss=0.6502
    Eval -> avg_reward=17.10 | avg_final_coverage=96.00% | avg_broadcast=100.00%
[DQN] step=2355 | epsilon=0.767 | mean_reward=16.43 | mean_coverage=91.91% | mean_broadcast=100.00% | q_loss=2.2949
    Eval -> avg_reward=17.81 | avg_final_coverage=98.34% | avg_broadcast=100.00%
[DQN] step=2360 | epsilon=0.767 | mean_reward=16.43 | mean_coverage=91.91% | mean_broadcast=100.00% | q_loss=1.5643
    Eval -> avg_reward=17.24 | avg_final_coverage=96.53% | avg_broadcast=100.00%
    Eval -> avg_reward=17.53 | avg_final_coverage=97.88% | avg_broadcast=100.00%
[DQN] step=2365 | epsilon=0.766 | mean_reward=16.43 | mean_coverage=91.91% | mean_broadcast=100.00% | q_loss=2.3115
    Eval -> avg_reward=17.74 | avg_final_coverage=98.85% | avg_broadcast=100.00%
[DQN] step=2370 | epsilon=0.766 | mean_reward=16.43 | mean_coverage=91.91% | mean_broadcast=100.00% | q_loss=1.2882
    Eval -> avg_reward=17.97 | avg_final_coverage=98.79% | avg_broadcast=100.00%
[DQN] step=2375 | epsilon=0.765 | mean_reward=16.27 | mean_coverage=91.88% | mean_broadcast=100.00% | q_loss=0.7980
    Eval -> avg_reward=17.97 | avg_final_coverage=98.57% | avg_broadcast=100.00%
[DQN] step=2380 | epsilon=0.765 | mean_reward=16.27 | mean_coverage=91.88% | mean_broadcast=100.00% | q_loss=0.5207
    Eval -> avg_reward=18.41 | avg_final_coverage=99.56% | avg_broadcast=100.00%
    Eval -> avg_reward=18.22 | avg_final_coverage=99.21% | avg_broadcast=100.00%
[DQN] step=2385 | epsilon=0.764 | mean_reward=16.27 | mean_coverage=91.88% | mean_broadcast=100.00% | q_loss=0.4109
    Eval -> avg_reward=17.74 | avg_final_coverage=98.50% | avg_broadcast=100.00%
[DQN] step=2390 | epsilon=0.764 | mean_reward=16.27 | mean_coverage=91.88% | mean_broadcast=100.00% | q_loss=0.3802
    Eval -> avg_reward=18.12 | avg_final_coverage=99.29% | avg_broadcast=100.00%
[DQN] step=2395 | epsilon=0.763 | mean_reward=16.27 | mean_coverage=91.88% | mean_broadcast=100.00% | q_loss=0.3070
    Eval -> avg_reward=17.75 | avg_final_coverage=98.04% | avg_broadcast=100.00%
[DQN] step=2400 | epsilon=0.763 | mean_reward=16.88 | mean_coverage=94.40% | mean_broadcast=100.00% | q_loss=0.3529
    Eval -> avg_reward=17.72 | avg_final_coverage=98.29% | avg_broadcast=100.00%
    Eval -> avg_reward=18.05 | avg_final_coverage=98.76% | avg_broadcast=100.00%
[DQN] step=2405 | epsilon=0.762 | mean_reward=16.88 | mean_coverage=94.40% | mean_broadcast=100.00% | q_loss=0.2738
    Eval -> avg_reward=18.20 | avg_final_coverage=99.19% | avg_broadcast=100.00%
[DQN] step=2410 | epsilon=0.762 | mean_reward=16.88 | mean_coverage=94.40% | mean_broadcast=100.00% | q_loss=0.2746
    Eval -> avg_reward=17.77 | avg_final_coverage=97.18% | avg_broadcast=100.00%
[DQN] step=2415 | epsilon=0.761 | mean_reward=16.88 | mean_coverage=94.40% | mean_broadcast=100.00% | q_loss=0.2572
    Eval -> avg_reward=17.12 | avg_final_coverage=95.71% | avg_broadcast=100.00%
[DQN] step=2420 | epsilon=0.761 | mean_reward=16.88 | mean_coverage=94.40% | mean_broadcast=100.00% | q_loss=0.3360
    Eval -> avg_reward=17.21 | avg_final_coverage=96.76% | avg_broadcast=100.00%
    Eval -> avg_reward=17.88 | avg_final_coverage=99.35% | avg_broadcast=100.00%
[DQN] step=2425 | epsilon=0.760 | mean_reward=16.30 | mean_coverage=92.46% | mean_broadcast=100.00% | q_loss=0.2322
    Eval -> avg_reward=18.20 | avg_final_coverage=99.38% | avg_broadcast=100.00%
[DQN] step=2430 | epsilon=0.760 | mean_reward=16.30 | mean_coverage=92.46% | mean_broadcast=100.00% | q_loss=0.3117
    Eval -> avg_reward=18.68 | avg_final_coverage=99.51% | avg_broadcast=100.00%
[DQN] step=2435 | epsilon=0.759 | mean_reward=16.30 | mean_coverage=92.46% | mean_broadcast=100.00% | q_loss=0.2152
    Eval -> avg_reward=18.81 | avg_final_coverage=99.53% | avg_broadcast=100.00%
[DQN] step=2440 | epsilon=0.759 | mean_reward=16.30 | mean_coverage=92.46% | mean_broadcast=100.00% | q_loss=0.1664
    Eval -> avg_reward=18.78 | avg_final_coverage=99.53% | avg_broadcast=100.00%
    Eval -> avg_reward=18.87 | avg_final_coverage=99.66% | avg_broadcast=100.00%
[DQN] step=2445 | epsilon=0.758 | mean_reward=16.30 | mean_coverage=92.46% | mean_broadcast=100.00% | q_loss=0.1531
    Eval -> avg_reward=19.11 | avg_final_coverage=99.65% | avg_broadcast=100.00%
[DQN] step=2450 | epsilon=0.758 | mean_reward=16.17 | mean_coverage=92.18% | mean_broadcast=100.00% | q_loss=0.1138
    Eval -> avg_reward=19.22 | avg_final_coverage=99.63% | avg_broadcast=100.00%
[DQN] step=2455 | epsilon=0.757 | mean_reward=16.17 | mean_coverage=92.18% | mean_broadcast=100.00% | q_loss=0.1771
    Eval -> avg_reward=19.19 | avg_final_coverage=99.74% | avg_broadcast=100.00%
[DQN] step=2460 | epsilon=0.757 | mean_reward=16.17 | mean_coverage=92.18% | mean_broadcast=100.00% | q_loss=0.1848
    Eval -> avg_reward=19.00 | avg_final_coverage=99.72% | avg_broadcast=100.00%
    Eval -> avg_reward=19.01 | avg_final_coverage=99.63% | avg_broadcast=100.00%
[DQN] step=2465 | epsilon=0.756 | mean_reward=16.17 | mean_coverage=92.18% | mean_broadcast=100.00% | q_loss=0.1175
    Eval -> avg_reward=18.91 | avg_final_coverage=99.76% | avg_broadcast=100.00%
[DQN] step=2470 | epsilon=0.756 | mean_reward=16.17 | mean_coverage=92.18% | mean_broadcast=100.00% | q_loss=0.2248
    Eval -> avg_reward=19.15 | avg_final_coverage=99.79% | avg_broadcast=100.00%
[DQN] step=2475 | epsilon=0.755 | mean_reward=15.97 | mean_coverage=91.75% | mean_broadcast=100.00% | q_loss=0.2027
    Eval -> avg_reward=19.43 | avg_final_coverage=99.85% | avg_broadcast=100.00%
[DQN] step=2480 | epsilon=0.755 | mean_reward=15.97 | mean_coverage=91.75% | mean_broadcast=100.00% | q_loss=0.1953
    Eval -> avg_reward=18.60 | avg_final_coverage=99.76% | avg_broadcast=100.00%
    Eval -> avg_reward=18.76 | avg_final_coverage=99.74% | avg_broadcast=100.00%
[DQN] step=2485 | epsilon=0.754 | mean_reward=15.97 | mean_coverage=91.75% | mean_broadcast=100.00% | q_loss=0.1384
    Eval -> avg_reward=18.02 | avg_final_coverage=98.38% | avg_broadcast=100.00%
[DQN] step=2490 | epsilon=0.754 | mean_reward=15.97 | mean_coverage=91.75% | mean_broadcast=100.00% | q_loss=0.1766
    Eval -> avg_reward=18.11 | avg_final_coverage=98.82% | avg_broadcast=100.00%
[DQN] step=2495 | epsilon=0.753 | mean_reward=15.97 | mean_coverage=91.75% | mean_broadcast=100.00% | q_loss=0.1373
    Eval -> avg_reward=18.91 | avg_final_coverage=99.68% | avg_broadcast=100.00%
[DQN] step=2500 | epsilon=0.753 | mean_reward=15.66 | mean_coverage=90.68% | mean_broadcast=99.47% | q_loss=0.0979
    Eval -> avg_reward=18.23 | avg_final_coverage=99.46% | avg_broadcast=100.00%
    Eval -> avg_reward=17.35 | avg_final_coverage=97.97% | avg_broadcast=100.00%
[DQN] step=2505 | epsilon=0.752 | mean_reward=15.66 | mean_coverage=90.68% | mean_broadcast=99.47% | q_loss=0.1224
    Eval -> avg_reward=17.56 | avg_final_coverage=97.38% | avg_broadcast=100.00%
[DQN] step=2510 | epsilon=0.752 | mean_reward=15.66 | mean_coverage=90.68% | mean_broadcast=99.47% | q_loss=0.1465
    Eval -> avg_reward=18.12 | avg_final_coverage=98.76% | avg_broadcast=100.00%
[DQN] step=2515 | epsilon=0.751 | mean_reward=15.66 | mean_coverage=90.68% | mean_broadcast=99.47% | q_loss=0.1622
    Eval -> avg_reward=18.12 | avg_final_coverage=98.51% | avg_broadcast=100.00%
[DQN] step=2520 | epsilon=0.751 | mean_reward=15.66 | mean_coverage=90.68% | mean_broadcast=99.47% | q_loss=0.7785
    Eval -> avg_reward=18.07 | avg_final_coverage=98.25% | avg_broadcast=100.00%
    Eval -> avg_reward=18.17 | avg_final_coverage=98.59% | avg_broadcast=100.00%
[DQN] step=2525 | epsilon=0.750 | mean_reward=15.77 | mean_coverage=91.54% | mean_broadcast=99.47% | q_loss=0.9370
    Eval -> avg_reward=18.50 | avg_final_coverage=98.85% | avg_broadcast=100.00%
[DQN] step=2530 | epsilon=0.750 | mean_reward=15.77 | mean_coverage=91.54% | mean_broadcast=99.47% | q_loss=0.4740
    Eval -> avg_reward=17.76 | avg_final_coverage=97.24% | avg_broadcast=100.00%
[DQN] step=2535 | epsilon=0.749 | mean_reward=15.77 | mean_coverage=91.54% | mean_broadcast=99.47% | q_loss=0.6323
    Eval -> avg_reward=18.06 | avg_final_coverage=98.78% | avg_broadcast=100.00%
[DQN] step=2540 | epsilon=0.749 | mean_reward=15.77 | mean_coverage=91.54% | mean_broadcast=99.47% | q_loss=0.5288
    Eval -> avg_reward=17.81 | avg_final_coverage=98.40% | avg_broadcast=100.00%
    Eval -> avg_reward=18.16 | avg_final_coverage=99.18% | avg_broadcast=100.00%
[DQN] step=2545 | epsilon=0.748 | mean_reward=15.77 | mean_coverage=91.54% | mean_broadcast=99.47% | q_loss=0.3020
    Eval -> avg_reward=17.57 | avg_final_coverage=97.91% | avg_broadcast=100.00%
[DQN] step=2550 | epsilon=0.748 | mean_reward=16.63 | mean_coverage=94.88% | mean_broadcast=99.47% | q_loss=0.3351
    Eval -> avg_reward=17.58 | avg_final_coverage=97.54% | avg_broadcast=100.00%
[DQN] step=2555 | epsilon=0.747 | mean_reward=16.63 | mean_coverage=94.88% | mean_broadcast=99.47% | q_loss=0.2912
    Eval -> avg_reward=18.06 | avg_final_coverage=98.81% | avg_broadcast=100.00%
[DQN] step=2560 | epsilon=0.747 | mean_reward=16.63 | mean_coverage=94.88% | mean_broadcast=99.47% | q_loss=0.2965
    Eval -> avg_reward=18.43 | avg_final_coverage=99.18% | avg_broadcast=100.00%
    Eval -> avg_reward=17.85 | avg_final_coverage=97.74% | avg_broadcast=100.00%
[DQN] step=2565 | epsilon=0.746 | mean_reward=16.63 | mean_coverage=94.88% | mean_broadcast=99.47% | q_loss=0.2375
    Eval -> avg_reward=18.18 | avg_final_coverage=98.63% | avg_broadcast=100.00%
[DQN] step=2570 | epsilon=0.746 | mean_reward=16.63 | mean_coverage=94.88% | mean_broadcast=99.47% | q_loss=0.1712
    Eval -> avg_reward=18.01 | avg_final_coverage=97.90% | avg_broadcast=100.00%
[DQN] step=2575 | epsilon=0.745 | mean_reward=16.39 | mean_coverage=94.15% | mean_broadcast=99.47% | q_loss=0.2169
    Eval -> avg_reward=17.93 | avg_final_coverage=97.78% | avg_broadcast=100.00%
[DQN] step=2580 | epsilon=0.745 | mean_reward=16.39 | mean_coverage=94.15% | mean_broadcast=99.47% | q_loss=0.2118
    Eval -> avg_reward=17.89 | avg_final_coverage=97.66% | avg_broadcast=100.00%
    Eval -> avg_reward=17.56 | avg_final_coverage=97.04% | avg_broadcast=100.00%
[DQN] step=2585 | epsilon=0.744 | mean_reward=16.39 | mean_coverage=94.15% | mean_broadcast=99.47% | q_loss=0.1482
    Eval -> avg_reward=17.46 | avg_final_coverage=96.99% | avg_broadcast=100.00%
[DQN] step=2590 | epsilon=0.744 | mean_reward=16.39 | mean_coverage=94.15% | mean_broadcast=99.47% | q_loss=0.1916
    Eval -> avg_reward=17.57 | avg_final_coverage=97.37% | avg_broadcast=100.00%
[DQN] step=2595 | epsilon=0.743 | mean_reward=16.39 | mean_coverage=94.15% | mean_broadcast=99.47% | q_loss=0.2076
    Eval -> avg_reward=17.99 | avg_final_coverage=98.97% | avg_broadcast=100.00%
[DQN] step=2600 | epsilon=0.743 | mean_reward=16.59 | mean_coverage=94.75% | mean_broadcast=99.47% | q_loss=0.3416
    Eval -> avg_reward=17.90 | avg_final_coverage=98.31% | avg_broadcast=100.00%
    Eval -> avg_reward=18.21 | avg_final_coverage=99.10% | avg_broadcast=100.00%
[DQN] step=2605 | epsilon=0.742 | mean_reward=16.59 | mean_coverage=94.75% | mean_broadcast=99.47% | q_loss=0.4512
    Eval -> avg_reward=18.22 | avg_final_coverage=99.25% | avg_broadcast=100.00%
[DQN] step=2610 | epsilon=0.742 | mean_reward=16.59 | mean_coverage=94.75% | mean_broadcast=99.47% | q_loss=0.2729
    Eval -> avg_reward=18.38 | avg_final_coverage=99.60% | avg_broadcast=100.00%
[DQN] step=2615 | epsilon=0.741 | mean_reward=16.59 | mean_coverage=94.75% | mean_broadcast=99.47% | q_loss=0.2693
    Eval -> avg_reward=18.12 | avg_final_coverage=98.43% | avg_broadcast=100.00%
[DQN] step=2620 | epsilon=0.741 | mean_reward=16.59 | mean_coverage=94.75% | mean_broadcast=99.47% | q_loss=0.1537
    Eval -> avg_reward=18.04 | avg_final_coverage=98.35% | avg_broadcast=100.00%
    Eval -> avg_reward=17.81 | avg_final_coverage=97.31% | avg_broadcast=100.00%
[DQN] step=2625 | epsilon=0.740 | mean_reward=16.71 | mean_coverage=95.00% | mean_broadcast=99.94% | q_loss=0.1564
    Eval -> avg_reward=17.81 | avg_final_coverage=97.49% | avg_broadcast=100.00%
[DQN] step=2630 | epsilon=0.740 | mean_reward=16.71 | mean_coverage=95.00% | mean_broadcast=99.94% | q_loss=0.2108
    Eval -> avg_reward=18.01 | avg_final_coverage=98.47% | avg_broadcast=100.00%
[DQN] step=2635 | epsilon=0.739 | mean_reward=16.71 | mean_coverage=95.00% | mean_broadcast=99.94% | q_loss=0.9378
    Eval -> avg_reward=17.66 | avg_final_coverage=98.26% | avg_broadcast=100.00%
[DQN] step=2640 | epsilon=0.739 | mean_reward=16.71 | mean_coverage=95.00% | mean_broadcast=99.94% | q_loss=0.6961
    Eval -> avg_reward=17.91 | avg_final_coverage=99.13% | avg_broadcast=100.00%
    Eval -> avg_reward=18.04 | avg_final_coverage=99.21% | avg_broadcast=100.00%
[DQN] step=2645 | epsilon=0.738 | mean_reward=16.71 | mean_coverage=95.00% | mean_broadcast=99.94% | q_loss=0.6435
    Eval -> avg_reward=18.05 | avg_final_coverage=99.22% | avg_broadcast=100.00%
[DQN] step=2650 | epsilon=0.738 | mean_reward=16.76 | mean_coverage=94.59% | mean_broadcast=99.94% | q_loss=0.4370
    Eval -> avg_reward=17.88 | avg_final_coverage=99.03% | avg_broadcast=100.00%
[DQN] step=2655 | epsilon=0.737 | mean_reward=16.76 | mean_coverage=94.59% | mean_broadcast=99.94% | q_loss=0.4572
    Eval -> avg_reward=17.93 | avg_final_coverage=99.25% | avg_broadcast=100.00%
[DQN] step=2660 | epsilon=0.737 | mean_reward=16.76 | mean_coverage=94.59% | mean_broadcast=99.94% | q_loss=0.6537
    Eval -> avg_reward=17.76 | avg_final_coverage=98.85% | avg_broadcast=100.00%
    Eval -> avg_reward=17.49 | avg_final_coverage=99.01% | avg_broadcast=100.00%
[DQN] step=2665 | epsilon=0.736 | mean_reward=16.76 | mean_coverage=94.59% | mean_broadcast=99.94% | q_loss=0.2675
    Eval -> avg_reward=17.38 | avg_final_coverage=97.90% | avg_broadcast=100.00%
[DQN] step=2670 | epsilon=0.736 | mean_reward=16.76 | mean_coverage=94.59% | mean_broadcast=99.94% | q_loss=0.4794
    Eval -> avg_reward=17.71 | avg_final_coverage=99.49% | avg_broadcast=100.00%
[DQN] step=2675 | epsilon=0.735 | mean_reward=16.85 | mean_coverage=94.74% | mean_broadcast=99.94% | q_loss=0.4884
    Eval -> avg_reward=17.68 | avg_final_coverage=98.71% | avg_broadcast=100.00%
[DQN] step=2680 | epsilon=0.735 | mean_reward=16.85 | mean_coverage=94.74% | mean_broadcast=99.94% | q_loss=0.8629
    Eval -> avg_reward=17.72 | avg_final_coverage=97.74% | avg_broadcast=100.00%
    Eval -> avg_reward=17.83 | avg_final_coverage=97.97% | avg_broadcast=100.00%
[DQN] step=2685 | epsilon=0.734 | mean_reward=16.85 | mean_coverage=94.74% | mean_broadcast=99.94% | q_loss=0.4616
    Eval -> avg_reward=17.97 | avg_final_coverage=98.47% | avg_broadcast=100.00%
[DQN] step=2690 | epsilon=0.734 | mean_reward=16.85 | mean_coverage=94.74% | mean_broadcast=99.94% | q_loss=0.4093
    Eval -> avg_reward=19.18 | avg_final_coverage=98.96% | avg_broadcast=100.00%
[DQN] step=2695 | epsilon=0.733 | mean_reward=16.85 | mean_coverage=94.74% | mean_broadcast=99.94% | q_loss=0.3672
    Eval -> avg_reward=18.52 | avg_final_coverage=99.68% | avg_broadcast=100.00%
[DQN] step=2700 | epsilon=0.733 | mean_reward=16.74 | mean_coverage=94.43% | mean_broadcast=99.94% | q_loss=0.3753
    Eval -> avg_reward=18.57 | avg_final_coverage=99.50% | avg_broadcast=100.00%
    Eval -> avg_reward=18.57 | avg_final_coverage=99.78% | avg_broadcast=100.00%
[DQN] step=2705 | epsilon=0.732 | mean_reward=16.74 | mean_coverage=94.43% | mean_broadcast=99.94% | q_loss=0.3375
    Eval -> avg_reward=18.40 | avg_final_coverage=99.47% | avg_broadcast=100.00%
[DQN] step=2710 | epsilon=0.732 | mean_reward=16.74 | mean_coverage=94.43% | mean_broadcast=99.94% | q_loss=0.2503
    Eval -> avg_reward=18.19 | avg_final_coverage=98.25% | avg_broadcast=100.00%
[DQN] step=2715 | epsilon=0.731 | mean_reward=16.74 | mean_coverage=94.43% | mean_broadcast=99.94% | q_loss=0.2797
    Eval -> avg_reward=18.04 | avg_final_coverage=97.85% | avg_broadcast=100.00%
[DQN] step=2720 | epsilon=0.731 | mean_reward=16.74 | mean_coverage=94.43% | mean_broadcast=99.94% | q_loss=0.8285
    Eval -> avg_reward=18.23 | avg_final_coverage=98.44% | avg_broadcast=100.00%
    Eval -> avg_reward=18.89 | avg_final_coverage=99.43% | avg_broadcast=100.00%
[DQN] step=2725 | epsilon=0.730 | mean_reward=16.92 | mean_coverage=94.85% | mean_broadcast=99.94% | q_loss=0.7646
    Eval -> avg_reward=18.60 | avg_final_coverage=99.56% | avg_broadcast=100.00%
[DQN] step=2730 | epsilon=0.730 | mean_reward=16.92 | mean_coverage=94.85% | mean_broadcast=99.94% | q_loss=0.6676
    Eval -> avg_reward=18.99 | avg_final_coverage=99.65% | avg_broadcast=100.00%
[DQN] step=2735 | epsilon=0.729 | mean_reward=16.92 | mean_coverage=94.85% | mean_broadcast=99.94% | q_loss=0.6036
    Eval -> avg_reward=18.53 | avg_final_coverage=99.68% | avg_broadcast=100.00%
[DQN] step=2740 | epsilon=0.729 | mean_reward=16.92 | mean_coverage=94.85% | mean_broadcast=99.94% | q_loss=0.5567
    Eval -> avg_reward=17.98 | avg_final_coverage=98.59% | avg_broadcast=100.00%
    Eval -> avg_reward=18.18 | avg_final_coverage=99.01% | avg_broadcast=100.00%
[DQN] step=2745 | epsilon=0.728 | mean_reward=16.92 | mean_coverage=94.85% | mean_broadcast=99.94% | q_loss=0.3909
    Eval -> avg_reward=18.10 | avg_final_coverage=98.74% | avg_broadcast=100.00%
[DQN] step=2750 | epsilon=0.728 | mean_reward=16.16 | mean_coverage=91.51% | mean_broadcast=100.00% | q_loss=0.3397
    Eval -> avg_reward=18.11 | avg_final_coverage=98.54% | avg_broadcast=100.00%
[DQN] step=2755 | epsilon=0.727 | mean_reward=16.16 | mean_coverage=91.51% | mean_broadcast=100.00% | q_loss=0.2422
    Eval -> avg_reward=18.35 | avg_final_coverage=99.10% | avg_broadcast=100.00%
[DQN] step=2760 | epsilon=0.727 | mean_reward=16.16 | mean_coverage=91.51% | mean_broadcast=100.00% | q_loss=0.2423
    Eval -> avg_reward=18.04 | avg_final_coverage=97.76% | avg_broadcast=100.00%
    Eval -> avg_reward=18.12 | avg_final_coverage=98.21% | avg_broadcast=100.00%
[DQN] step=2765 | epsilon=0.726 | mean_reward=16.16 | mean_coverage=91.51% | mean_broadcast=100.00% | q_loss=0.2672
    Eval -> avg_reward=18.42 | avg_final_coverage=99.63% | avg_broadcast=100.00%
[DQN] step=2770 | epsilon=0.726 | mean_reward=16.16 | mean_coverage=91.51% | mean_broadcast=100.00% | q_loss=0.3088
    Eval -> avg_reward=18.19 | avg_final_coverage=99.01% | avg_broadcast=100.00%
[DQN] step=2775 | epsilon=0.725 | mean_reward=16.20 | mean_coverage=91.93% | mean_broadcast=100.00% | q_loss=0.2272
    Eval -> avg_reward=18.27 | avg_final_coverage=98.79% | avg_broadcast=100.00%
[DQN] step=2780 | epsilon=0.725 | mean_reward=16.20 | mean_coverage=91.93% | mean_broadcast=100.00% | q_loss=0.2832
    Eval -> avg_reward=18.00 | avg_final_coverage=98.06% | avg_broadcast=100.00%
    Eval -> avg_reward=17.37 | avg_final_coverage=95.29% | avg_broadcast=100.00%
[DQN] step=2785 | epsilon=0.725 | mean_reward=16.20 | mean_coverage=91.93% | mean_broadcast=100.00% | q_loss=0.3296
    Eval -> avg_reward=17.87 | avg_final_coverage=97.21% | avg_broadcast=100.00%
[DQN] step=2790 | epsilon=0.724 | mean_reward=16.20 | mean_coverage=91.93% | mean_broadcast=100.00% | q_loss=0.3083
    Eval -> avg_reward=17.99 | avg_final_coverage=97.79% | avg_broadcast=100.00%
[DQN] step=2795 | epsilon=0.724 | mean_reward=16.20 | mean_coverage=91.93% | mean_broadcast=100.00% | q_loss=0.2430
    Eval -> avg_reward=17.92 | avg_final_coverage=96.88% | avg_broadcast=100.00%
[DQN] step=2800 | epsilon=0.723 | mean_reward=16.08 | mean_coverage=91.38% | mean_broadcast=100.00% | q_loss=0.7821
    Eval -> avg_reward=17.02 | avg_final_coverage=93.57% | avg_broadcast=100.00%
    Eval -> avg_reward=17.51 | avg_final_coverage=95.49% | avg_broadcast=100.00%
[DQN] step=2805 | epsilon=0.723 | mean_reward=16.08 | mean_coverage=91.38% | mean_broadcast=100.00% | q_loss=0.5089
    Eval -> avg_reward=17.55 | avg_final_coverage=96.56% | avg_broadcast=100.00%
[DQN] step=2810 | epsilon=0.722 | mean_reward=16.08 | mean_coverage=91.38% | mean_broadcast=100.00% | q_loss=0.4869
    Eval -> avg_reward=17.60 | avg_final_coverage=96.79% | avg_broadcast=100.00%
[DQN] step=2815 | epsilon=0.722 | mean_reward=16.08 | mean_coverage=91.38% | mean_broadcast=100.00% | q_loss=0.5870
    Eval -> avg_reward=18.00 | avg_final_coverage=97.84% | avg_broadcast=100.00%
[DQN] step=2820 | epsilon=0.721 | mean_reward=16.08 | mean_coverage=91.38% | mean_broadcast=100.00% | q_loss=0.8096
    Eval -> avg_reward=17.06 | avg_final_coverage=94.06% | avg_broadcast=100.00%
    Eval -> avg_reward=16.34 | avg_final_coverage=91.60% | avg_broadcast=100.00%
[DQN] step=2825 | epsilon=0.721 | mean_reward=16.10 | mean_coverage=91.29% | mean_broadcast=100.00% | q_loss=0.7001
    Eval -> avg_reward=16.92 | avg_final_coverage=93.59% | avg_broadcast=100.00%
[DQN] step=2830 | epsilon=0.720 | mean_reward=16.10 | mean_coverage=91.29% | mean_broadcast=100.00% | q_loss=0.4126
    Eval -> avg_reward=16.25 | avg_final_coverage=89.68% | avg_broadcast=100.00%
[DQN] step=2835 | epsilon=0.720 | mean_reward=16.10 | mean_coverage=91.29% | mean_broadcast=100.00% | q_loss=0.6503
    Eval -> avg_reward=17.80 | avg_final_coverage=94.88% | avg_broadcast=100.00%
[DQN] step=2840 | epsilon=0.719 | mean_reward=16.10 | mean_coverage=91.29% | mean_broadcast=100.00% | q_loss=0.4526
    Eval -> avg_reward=18.50 | avg_final_coverage=97.99% | avg_broadcast=100.00%
    Eval -> avg_reward=17.73 | avg_final_coverage=94.63% | avg_broadcast=100.00%
[DQN] step=2845 | epsilon=0.719 | mean_reward=16.10 | mean_coverage=91.29% | mean_broadcast=100.00% | q_loss=0.3307
    Eval -> avg_reward=16.40 | avg_final_coverage=90.91% | avg_broadcast=100.00%
[DQN] step=2850 | epsilon=0.718 | mean_reward=14.95 | mean_coverage=87.03% | mean_broadcast=99.99% | q_loss=0.3049
    Eval -> avg_reward=17.75 | avg_final_coverage=96.56% | avg_broadcast=100.00%
[DQN] step=2855 | epsilon=0.718 | mean_reward=14.95 | mean_coverage=87.03% | mean_broadcast=99.99% | q_loss=0.3892
    Eval -> avg_reward=18.22 | avg_final_coverage=98.53% | avg_broadcast=100.00%
[DQN] step=2860 | epsilon=0.717 | mean_reward=14.95 | mean_coverage=87.03% | mean_broadcast=99.99% | q_loss=0.3671
    Eval -> avg_reward=17.95 | avg_final_coverage=97.31% | avg_broadcast=100.00%
    Eval -> avg_reward=17.64 | avg_final_coverage=96.24% | avg_broadcast=100.00%
[DQN] step=2865 | epsilon=0.717 | mean_reward=14.95 | mean_coverage=87.03% | mean_broadcast=99.99% | q_loss=0.3429
    Eval -> avg_reward=16.56 | avg_final_coverage=92.59% | avg_broadcast=100.00%
[DQN] step=2870 | epsilon=0.716 | mean_reward=14.95 | mean_coverage=87.03% | mean_broadcast=99.99% | q_loss=0.3691
    Eval -> avg_reward=17.85 | avg_final_coverage=97.03% | avg_broadcast=100.00%
[DQN] step=2875 | epsilon=0.716 | mean_reward=16.03 | mean_coverage=91.54% | mean_broadcast=99.99% | q_loss=0.4656
    Eval -> avg_reward=17.91 | avg_final_coverage=97.62% | avg_broadcast=100.00%
[DQN] step=2880 | epsilon=0.715 | mean_reward=16.03 | mean_coverage=91.54% | mean_broadcast=99.99% | q_loss=0.2899
    Eval -> avg_reward=17.74 | avg_final_coverage=97.31% | avg_broadcast=100.00%
    Eval -> avg_reward=17.38 | avg_final_coverage=96.21% | avg_broadcast=100.00%
[DQN] step=2885 | epsilon=0.715 | mean_reward=16.03 | mean_coverage=91.54% | mean_broadcast=99.99% | q_loss=0.2415
    Eval -> avg_reward=17.59 | avg_final_coverage=96.66% | avg_broadcast=100.00%
[DQN] step=2890 | epsilon=0.714 | mean_reward=16.03 | mean_coverage=91.54% | mean_broadcast=99.99% | q_loss=1.7865
    Eval -> avg_reward=17.27 | avg_final_coverage=94.63% | avg_broadcast=100.00%
[DQN] step=2895 | epsilon=0.714 | mean_reward=16.03 | mean_coverage=91.54% | mean_broadcast=99.99% | q_loss=1.1003
    Eval -> avg_reward=16.99 | avg_final_coverage=94.04% | avg_broadcast=100.00%
[DQN] step=2900 | epsilon=0.713 | mean_reward=15.90 | mean_coverage=90.75% | mean_broadcast=99.99% | q_loss=1.3030
    Eval -> avg_reward=16.31 | avg_final_coverage=91.57% | avg_broadcast=100.00%
    Eval -> avg_reward=16.73 | avg_final_coverage=93.29% | avg_broadcast=100.00%
[DQN] step=2905 | epsilon=0.713 | mean_reward=15.90 | mean_coverage=90.75% | mean_broadcast=99.99% | q_loss=0.7328
    Eval -> avg_reward=17.55 | avg_final_coverage=95.68% | avg_broadcast=100.00%
[DQN] step=2910 | epsilon=0.712 | mean_reward=15.90 | mean_coverage=90.75% | mean_broadcast=99.99% | q_loss=0.6053
    Eval -> avg_reward=17.29 | avg_final_coverage=95.07% | avg_broadcast=100.00%
[DQN] step=2915 | epsilon=0.712 | mean_reward=15.90 | mean_coverage=90.75% | mean_broadcast=99.99% | q_loss=0.5873
    Eval -> avg_reward=17.19 | avg_final_coverage=95.75% | avg_broadcast=100.00%
[DQN] step=2920 | epsilon=0.711 | mean_reward=15.90 | mean_coverage=90.75% | mean_broadcast=99.99% | q_loss=0.4230
    Eval -> avg_reward=17.49 | avg_final_coverage=97.10% | avg_broadcast=100.00%
    Eval -> avg_reward=16.81 | avg_final_coverage=94.26% | avg_broadcast=100.00%
[DQN] step=2925 | epsilon=0.711 | mean_reward=15.47 | mean_coverage=89.47% | mean_broadcast=99.99% | q_loss=0.3754
    Eval -> avg_reward=16.73 | avg_final_coverage=94.35% | avg_broadcast=100.00%
[DQN] step=2930 | epsilon=0.710 | mean_reward=15.47 | mean_coverage=89.47% | mean_broadcast=99.99% | q_loss=0.3438
    Eval -> avg_reward=16.78 | avg_final_coverage=95.00% | avg_broadcast=100.00%
[DQN] step=2935 | epsilon=0.710 | mean_reward=15.47 | mean_coverage=89.47% | mean_broadcast=99.99% | q_loss=0.4164
    Eval -> avg_reward=16.99 | avg_final_coverage=95.72% | avg_broadcast=100.00%
[DQN] step=2940 | epsilon=0.709 | mean_reward=15.47 | mean_coverage=89.47% | mean_broadcast=99.99% | q_loss=0.4951
    Eval -> avg_reward=16.61 | avg_final_coverage=94.51% | avg_broadcast=100.00%
    Eval -> avg_reward=16.63 | avg_final_coverage=94.81% | avg_broadcast=100.00%
[DQN] step=2945 | epsilon=0.709 | mean_reward=15.47 | mean_coverage=89.47% | mean_broadcast=99.99% | q_loss=0.9717
    Eval -> avg_reward=16.35 | avg_final_coverage=94.34% | avg_broadcast=100.00%
[DQN] step=2950 | epsilon=0.708 | mean_reward=15.55 | mean_coverage=89.79% | mean_broadcast=99.99% | q_loss=0.5649
    Eval -> avg_reward=16.48 | avg_final_coverage=95.43% | avg_broadcast=100.00%
[DQN] step=2955 | epsilon=0.708 | mean_reward=15.55 | mean_coverage=89.79% | mean_broadcast=99.99% | q_loss=0.4482
    Eval -> avg_reward=16.32 | avg_final_coverage=94.03% | avg_broadcast=100.00%
[DQN] step=2960 | epsilon=0.707 | mean_reward=15.55 | mean_coverage=89.79% | mean_broadcast=99.99% | q_loss=0.4518
    Eval -> avg_reward=17.17 | avg_final_coverage=97.50% | avg_broadcast=100.00%
    Eval -> avg_reward=17.19 | avg_final_coverage=96.04% | avg_broadcast=100.00%
[DQN] step=2965 | epsilon=0.707 | mean_reward=15.55 | mean_coverage=89.79% | mean_broadcast=99.99% | q_loss=0.7174
    Eval -> avg_reward=17.37 | avg_final_coverage=96.51% | avg_broadcast=100.00%
[DQN] step=2970 | epsilon=0.706 | mean_reward=15.55 | mean_coverage=89.79% | mean_broadcast=99.99% | q_loss=0.7799
    Eval -> avg_reward=17.79 | avg_final_coverage=98.41% | avg_broadcast=100.00%
[DQN] step=2975 | epsilon=0.706 | mean_reward=15.77 | mean_coverage=90.96% | mean_broadcast=100.00% | q_loss=0.7145
    Eval -> avg_reward=17.06 | avg_final_coverage=96.13% | avg_broadcast=100.00%
[DQN] step=2980 | epsilon=0.705 | mean_reward=15.77 | mean_coverage=90.96% | mean_broadcast=100.00% | q_loss=0.4033
    Eval -> avg_reward=17.51 | avg_final_coverage=96.62% | avg_broadcast=100.00%
    Eval -> avg_reward=17.87 | avg_final_coverage=97.71% | avg_broadcast=100.00%
[DQN] step=2985 | epsilon=0.705 | mean_reward=15.77 | mean_coverage=90.96% | mean_broadcast=100.00% | q_loss=0.4871
    Eval -> avg_reward=17.94 | avg_final_coverage=97.54% | avg_broadcast=100.00%
[DQN] step=2990 | epsilon=0.704 | mean_reward=15.77 | mean_coverage=90.96% | mean_broadcast=100.00% | q_loss=0.3522
    Eval -> avg_reward=17.82 | avg_final_coverage=97.15% | avg_broadcast=100.00%
[DQN] step=2995 | epsilon=0.704 | mean_reward=15.77 | mean_coverage=90.96% | mean_broadcast=100.00% | q_loss=0.3257
    Eval -> avg_reward=17.26 | avg_final_coverage=95.35% | avg_broadcast=100.00%
[DQN] step=3000 | epsilon=0.703 | mean_reward=15.84 | mean_coverage=91.00% | mean_broadcast=100.00% | q_loss=0.2608
    Eval -> avg_reward=17.37 | avg_final_coverage=95.81% | avg_broadcast=100.00%
    Eval -> avg_reward=18.03 | avg_final_coverage=99.15% | avg_broadcast=100.00%
[DQN] step=3005 | epsilon=0.703 | mean_reward=15.84 | mean_coverage=91.00% | mean_broadcast=100.00% | q_loss=2.0633
    Eval -> avg_reward=17.82 | avg_final_coverage=99.09% | avg_broadcast=100.00%
[DQN] step=3010 | epsilon=0.702 | mean_reward=15.84 | mean_coverage=91.00% | mean_broadcast=100.00% | q_loss=1.3832
    Eval -> avg_reward=17.34 | avg_final_coverage=95.85% | avg_broadcast=100.00%
[DQN] step=3015 | epsilon=0.702 | mean_reward=15.84 | mean_coverage=91.00% | mean_broadcast=100.00% | q_loss=1.2455
    Eval -> avg_reward=17.22 | avg_final_coverage=95.91% | avg_broadcast=100.00%
[DQN] step=3020 | epsilon=0.701 | mean_reward=15.84 | mean_coverage=91.00% | mean_broadcast=100.00% | q_loss=0.8917
    Eval -> avg_reward=16.90 | avg_final_coverage=95.31% | avg_broadcast=100.00%
    Eval -> avg_reward=17.75 | avg_final_coverage=97.40% | avg_broadcast=100.00%
[DQN] step=3025 | epsilon=0.701 | mean_reward=15.63 | mean_coverage=90.59% | mean_broadcast=100.00% | q_loss=0.6353
    Eval -> avg_reward=17.87 | avg_final_coverage=98.01% | avg_broadcast=100.00%
[DQN] step=3030 | epsilon=0.700 | mean_reward=15.63 | mean_coverage=90.59% | mean_broadcast=100.00% | q_loss=0.4643
    Eval -> avg_reward=18.15 | avg_final_coverage=98.82% | avg_broadcast=100.00%
[DQN] step=3035 | epsilon=0.700 | mean_reward=15.63 | mean_coverage=90.59% | mean_broadcast=100.00% | q_loss=0.3593
    Eval -> avg_reward=18.28 | avg_final_coverage=98.82% | avg_broadcast=100.00%
[DQN] step=3040 | epsilon=0.699 | mean_reward=15.63 | mean_coverage=90.59% | mean_broadcast=100.00% | q_loss=0.3047
    Eval -> avg_reward=18.15 | avg_final_coverage=98.10% | avg_broadcast=100.00%
    Eval -> avg_reward=18.50 | avg_final_coverage=98.66% | avg_broadcast=100.00%
[DQN] step=3045 | epsilon=0.699 | mean_reward=15.63 | mean_coverage=90.59% | mean_broadcast=100.00% | q_loss=0.2914
    Eval -> avg_reward=18.34 | avg_final_coverage=98.26% | avg_broadcast=100.00%
[DQN] step=3050 | epsilon=0.698 | mean_reward=14.83 | mean_coverage=87.56% | mean_broadcast=100.00% | q_loss=0.2689
    Eval -> avg_reward=18.15 | avg_final_coverage=97.72% | avg_broadcast=100.00%
[DQN] step=3055 | epsilon=0.698 | mean_reward=14.83 | mean_coverage=87.56% | mean_broadcast=100.00% | q_loss=0.2002
    Eval -> avg_reward=18.67 | avg_final_coverage=99.06% | avg_broadcast=100.00%
[DQN] step=3060 | epsilon=0.697 | mean_reward=14.83 | mean_coverage=87.56% | mean_broadcast=100.00% | q_loss=0.3819
    Eval -> avg_reward=18.97 | avg_final_coverage=99.74% | avg_broadcast=100.00%
    Eval -> avg_reward=18.26 | avg_final_coverage=98.31% | avg_broadcast=100.00%
[DQN] step=3065 | epsilon=0.697 | mean_reward=14.83 | mean_coverage=87.56% | mean_broadcast=100.00% | q_loss=0.3363
    Eval -> avg_reward=18.02 | avg_final_coverage=97.16% | avg_broadcast=100.00%
[DQN] step=3070 | epsilon=0.696 | mean_reward=14.83 | mean_coverage=87.56% | mean_broadcast=100.00% | q_loss=0.3029
    Eval -> avg_reward=17.95 | avg_final_coverage=97.00% | avg_broadcast=100.00%
[DQN] step=3075 | epsilon=0.696 | mean_reward=14.92 | mean_coverage=87.87% | mean_broadcast=100.00% | q_loss=0.2363
    Eval -> avg_reward=18.25 | avg_final_coverage=97.78% | avg_broadcast=100.00%
[DQN] step=3080 | epsilon=0.695 | mean_reward=14.92 | mean_coverage=87.87% | mean_broadcast=100.00% | q_loss=0.2239
    Eval -> avg_reward=18.44 | avg_final_coverage=98.51% | avg_broadcast=100.00%
    Eval -> avg_reward=18.58 | avg_final_coverage=99.26% | avg_broadcast=100.00%
[DQN] step=3085 | epsilon=0.695 | mean_reward=14.92 | mean_coverage=87.87% | mean_broadcast=100.00% | q_loss=0.2041
    Eval -> avg_reward=20.03 | avg_final_coverage=99.91% | avg_broadcast=100.00%
[DQN] step=3090 | epsilon=0.694 | mean_reward=14.92 | mean_coverage=87.87% | mean_broadcast=100.00% | q_loss=0.4190
    Eval -> avg_reward=19.98 | avg_final_coverage=99.76% | avg_broadcast=100.00%
[DQN] step=3095 | epsilon=0.694 | mean_reward=16.09 | mean_coverage=91.10% | mean_broadcast=100.00% | q_loss=0.2711
    Eval -> avg_reward=20.60 | avg_final_coverage=99.88% | avg_broadcast=100.00%
[DQN] step=3100 | epsilon=0.693 | mean_reward=16.09 | mean_coverage=91.10% | mean_broadcast=100.00% | q_loss=0.2946
    Eval -> avg_reward=20.11 | avg_final_coverage=99.78% | avg_broadcast=100.00%
    Eval -> avg_reward=20.41 | avg_final_coverage=99.99% | avg_broadcast=100.00%
[DQN] step=3105 | epsilon=0.693 | mean_reward=16.09 | mean_coverage=91.10% | mean_broadcast=100.00% | q_loss=0.1937
    Eval -> avg_reward=20.41 | avg_final_coverage=99.99% | avg_broadcast=100.00%
[DQN] step=3110 | epsilon=0.692 | mean_reward=16.09 | mean_coverage=91.10% | mean_broadcast=100.00% | q_loss=0.4392
    Eval -> avg_reward=18.24 | avg_final_coverage=98.93% | avg_broadcast=100.00%
[DQN] step=3115 | epsilon=0.692 | mean_reward=16.09 | mean_coverage=91.10% | mean_broadcast=100.00% | q_loss=0.8750
    Eval -> avg_reward=17.45 | avg_final_coverage=95.82% | avg_broadcast=100.00%
[DQN] step=3120 | epsilon=0.691 | mean_reward=15.97 | mean_coverage=90.59% | mean_broadcast=100.00% | q_loss=1.3972
    Eval -> avg_reward=18.22 | avg_final_coverage=99.09% | avg_broadcast=100.00%
    Eval -> avg_reward=17.89 | avg_final_coverage=98.37% | avg_broadcast=100.00%
[DQN] step=3125 | epsilon=0.691 | mean_reward=15.97 | mean_coverage=90.59% | mean_broadcast=100.00% | q_loss=1.1012
    Eval -> avg_reward=15.82 | avg_final_coverage=88.25% | avg_broadcast=100.00%
[DQN] step=3130 | epsilon=0.690 | mean_reward=15.97 | mean_coverage=90.59% | mean_broadcast=100.00% | q_loss=1.0975
    Eval -> avg_reward=17.69 | avg_final_coverage=95.51% | avg_broadcast=100.00%
[DQN] step=3135 | epsilon=0.690 | mean_reward=15.97 | mean_coverage=90.59% | mean_broadcast=100.00% | q_loss=0.9781
    Eval -> avg_reward=17.53 | avg_final_coverage=95.28% | avg_broadcast=100.00%
[DQN] step=3140 | epsilon=0.689 | mean_reward=15.97 | mean_coverage=90.59% | mean_broadcast=100.00% | q_loss=0.5848
    Eval -> avg_reward=18.65 | avg_final_coverage=98.94% | avg_broadcast=100.00%
    Eval -> avg_reward=18.23 | avg_final_coverage=97.60% | avg_broadcast=100.00%
[DQN] step=3145 | epsilon=0.689 | mean_reward=15.92 | mean_coverage=90.87% | mean_broadcast=100.00% | q_loss=0.6488
    Eval -> avg_reward=16.18 | avg_final_coverage=90.32% | avg_broadcast=100.00%
[DQN] step=3150 | epsilon=0.688 | mean_reward=15.92 | mean_coverage=90.87% | mean_broadcast=100.00% | q_loss=0.4118
    Eval -> avg_reward=17.63 | avg_final_coverage=96.28% | avg_broadcast=100.00%
[DQN] step=3155 | epsilon=0.688 | mean_reward=15.92 | mean_coverage=90.87% | mean_broadcast=100.00% | q_loss=0.6585
    Eval -> avg_reward=18.08 | avg_final_coverage=98.56% | avg_broadcast=100.00%
[DQN] step=3160 | epsilon=0.687 | mean_reward=15.92 | mean_coverage=90.87% | mean_broadcast=100.00% | q_loss=2.4762
    Eval -> avg_reward=17.46 | avg_final_coverage=95.60% | avg_broadcast=100.00%
    Eval -> avg_reward=18.26 | avg_final_coverage=98.35% | avg_broadcast=100.00%
[DQN] step=3165 | epsilon=0.687 | mean_reward=15.92 | mean_coverage=90.87% | mean_broadcast=100.00% | q_loss=1.7493
    Eval -> avg_reward=18.89 | avg_final_coverage=99.32% | avg_broadcast=100.00%
[DQN] step=3170 | epsilon=0.686 | mean_reward=16.36 | mean_coverage=92.44% | mean_broadcast=100.00% | q_loss=1.6684
    Eval -> avg_reward=20.15 | avg_final_coverage=99.84% | avg_broadcast=100.00%
[DQN] step=3175 | epsilon=0.686 | mean_reward=16.36 | mean_coverage=92.44% | mean_broadcast=100.00% | q_loss=1.6599
    Eval -> avg_reward=19.12 | avg_final_coverage=99.79% | avg_broadcast=100.00%
[DQN] step=3180 | epsilon=0.685 | mean_reward=16.36 | mean_coverage=92.44% | mean_broadcast=100.00% | q_loss=0.8644
    Eval -> avg_reward=19.60 | avg_final_coverage=99.72% | avg_broadcast=100.00%
    Eval -> avg_reward=18.26 | avg_final_coverage=97.62% | avg_broadcast=100.00%
[DQN] step=3185 | epsilon=0.685 | mean_reward=16.36 | mean_coverage=92.44% | mean_broadcast=100.00% | q_loss=1.2445
    Eval -> avg_reward=17.87 | avg_final_coverage=96.54% | avg_broadcast=100.00%
[DQN] step=3190 | epsilon=0.684 | mean_reward=16.36 | mean_coverage=92.44% | mean_broadcast=100.00% | q_loss=0.6074
    Eval -> avg_reward=19.25 | avg_final_coverage=99.74% | avg_broadcast=100.00%
[DQN] step=3195 | epsilon=0.684 | mean_reward=16.81 | mean_coverage=94.01% | mean_broadcast=100.00% | q_loss=0.9765
    Eval -> avg_reward=18.36 | avg_final_coverage=98.00% | avg_broadcast=100.00%
[DQN] step=3200 | epsilon=0.683 | mean_reward=16.81 | mean_coverage=94.01% | mean_broadcast=100.00% | q_loss=0.6427
    Eval -> avg_reward=18.40 | avg_final_coverage=98.13% | avg_broadcast=100.00%
    Eval -> avg_reward=18.19 | avg_final_coverage=98.15% | avg_broadcast=100.00%
[DQN] step=3205 | epsilon=0.683 | mean_reward=16.81 | mean_coverage=94.01% | mean_broadcast=100.00% | q_loss=0.5398
    Eval -> avg_reward=18.91 | avg_final_coverage=99.31% | avg_broadcast=100.00%
[DQN] step=3210 | epsilon=0.682 | mean_reward=16.81 | mean_coverage=94.01% | mean_broadcast=100.00% | q_loss=0.5793
    Eval -> avg_reward=18.91 | avg_final_coverage=99.24% | avg_broadcast=100.00%
[DQN] step=3215 | epsilon=0.682 | mean_reward=16.81 | mean_coverage=94.01% | mean_broadcast=100.00% | q_loss=0.4401
    Eval -> avg_reward=18.65 | avg_final_coverage=98.60% | avg_broadcast=100.00%
[DQN] step=3220 | epsilon=0.681 | mean_reward=16.39 | mean_coverage=93.12% | mean_broadcast=100.00% | q_loss=0.4068
    Eval -> avg_reward=18.70 | avg_final_coverage=98.96% | avg_broadcast=100.00%
    Eval -> avg_reward=18.64 | avg_final_coverage=99.38% | avg_broadcast=100.00%
[DQN] step=3225 | epsilon=0.681 | mean_reward=16.39 | mean_coverage=93.12% | mean_broadcast=100.00% | q_loss=0.3094
    Eval -> avg_reward=18.45 | avg_final_coverage=98.93% | avg_broadcast=100.00%
[DQN] step=3230 | epsilon=0.680 | mean_reward=16.39 | mean_coverage=93.12% | mean_broadcast=100.00% | q_loss=0.3833
    Eval -> avg_reward=18.57 | avg_final_coverage=98.87% | avg_broadcast=100.00%
[DQN] step=3235 | epsilon=0.680 | mean_reward=16.39 | mean_coverage=93.12% | mean_broadcast=100.00% | q_loss=0.2753
    Eval -> avg_reward=18.45 | avg_final_coverage=98.35% | avg_broadcast=100.00%
[DQN] step=3240 | epsilon=0.679 | mean_reward=16.39 | mean_coverage=93.12% | mean_broadcast=100.00% | q_loss=0.4106
    Eval -> avg_reward=18.33 | avg_final_coverage=98.59% | avg_broadcast=100.00%
    Eval -> avg_reward=18.24 | avg_final_coverage=98.69% | avg_broadcast=100.00%
[DQN] step=3245 | epsilon=0.679 | mean_reward=15.79 | mean_coverage=91.13% | mean_broadcast=100.00% | q_loss=0.5652
    Eval -> avg_reward=19.02 | avg_final_coverage=99.68% | avg_broadcast=100.00%
[DQN] step=3250 | epsilon=0.678 | mean_reward=15.79 | mean_coverage=91.13% | mean_broadcast=100.00% | q_loss=0.5033
    Eval -> avg_reward=19.64 | avg_final_coverage=99.81% | avg_broadcast=100.00%
[DQN] step=3255 | epsilon=0.678 | mean_reward=15.79 | mean_coverage=91.13% | mean_broadcast=100.00% | q_loss=0.3499
    Eval -> avg_reward=20.14 | avg_final_coverage=99.82% | avg_broadcast=100.00%
[DQN] step=3260 | epsilon=0.677 | mean_reward=15.79 | mean_coverage=91.13% | mean_broadcast=100.00% | q_loss=0.3062
    Eval -> avg_reward=19.50 | avg_final_coverage=99.72% | avg_broadcast=100.00%
    Eval -> avg_reward=19.75 | avg_final_coverage=99.62% | avg_broadcast=100.00%
[DQN] step=3265 | epsilon=0.677 | mean_reward=15.79 | mean_coverage=91.13% | mean_broadcast=100.00% | q_loss=0.2329
    Eval -> avg_reward=19.53 | avg_final_coverage=99.81% | avg_broadcast=100.00%
[DQN] step=3270 | epsilon=0.677 | mean_reward=16.66 | mean_coverage=92.57% | mean_broadcast=100.00% | q_loss=0.2524
    Eval -> avg_reward=19.59 | avg_final_coverage=99.82% | avg_broadcast=100.00%
[DQN] step=3275 | epsilon=0.676 | mean_reward=16.66 | mean_coverage=92.57% | mean_broadcast=100.00% | q_loss=0.2146
    Eval -> avg_reward=19.51 | avg_final_coverage=99.75% | avg_broadcast=100.00%
[DQN] step=3280 | epsilon=0.676 | mean_reward=16.66 | mean_coverage=92.57% | mean_broadcast=100.00% | q_loss=0.1791
    Eval -> avg_reward=19.18 | avg_final_coverage=99.72% | avg_broadcast=100.00%
    Eval -> avg_reward=19.09 | avg_final_coverage=99.49% | avg_broadcast=100.00%
[DQN] step=3285 | epsilon=0.675 | mean_reward=16.66 | mean_coverage=92.57% | mean_broadcast=100.00% | q_loss=0.1707
    Eval -> avg_reward=19.58 | avg_final_coverage=99.81% | avg_broadcast=100.00%
[DQN] step=3290 | epsilon=0.675 | mean_reward=16.66 | mean_coverage=92.57% | mean_broadcast=100.00% | q_loss=0.2253
    Eval -> avg_reward=19.33 | avg_final_coverage=99.79% | avg_broadcast=100.00%
[DQN] step=3295 | epsilon=0.674 | mean_reward=17.43 | mean_coverage=95.12% | mean_broadcast=100.00% | q_loss=0.3592
    Eval -> avg_reward=19.24 | avg_final_coverage=99.66% | avg_broadcast=100.00%
[DQN] step=3300 | epsilon=0.674 | mean_reward=17.43 | mean_coverage=95.12% | mean_broadcast=100.00% | q_loss=0.3475
    Eval -> avg_reward=19.30 | avg_final_coverage=99.82% | avg_broadcast=100.00%
    Eval -> avg_reward=18.86 | avg_final_coverage=99.34% | avg_broadcast=100.00%
[DQN] step=3305 | epsilon=0.673 | mean_reward=17.43 | mean_coverage=95.12% | mean_broadcast=100.00% | q_loss=0.5436
    Eval -> avg_reward=18.73 | avg_final_coverage=99.65% | avg_broadcast=100.00%
[DQN] step=3310 | epsilon=0.673 | mean_reward=17.43 | mean_coverage=95.12% | mean_broadcast=100.00% | q_loss=0.3405
    Eval -> avg_reward=18.93 | avg_final_coverage=99.65% | avg_broadcast=100.00%
[DQN] step=3315 | epsilon=0.672 | mean_reward=17.43 | mean_coverage=95.12% | mean_broadcast=100.00% | q_loss=0.3735
    Eval -> avg_reward=19.32 | avg_final_coverage=99.84% | avg_broadcast=100.00%
[DQN] step=3320 | epsilon=0.672 | mean_reward=17.37 | mean_coverage=95.19% | mean_broadcast=100.00% | q_loss=0.2840
    Eval -> avg_reward=15.02 | avg_final_coverage=86.00% | avg_broadcast=100.00%
    Eval -> avg_reward=17.50 | avg_final_coverage=96.47% | avg_broadcast=100.00%
[DQN] step=3325 | epsilon=0.671 | mean_reward=17.37 | mean_coverage=95.19% | mean_broadcast=100.00% | q_loss=0.2044
    Eval -> avg_reward=17.86 | avg_final_coverage=98.32% | avg_broadcast=100.00%
[DQN] step=3330 | epsilon=0.671 | mean_reward=17.37 | mean_coverage=95.19% | mean_broadcast=100.00% | q_loss=0.3153
    Eval -> avg_reward=17.49 | avg_final_coverage=97.24% | avg_broadcast=100.00%
[DQN] step=3335 | epsilon=0.670 | mean_reward=17.37 | mean_coverage=95.19% | mean_broadcast=100.00% | q_loss=1.9728
    Eval -> avg_reward=17.29 | avg_final_coverage=96.43% | avg_broadcast=100.00%
[DQN] step=3340 | epsilon=0.670 | mean_reward=17.37 | mean_coverage=95.19% | mean_broadcast=100.00% | q_loss=1.5353
    Eval -> avg_reward=18.11 | avg_final_coverage=98.91% | avg_broadcast=100.00%
    Eval -> avg_reward=18.15 | avg_final_coverage=98.85% | avg_broadcast=100.00%
[DQN] step=3345 | epsilon=0.669 | mean_reward=16.64 | mean_coverage=92.56% | mean_broadcast=99.97% | q_loss=1.7594
    Eval -> avg_reward=16.48 | avg_final_coverage=94.15% | avg_broadcast=100.00%
[DQN] step=3350 | epsilon=0.669 | mean_reward=16.64 | mean_coverage=92.56% | mean_broadcast=99.97% | q_loss=1.6497
    Eval -> avg_reward=17.90 | avg_final_coverage=99.06% | avg_broadcast=100.00%
[DQN] step=3355 | epsilon=0.668 | mean_reward=16.64 | mean_coverage=92.56% | mean_broadcast=99.97% | q_loss=0.9114
    Eval -> avg_reward=18.53 | avg_final_coverage=99.78% | avg_broadcast=100.00%
[DQN] step=3360 | epsilon=0.668 | mean_reward=16.64 | mean_coverage=92.56% | mean_broadcast=99.97% | q_loss=0.8827
    Eval -> avg_reward=19.06 | avg_final_coverage=99.63% | avg_broadcast=100.00%
    Eval -> avg_reward=19.84 | avg_final_coverage=99.88% | avg_broadcast=100.00%
[DQN] step=3365 | epsilon=0.667 | mean_reward=16.64 | mean_coverage=92.56% | mean_broadcast=99.97% | q_loss=0.7896
    Eval -> avg_reward=19.68 | avg_final_coverage=99.85% | avg_broadcast=100.00%
[DQN] step=3370 | epsilon=0.667 | mean_reward=17.32 | mean_coverage=94.56% | mean_broadcast=99.97% | q_loss=0.6321
    Eval -> avg_reward=20.58 | avg_final_coverage=99.93% | avg_broadcast=100.00%
[DQN] step=3375 | epsilon=0.666 | mean_reward=17.32 | mean_coverage=94.56% | mean_broadcast=99.97% | q_loss=0.5344
    Eval -> avg_reward=20.51 | avg_final_coverage=99.94% | avg_broadcast=100.00%
[DQN] step=3380 | epsilon=0.666 | mean_reward=17.32 | mean_coverage=94.56% | mean_broadcast=99.97% | q_loss=0.3000
    Eval -> avg_reward=20.15 | avg_final_coverage=99.96% | avg_broadcast=100.00%
    Eval -> avg_reward=20.66 | avg_final_coverage=99.94% | avg_broadcast=100.00%
[DQN] step=3385 | epsilon=0.665 | mean_reward=17.32 | mean_coverage=94.56% | mean_broadcast=99.97% | q_loss=0.3025
    Eval -> avg_reward=20.14 | avg_final_coverage=99.85% | avg_broadcast=100.00%
[DQN] step=3390 | epsilon=0.665 | mean_reward=17.32 | mean_coverage=94.56% | mean_broadcast=99.97% | q_loss=0.3043
    Eval -> avg_reward=19.29 | avg_final_coverage=99.15% | avg_broadcast=100.00%
[DQN] step=3395 | epsilon=0.664 | mean_reward=16.56 | mean_coverage=92.72% | mean_broadcast=99.97% | q_loss=0.2226
    Eval -> avg_reward=19.34 | avg_final_coverage=99.74% | avg_broadcast=100.00%
[DQN] step=3400 | epsilon=0.664 | mean_reward=16.56 | mean_coverage=92.72% | mean_broadcast=99.97% | q_loss=0.2368
    Eval -> avg_reward=18.52 | avg_final_coverage=99.18% | avg_broadcast=100.00%
    Eval -> avg_reward=18.79 | avg_final_coverage=99.34% | avg_broadcast=100.00%
[DQN] step=3405 | epsilon=0.663 | mean_reward=16.56 | mean_coverage=92.72% | mean_broadcast=99.97% | q_loss=0.5696
    Eval -> avg_reward=18.62 | avg_final_coverage=99.22% | avg_broadcast=100.00%
[DQN] step=3410 | epsilon=0.663 | mean_reward=16.56 | mean_coverage=92.72% | mean_broadcast=99.97% | q_loss=0.2981
    Eval -> avg_reward=18.45 | avg_final_coverage=99.03% | avg_broadcast=100.00%
[DQN] step=3415 | epsilon=0.662 | mean_reward=16.56 | mean_coverage=92.72% | mean_broadcast=99.97% | q_loss=0.3611
    Eval -> avg_reward=18.25 | avg_final_coverage=97.97% | avg_broadcast=100.00%
[DQN] step=3420 | epsilon=0.662 | mean_reward=16.46 | mean_coverage=92.71% | mean_broadcast=99.97% | q_loss=0.2621
    Eval -> avg_reward=17.82 | avg_final_coverage=97.09% | avg_broadcast=100.00%
    Eval -> avg_reward=17.93 | avg_final_coverage=97.32% | avg_broadcast=100.00%
[DQN] step=3425 | epsilon=0.661 | mean_reward=16.46 | mean_coverage=92.71% | mean_broadcast=99.97% | q_loss=0.2704
    Eval -> avg_reward=18.06 | avg_final_coverage=98.15% | avg_broadcast=100.00%
[DQN] step=3430 | epsilon=0.661 | mean_reward=16.46 | mean_coverage=92.71% | mean_broadcast=99.97% | q_loss=1.2161
    Eval -> avg_reward=17.99 | avg_final_coverage=97.96% | avg_broadcast=100.00%
[DQN] step=3435 | epsilon=0.660 | mean_reward=16.46 | mean_coverage=92.71% | mean_broadcast=99.97% | q_loss=1.5420
    Eval -> avg_reward=18.28 | avg_final_coverage=98.03% | avg_broadcast=100.00%
[DQN] step=3440 | epsilon=0.660 | mean_reward=16.46 | mean_coverage=92.71% | mean_broadcast=99.97% | q_loss=1.1058
    Eval -> avg_reward=17.97 | avg_final_coverage=97.91% | avg_broadcast=100.00%
    Eval -> avg_reward=18.46 | avg_final_coverage=99.18% | avg_broadcast=100.00%
[DQN] step=3445 | epsilon=0.659 | mean_reward=16.42 | mean_coverage=92.16% | mean_broadcast=99.97% | q_loss=1.2717
    Eval -> avg_reward=18.41 | avg_final_coverage=98.91% | avg_broadcast=100.00%
[DQN] step=3450 | epsilon=0.659 | mean_reward=16.42 | mean_coverage=92.16% | mean_broadcast=99.97% | q_loss=0.6849
    Eval -> avg_reward=18.22 | avg_final_coverage=98.57% | avg_broadcast=100.00%
[DQN] step=3455 | epsilon=0.658 | mean_reward=16.42 | mean_coverage=92.16% | mean_broadcast=99.97% | q_loss=0.7848
    Eval -> avg_reward=18.33 | avg_final_coverage=98.90% | avg_broadcast=100.00%
[DQN] step=3460 | epsilon=0.658 | mean_reward=16.42 | mean_coverage=92.16% | mean_broadcast=99.97% | q_loss=0.4759
    Eval -> avg_reward=17.86 | avg_final_coverage=98.90% | avg_broadcast=100.00%
    Eval -> avg_reward=17.90 | avg_final_coverage=98.78% | avg_broadcast=100.00%
[DQN] step=3465 | epsilon=0.657 | mean_reward=16.42 | mean_coverage=92.16% | mean_broadcast=99.97% | q_loss=0.4737
    Eval -> avg_reward=17.98 | avg_final_coverage=98.76% | avg_broadcast=100.00%
[DQN] step=3470 | epsilon=0.657 | mean_reward=17.07 | mean_coverage=95.19% | mean_broadcast=100.00% | q_loss=0.4451
    Eval -> avg_reward=18.00 | avg_final_coverage=98.87% | avg_broadcast=100.00%
[DQN] step=3475 | epsilon=0.656 | mean_reward=17.07 | mean_coverage=95.19% | mean_broadcast=100.00% | q_loss=0.4782
    Eval -> avg_reward=17.69 | avg_final_coverage=98.04% | avg_broadcast=100.00%
[DQN] step=3480 | epsilon=0.656 | mean_reward=17.07 | mean_coverage=95.19% | mean_broadcast=100.00% | q_loss=0.4108
    Eval -> avg_reward=17.92 | avg_final_coverage=98.49% | avg_broadcast=100.00%
    Eval -> avg_reward=17.66 | avg_final_coverage=98.19% | avg_broadcast=100.00%
[DQN] step=3485 | epsilon=0.655 | mean_reward=17.07 | mean_coverage=95.19% | mean_broadcast=100.00% | q_loss=0.3773
    Eval -> avg_reward=18.10 | avg_final_coverage=99.57% | avg_broadcast=100.00%
[DQN] step=3490 | epsilon=0.655 | mean_reward=17.07 | mean_coverage=95.19% | mean_broadcast=100.00% | q_loss=0.6826
    Eval -> avg_reward=18.02 | avg_final_coverage=99.35% | avg_broadcast=100.00%
[DQN] step=3495 | epsilon=0.654 | mean_reward=16.80 | mean_coverage=94.26% | mean_broadcast=100.00% | q_loss=0.6356
    Eval -> avg_reward=17.54 | avg_final_coverage=98.47% | avg_broadcast=100.00%
[DQN] step=3500 | epsilon=0.654 | mean_reward=16.80 | mean_coverage=94.26% | mean_broadcast=100.00% | q_loss=0.5738
    Eval -> avg_reward=17.67 | avg_final_coverage=98.82% | avg_broadcast=100.00%
    Eval -> avg_reward=17.77 | avg_final_coverage=99.12% | avg_broadcast=100.00%
[DQN] step=3505 | epsilon=0.653 | mean_reward=16.80 | mean_coverage=94.26% | mean_broadcast=100.00% | q_loss=0.4257
    Eval -> avg_reward=16.86 | avg_final_coverage=95.09% | avg_broadcast=99.97%
[DQN] step=3510 | epsilon=0.653 | mean_reward=16.80 | mean_coverage=94.26% | mean_broadcast=100.00% | q_loss=0.3176
    Eval -> avg_reward=17.49 | avg_final_coverage=97.94% | avg_broadcast=100.00%
[DQN] step=3515 | epsilon=0.652 | mean_reward=16.80 | mean_coverage=94.26% | mean_broadcast=100.00% | q_loss=0.3578
    Eval -> avg_reward=16.71 | avg_final_coverage=94.46% | avg_broadcast=100.00%
[DQN] step=3520 | epsilon=0.652 | mean_reward=16.67 | mean_coverage=94.09% | mean_broadcast=100.00% | q_loss=1.5617
    Eval -> avg_reward=17.40 | avg_final_coverage=97.12% | avg_broadcast=99.46%
    Eval -> avg_reward=16.94 | avg_final_coverage=96.28% | avg_broadcast=100.00%
[DQN] step=3525 | epsilon=0.651 | mean_reward=16.67 | mean_coverage=94.09% | mean_broadcast=100.00% | q_loss=0.7769
    Eval -> avg_reward=17.02 | avg_final_coverage=95.40% | avg_broadcast=100.00%
[DQN] step=3530 | epsilon=0.651 | mean_reward=16.67 | mean_coverage=94.09% | mean_broadcast=100.00% | q_loss=0.5148
    Eval -> avg_reward=17.40 | avg_final_coverage=97.78% | avg_broadcast=100.00%
[DQN] step=3535 | epsilon=0.650 | mean_reward=16.67 | mean_coverage=94.09% | mean_broadcast=100.00% | q_loss=0.5977
    Eval -> avg_reward=17.20 | avg_final_coverage=97.22% | avg_broadcast=100.00%
[DQN] step=3540 | epsilon=0.650 | mean_reward=16.67 | mean_coverage=94.09% | mean_broadcast=100.00% | q_loss=1.0121
    Eval -> avg_reward=16.79 | avg_final_coverage=95.74% | avg_broadcast=100.00%
    Eval -> avg_reward=17.40 | avg_final_coverage=98.31% | avg_broadcast=100.00%
[DQN] step=3545 | epsilon=0.649 | mean_reward=16.48 | mean_coverage=93.56% | mean_broadcast=100.00% | q_loss=0.9989
    Eval -> avg_reward=17.88 | avg_final_coverage=99.56% | avg_broadcast=100.00%
[DQN] step=3550 | epsilon=0.649 | mean_reward=16.48 | mean_coverage=93.56% | mean_broadcast=100.00% | q_loss=0.9703
    Eval -> avg_reward=16.17 | avg_final_coverage=94.40% | avg_broadcast=100.00%
[DQN] step=3555 | epsilon=0.648 | mean_reward=16.48 | mean_coverage=93.56% | mean_broadcast=100.00% | q_loss=1.0101
    Eval -> avg_reward=16.76 | avg_final_coverage=96.41% | avg_broadcast=100.00%
[DQN] step=3560 | epsilon=0.648 | mean_reward=16.48 | mean_coverage=93.56% | mean_broadcast=100.00% | q_loss=0.9391
    Eval -> avg_reward=16.61 | avg_final_coverage=94.63% | avg_broadcast=100.00%
    Eval -> avg_reward=18.48 | avg_final_coverage=99.63% | avg_broadcast=100.00%
[DQN] step=3565 | epsilon=0.647 | mean_reward=16.48 | mean_coverage=93.56% | mean_broadcast=100.00% | q_loss=0.6144
    Eval -> avg_reward=18.14 | avg_final_coverage=99.47% | avg_broadcast=100.00%
[DQN] step=3570 | epsilon=0.647 | mean_reward=16.28 | mean_coverage=92.71% | mean_broadcast=100.00% | q_loss=0.6293
    Eval -> avg_reward=17.55 | avg_final_coverage=98.26% | avg_broadcast=100.00%
[DQN] step=3575 | epsilon=0.646 | mean_reward=16.28 | mean_coverage=92.71% | mean_broadcast=100.00% | q_loss=0.5018
    Eval -> avg_reward=16.25 | avg_final_coverage=95.07% | avg_broadcast=100.00%
[DQN] step=3580 | epsilon=0.646 | mean_reward=16.28 | mean_coverage=92.71% | mean_broadcast=100.00% | q_loss=0.3778
    Eval -> avg_reward=17.08 | avg_final_coverage=96.62% | avg_broadcast=100.00%
    Eval -> avg_reward=16.86 | avg_final_coverage=95.93% | avg_broadcast=100.00%
[DQN] step=3585 | epsilon=0.645 | mean_reward=16.28 | mean_coverage=92.71% | mean_broadcast=100.00% | q_loss=0.3499
    Eval -> avg_reward=16.43 | avg_final_coverage=95.07% | avg_broadcast=100.00%
[DQN] step=3590 | epsilon=0.645 | mean_reward=16.28 | mean_coverage=92.71% | mean_broadcast=100.00% | q_loss=0.3405
    Eval -> avg_reward=16.59 | avg_final_coverage=94.84% | avg_broadcast=100.00%
[DQN] step=3595 | epsilon=0.644 | mean_reward=16.14 | mean_coverage=91.84% | mean_broadcast=100.00% | q_loss=0.3302
    Eval -> avg_reward=16.45 | avg_final_coverage=95.01% | avg_broadcast=100.00%
[DQN] step=3600 | epsilon=0.644 | mean_reward=16.14 | mean_coverage=91.84% | mean_broadcast=100.00% | q_loss=0.8576
    Eval -> avg_reward=17.59 | avg_final_coverage=98.68% | avg_broadcast=100.00%
    Eval -> avg_reward=17.62 | avg_final_coverage=98.66% | avg_broadcast=100.00%
[DQN] step=3605 | epsilon=0.643 | mean_reward=16.14 | mean_coverage=91.84% | mean_broadcast=100.00% | q_loss=0.6595
    Eval -> avg_reward=16.66 | avg_final_coverage=95.37% | avg_broadcast=100.00%
[DQN] step=3610 | epsilon=0.643 | mean_reward=16.14 | mean_coverage=91.84% | mean_broadcast=100.00% | q_loss=0.4833
    Eval -> avg_reward=16.60 | avg_final_coverage=94.49% | avg_broadcast=100.00%
[DQN] step=3615 | epsilon=0.642 | mean_reward=16.14 | mean_coverage=91.84% | mean_broadcast=100.00% | q_loss=0.6105
    Eval -> avg_reward=16.53 | avg_final_coverage=94.47% | avg_broadcast=100.00%
[DQN] step=3620 | epsilon=0.642 | mean_reward=16.20 | mean_coverage=92.37% | mean_broadcast=100.00% | q_loss=0.4308
    Eval -> avg_reward=17.86 | avg_final_coverage=99.29% | avg_broadcast=100.00%
    Eval -> avg_reward=17.80 | avg_final_coverage=98.99% | avg_broadcast=100.00%
[DQN] step=3625 | epsilon=0.641 | mean_reward=16.20 | mean_coverage=92.37% | mean_broadcast=100.00% | q_loss=0.3015
    Eval -> avg_reward=17.97 | avg_final_coverage=99.51% | avg_broadcast=100.00%
[DQN] step=3630 | epsilon=0.641 | mean_reward=16.20 | mean_coverage=92.37% | mean_broadcast=100.00% | q_loss=0.4792
    Eval -> avg_reward=17.84 | avg_final_coverage=99.13% | avg_broadcast=100.00%
[DQN] step=3635 | epsilon=0.640 | mean_reward=16.20 | mean_coverage=92.37% | mean_broadcast=100.00% | q_loss=0.4430
    Eval -> avg_reward=17.46 | avg_final_coverage=97.97% | avg_broadcast=100.00%
[DQN] step=3640 | epsilon=0.640 | mean_reward=16.20 | mean_coverage=92.37% | mean_broadcast=100.00% | q_loss=0.4422
    Eval -> avg_reward=17.51 | avg_final_coverage=98.16% | avg_broadcast=100.00%
    Eval -> avg_reward=17.63 | avg_final_coverage=98.76% | avg_broadcast=100.00%
[DQN] step=3645 | epsilon=0.639 | mean_reward=16.72 | mean_coverage=94.24% | mean_broadcast=100.00% | q_loss=0.3409
    Eval -> avg_reward=17.90 | avg_final_coverage=99.54% | avg_broadcast=100.00%
[DQN] step=3650 | epsilon=0.639 | mean_reward=16.72 | mean_coverage=94.24% | mean_broadcast=100.00% | q_loss=0.3432
    Eval -> avg_reward=17.22 | avg_final_coverage=97.24% | avg_broadcast=100.00%
[DQN] step=3655 | epsilon=0.638 | mean_reward=16.72 | mean_coverage=94.24% | mean_broadcast=100.00% | q_loss=1.9138
    Eval -> avg_reward=17.22 | avg_final_coverage=96.68% | avg_broadcast=100.00%
[DQN] step=3660 | epsilon=0.638 | mean_reward=16.72 | mean_coverage=94.24% | mean_broadcast=100.00% | q_loss=0.9251
    Eval -> avg_reward=16.32 | avg_final_coverage=93.09% | avg_broadcast=100.00%
    Eval -> avg_reward=16.87 | avg_final_coverage=96.38% | avg_broadcast=100.00%
[DQN] step=3665 | epsilon=0.637 | mean_reward=16.72 | mean_coverage=94.24% | mean_broadcast=100.00% | q_loss=1.2279
    Eval -> avg_reward=17.80 | avg_final_coverage=99.35% | avg_broadcast=100.00%
[DQN] step=3670 | epsilon=0.637 | mean_reward=16.87 | mean_coverage=94.79% | mean_broadcast=100.00% | q_loss=0.6345
    Eval -> avg_reward=18.67 | avg_final_coverage=99.75% | avg_broadcast=100.00%
[DQN] step=3675 | epsilon=0.636 | mean_reward=16.87 | mean_coverage=94.79% | mean_broadcast=100.00% | q_loss=0.9230
    Eval -> avg_reward=18.02 | avg_final_coverage=99.12% | avg_broadcast=100.00%
[DQN] step=3680 | epsilon=0.636 | mean_reward=16.87 | mean_coverage=94.79% | mean_broadcast=100.00% | q_loss=0.7333
    Eval -> avg_reward=18.25 | avg_final_coverage=98.71% | avg_broadcast=100.00%
    Eval -> avg_reward=18.43 | avg_final_coverage=99.15% | avg_broadcast=100.00%
[DQN] step=3685 | epsilon=0.635 | mean_reward=16.87 | mean_coverage=94.79% | mean_broadcast=100.00% | q_loss=0.5423
    Eval -> avg_reward=18.77 | avg_final_coverage=99.71% | avg_broadcast=100.00%
[DQN] step=3690 | epsilon=0.635 | mean_reward=16.87 | mean_coverage=94.79% | mean_broadcast=100.00% | q_loss=0.5353
    Eval -> avg_reward=18.24 | avg_final_coverage=99.28% | avg_broadcast=100.00%
[DQN] step=3695 | epsilon=0.634 | mean_reward=17.15 | mean_coverage=96.51% | mean_broadcast=100.00% | q_loss=0.5652
    Eval -> avg_reward=18.24 | avg_final_coverage=99.31% | avg_broadcast=100.00%
[DQN] step=3700 | epsilon=0.634 | mean_reward=17.15 | mean_coverage=96.51% | mean_broadcast=100.00% | q_loss=0.8653
    Eval -> avg_reward=18.28 | avg_final_coverage=99.19% | avg_broadcast=100.00%
    Eval -> avg_reward=18.22 | avg_final_coverage=99.09% | avg_broadcast=100.00%
[DQN] step=3705 | epsilon=0.633 | mean_reward=17.15 | mean_coverage=96.51% | mean_broadcast=100.00% | q_loss=1.0969
    Eval -> avg_reward=18.10 | avg_final_coverage=98.99% | avg_broadcast=100.00%
[DQN] step=3710 | epsilon=0.633 | mean_reward=17.15 | mean_coverage=96.51% | mean_broadcast=100.00% | q_loss=1.4152
    Eval -> avg_reward=17.97 | avg_final_coverage=98.57% | avg_broadcast=100.00%
[DQN] step=3715 | epsilon=0.632 | mean_reward=17.15 | mean_coverage=96.51% | mean_broadcast=100.00% | q_loss=1.1246
    Eval -> avg_reward=18.22 | avg_final_coverage=98.94% | avg_broadcast=100.00%
[DQN] step=3720 | epsilon=0.632 | mean_reward=17.31 | mean_coverage=97.19% | mean_broadcast=100.00% | q_loss=0.6844
    Eval -> avg_reward=18.02 | avg_final_coverage=98.82% | avg_broadcast=100.00%
    Eval -> avg_reward=17.98 | avg_final_coverage=99.04% | avg_broadcast=100.00%
[DQN] step=3725 | epsilon=0.631 | mean_reward=17.31 | mean_coverage=97.19% | mean_broadcast=100.00% | q_loss=0.7269
    Eval -> avg_reward=17.05 | avg_final_coverage=96.32% | avg_broadcast=100.00%
[DQN] step=3730 | epsilon=0.631 | mean_reward=17.31 | mean_coverage=97.19% | mean_broadcast=100.00% | q_loss=0.4989
    Eval -> avg_reward=17.03 | avg_final_coverage=96.06% | avg_broadcast=100.00%
[DQN] step=3735 | epsilon=0.630 | mean_reward=17.31 | mean_coverage=97.19% | mean_broadcast=100.00% | q_loss=0.4154
    Eval -> avg_reward=17.02 | avg_final_coverage=96.24% | avg_broadcast=100.00%
[DQN] step=3740 | epsilon=0.630 | mean_reward=17.31 | mean_coverage=97.19% | mean_broadcast=100.00% | q_loss=0.5310
    Eval -> avg_reward=17.02 | avg_final_coverage=96.07% | avg_broadcast=100.00%
    Eval -> avg_reward=17.25 | avg_final_coverage=96.94% | avg_broadcast=100.00%
[DQN] step=3745 | epsilon=0.629 | mean_reward=17.19 | mean_coverage=96.59% | mean_broadcast=100.00% | q_loss=0.4226
    Eval -> avg_reward=17.36 | avg_final_coverage=97.04% | avg_broadcast=100.00%
[DQN] step=3750 | epsilon=0.629 | mean_reward=17.19 | mean_coverage=96.59% | mean_broadcast=100.00% | q_loss=0.4028
    Eval -> avg_reward=17.14 | avg_final_coverage=96.51% | avg_broadcast=100.00%
[DQN] step=3755 | epsilon=0.629 | mean_reward=17.19 | mean_coverage=96.59% | mean_broadcast=100.00% | q_loss=0.4322
    Eval -> avg_reward=17.02 | avg_final_coverage=96.26% | avg_broadcast=100.00%
[DQN] step=3760 | epsilon=0.628 | mean_reward=17.19 | mean_coverage=96.59% | mean_broadcast=100.00% | q_loss=0.3880
    Eval -> avg_reward=17.35 | avg_final_coverage=97.19% | avg_broadcast=100.00%
    Eval -> avg_reward=17.48 | avg_final_coverage=97.68% | avg_broadcast=100.00%
[DQN] step=3765 | epsilon=0.628 | mean_reward=17.19 | mean_coverage=96.59% | mean_broadcast=100.00% | q_loss=0.3243
    Eval -> avg_reward=17.88 | avg_final_coverage=97.91% | avg_broadcast=100.00%
[DQN] step=3770 | epsilon=0.627 | mean_reward=16.63 | mean_coverage=94.53% | mean_broadcast=100.00% | q_loss=0.5745
    Eval -> avg_reward=17.80 | avg_final_coverage=98.07% | avg_broadcast=100.00%
[DQN] step=3775 | epsilon=0.627 | mean_reward=16.63 | mean_coverage=94.53% | mean_broadcast=100.00% | q_loss=0.4436
    Eval -> avg_reward=17.90 | avg_final_coverage=97.75% | avg_broadcast=100.00%
[DQN] step=3780 | epsilon=0.626 | mean_reward=16.63 | mean_coverage=94.53% | mean_broadcast=100.00% | q_loss=0.4711
    Eval -> avg_reward=18.19 | avg_final_coverage=97.75% | avg_broadcast=100.00%
    Eval -> avg_reward=17.98 | avg_final_coverage=98.63% | avg_broadcast=100.00%
[DQN] step=3785 | epsilon=0.626 | mean_reward=16.63 | mean_coverage=94.53% | mean_broadcast=100.00% | q_loss=0.5562
    Eval -> avg_reward=18.01 | avg_final_coverage=98.93% | avg_broadcast=100.00%
[DQN] step=3790 | epsilon=0.625 | mean_reward=16.63 | mean_coverage=94.53% | mean_broadcast=100.00% | q_loss=0.9496
    Eval -> avg_reward=18.09 | avg_final_coverage=98.10% | avg_broadcast=100.00%
[DQN] step=3795 | epsilon=0.625 | mean_reward=16.58 | mean_coverage=94.19% | mean_broadcast=100.00% | q_loss=0.9347
    Eval -> avg_reward=17.52 | avg_final_coverage=96.63% | avg_broadcast=100.00%
[DQN] step=3800 | epsilon=0.624 | mean_reward=16.58 | mean_coverage=94.19% | mean_broadcast=100.00% | q_loss=0.9594
    Eval -> avg_reward=17.93 | avg_final_coverage=98.26% | avg_broadcast=100.00%
    Eval -> avg_reward=18.41 | avg_final_coverage=99.76% | avg_broadcast=100.00%
[DQN] step=3805 | epsilon=0.624 | mean_reward=16.58 | mean_coverage=94.19% | mean_broadcast=100.00% | q_loss=0.9204
    Eval -> avg_reward=20.25 | avg_final_coverage=99.97% | avg_broadcast=100.00%
[DQN] step=3810 | epsilon=0.623 | mean_reward=16.58 | mean_coverage=94.19% | mean_broadcast=100.00% | q_loss=1.0491
    Eval -> avg_reward=19.77 | avg_final_coverage=99.18% | avg_broadcast=100.00%
[DQN] step=3815 | epsilon=0.623 | mean_reward=16.58 | mean_coverage=94.19% | mean_broadcast=100.00% | q_loss=0.6722
    Eval -> avg_reward=18.08 | avg_final_coverage=98.16% | avg_broadcast=100.00%
[DQN] step=3820 | epsilon=0.622 | mean_reward=16.62 | mean_coverage=93.79% | mean_broadcast=100.00% | q_loss=1.3154
    Eval -> avg_reward=18.25 | avg_final_coverage=98.51% | avg_broadcast=100.00%
    Eval -> avg_reward=18.20 | avg_final_coverage=99.54% | avg_broadcast=100.00%
[DQN] step=3825 | epsilon=0.622 | mean_reward=16.62 | mean_coverage=93.79% | mean_broadcast=100.00% | q_loss=0.7891
    Eval -> avg_reward=17.71 | avg_final_coverage=98.57% | avg_broadcast=100.00%
[DQN] step=3830 | epsilon=0.621 | mean_reward=16.62 | mean_coverage=93.79% | mean_broadcast=100.00% | q_loss=0.6352
    Eval -> avg_reward=17.47 | avg_final_coverage=97.21% | avg_broadcast=100.00%
[DQN] step=3835 | epsilon=0.621 | mean_reward=16.62 | mean_coverage=93.79% | mean_broadcast=100.00% | q_loss=0.4368
    Eval -> avg_reward=16.83 | avg_final_coverage=94.54% | avg_broadcast=100.00%
[DQN] step=3840 | epsilon=0.620 | mean_reward=16.62 | mean_coverage=93.79% | mean_broadcast=100.00% | q_loss=1.3993
    Eval -> avg_reward=17.52 | avg_final_coverage=98.10% | avg_broadcast=100.00%
    Eval -> avg_reward=17.84 | avg_final_coverage=98.07% | avg_broadcast=100.00%
[DQN] step=3845 | epsilon=0.620 | mean_reward=15.92 | mean_coverage=90.82% | mean_broadcast=100.00% | q_loss=1.0398
    Eval -> avg_reward=18.09 | avg_final_coverage=98.99% | avg_broadcast=100.00%
[DQN] step=3850 | epsilon=0.619 | mean_reward=15.92 | mean_coverage=90.82% | mean_broadcast=100.00% | q_loss=0.7381
    Eval -> avg_reward=18.19 | avg_final_coverage=99.28% | avg_broadcast=100.00%
[DQN] step=3855 | epsilon=0.619 | mean_reward=15.92 | mean_coverage=90.82% | mean_broadcast=100.00% | q_loss=0.6309
    Eval -> avg_reward=18.80 | avg_final_coverage=99.56% | avg_broadcast=100.00%
[DQN] step=3860 | epsilon=0.618 | mean_reward=15.92 | mean_coverage=90.82% | mean_broadcast=100.00% | q_loss=0.6057
    Eval -> avg_reward=19.35 | avg_final_coverage=99.54% | avg_broadcast=100.00%
    Eval -> avg_reward=19.73 | avg_final_coverage=99.87% | avg_broadcast=100.00%
[DQN] step=3865 | epsilon=0.618 | mean_reward=15.92 | mean_coverage=90.82% | mean_broadcast=100.00% | q_loss=0.4989
    Eval -> avg_reward=18.54 | avg_final_coverage=99.76% | avg_broadcast=100.00%
[DQN] step=3870 | epsilon=0.617 | mean_reward=16.31 | mean_coverage=92.43% | mean_broadcast=100.00% | q_loss=0.5395
    Eval -> avg_reward=19.69 | avg_final_coverage=99.87% | avg_broadcast=100.00%
[DQN] step=3875 | epsilon=0.617 | mean_reward=16.31 | mean_coverage=92.43% | mean_broadcast=100.00% | q_loss=0.5063
    Eval -> avg_reward=19.45 | avg_final_coverage=99.76% | avg_broadcast=100.00%
[DQN] step=3880 | epsilon=0.616 | mean_reward=16.31 | mean_coverage=92.43% | mean_broadcast=100.00% | q_loss=0.4721
    Eval -> avg_reward=19.86 | avg_final_coverage=99.84% | avg_broadcast=100.00%
    Eval -> avg_reward=18.90 | avg_final_coverage=99.56% | avg_broadcast=100.00%
[DQN] step=3885 | epsilon=0.616 | mean_reward=16.31 | mean_coverage=92.43% | mean_broadcast=100.00% | q_loss=0.4379
    Eval -> avg_reward=18.35 | avg_final_coverage=98.31% | avg_broadcast=100.00%
[DQN] step=3890 | epsilon=0.615 | mean_reward=16.31 | mean_coverage=92.43% | mean_broadcast=100.00% | q_loss=0.5406
    Eval -> avg_reward=18.11 | avg_final_coverage=98.53% | avg_broadcast=100.00%
[DQN] step=3895 | epsilon=0.615 | mean_reward=16.83 | mean_coverage=94.15% | mean_broadcast=100.00% | q_loss=0.7499
    Eval -> avg_reward=17.73 | avg_final_coverage=97.44% | avg_broadcast=100.00%
[DQN] step=3900 | epsilon=0.614 | mean_reward=16.83 | mean_coverage=94.15% | mean_broadcast=100.00% | q_loss=0.6156
    Eval -> avg_reward=18.25 | avg_final_coverage=99.19% | avg_broadcast=100.00%
    Eval -> avg_reward=18.24 | avg_final_coverage=99.29% | avg_broadcast=100.00%
[DQN] step=3905 | epsilon=0.614 | mean_reward=16.83 | mean_coverage=94.15% | mean_broadcast=100.00% | q_loss=0.4807
    Eval -> avg_reward=18.15 | avg_final_coverage=98.32% | avg_broadcast=100.00%
[DQN] step=3910 | epsilon=0.613 | mean_reward=16.83 | mean_coverage=94.15% | mean_broadcast=100.00% | q_loss=0.4218
    Eval -> avg_reward=17.23 | avg_final_coverage=96.26% | avg_broadcast=100.00%
[DQN] step=3915 | epsilon=0.613 | mean_reward=16.83 | mean_coverage=94.15% | mean_broadcast=100.00% | q_loss=0.4354
    Eval -> avg_reward=17.22 | avg_final_coverage=96.19% | avg_broadcast=100.00%
[DQN] step=3920 | epsilon=0.612 | mean_reward=16.88 | mean_coverage=94.03% | mean_broadcast=100.00% | q_loss=0.3730
    Eval -> avg_reward=17.52 | avg_final_coverage=96.93% | avg_broadcast=99.84%
    Eval -> avg_reward=17.47 | avg_final_coverage=97.65% | avg_broadcast=100.00%
[DQN] step=3925 | epsilon=0.612 | mean_reward=16.88 | mean_coverage=94.03% | mean_broadcast=100.00% | q_loss=0.4561
    Eval -> avg_reward=17.24 | avg_final_coverage=97.13% | avg_broadcast=100.00%
[DQN] step=3930 | epsilon=0.611 | mean_reward=16.88 | mean_coverage=94.03% | mean_broadcast=100.00% | q_loss=0.3694
    Eval -> avg_reward=17.11 | avg_final_coverage=96.97% | avg_broadcast=100.00%
[DQN] step=3935 | epsilon=0.611 | mean_reward=16.88 | mean_coverage=94.03% | mean_broadcast=100.00% | q_loss=0.2735
    Eval -> avg_reward=17.08 | avg_final_coverage=96.54% | avg_broadcast=100.00%
[DQN] step=3940 | epsilon=0.610 | mean_reward=16.88 | mean_coverage=94.03% | mean_broadcast=100.00% | q_loss=0.3431
    Eval -> avg_reward=17.15 | avg_final_coverage=96.41% | avg_broadcast=100.00%
    Eval -> avg_reward=16.94 | avg_final_coverage=95.88% | avg_broadcast=100.00%
[DQN] step=3945 | epsilon=0.610 | mean_reward=16.45 | mean_coverage=92.90% | mean_broadcast=100.00% | q_loss=0.2407
    Eval -> avg_reward=17.45 | avg_final_coverage=98.21% | avg_broadcast=100.00%
[DQN] step=3950 | epsilon=0.609 | mean_reward=16.45 | mean_coverage=92.90% | mean_broadcast=100.00% | q_loss=0.2759
    Eval -> avg_reward=17.34 | avg_final_coverage=97.60% | avg_broadcast=100.00%
[DQN] step=3955 | epsilon=0.609 | mean_reward=16.45 | mean_coverage=92.90% | mean_broadcast=100.00% | q_loss=0.3999
    Eval -> avg_reward=17.79 | avg_final_coverage=97.31% | avg_broadcast=100.00%
[DQN] step=3960 | epsilon=0.608 | mean_reward=16.45 | mean_coverage=92.90% | mean_broadcast=100.00% | q_loss=0.2650
    Eval -> avg_reward=17.75 | avg_final_coverage=97.99% | avg_broadcast=100.00%
    Eval -> avg_reward=17.75 | avg_final_coverage=97.62% | avg_broadcast=100.00%
[DQN] step=3965 | epsilon=0.608 | mean_reward=16.45 | mean_coverage=92.90% | mean_broadcast=100.00% | q_loss=0.3005
    Eval -> avg_reward=17.22 | avg_final_coverage=95.82% | avg_broadcast=100.00%
[DQN] step=3970 | epsilon=0.607 | mean_reward=17.13 | mean_coverage=95.37% | mean_broadcast=100.00% | q_loss=0.3373
    Eval -> avg_reward=17.57 | avg_final_coverage=96.63% | avg_broadcast=100.00%
[DQN] step=3975 | epsilon=0.607 | mean_reward=17.13 | mean_coverage=95.37% | mean_broadcast=100.00% | q_loss=1.3788
    Eval -> avg_reward=17.51 | avg_final_coverage=96.32% | avg_broadcast=100.00%
[DQN] step=3980 | epsilon=0.606 | mean_reward=17.13 | mean_coverage=95.37% | mean_broadcast=100.00% | q_loss=1.1642
    Eval -> avg_reward=17.49 | avg_final_coverage=96.07% | avg_broadcast=100.00%
    Eval -> avg_reward=17.69 | avg_final_coverage=96.84% | avg_broadcast=100.00%
[DQN] step=3985 | epsilon=0.606 | mean_reward=17.13 | mean_coverage=95.37% | mean_broadcast=100.00% | q_loss=0.8192
    Eval -> avg_reward=18.12 | avg_final_coverage=97.94% | avg_broadcast=100.00%
[DQN] step=3990 | epsilon=0.605 | mean_reward=17.13 | mean_coverage=95.37% | mean_broadcast=100.00% | q_loss=1.0761
    Eval -> avg_reward=18.37 | avg_final_coverage=99.00% | avg_broadcast=100.00%
[DQN] step=3995 | epsilon=0.605 | mean_reward=16.94 | mean_coverage=94.76% | mean_broadcast=100.00% | q_loss=0.7158
    Eval -> avg_reward=18.32 | avg_final_coverage=99.43% | avg_broadcast=100.00%
[DQN] step=4000 | epsilon=0.604 | mean_reward=16.94 | mean_coverage=94.76% | mean_broadcast=100.00% | q_loss=0.9301
    Eval -> avg_reward=18.09 | avg_final_coverage=99.28% | avg_broadcast=100.00%
    Eval -> avg_reward=17.75 | avg_final_coverage=98.54% | avg_broadcast=100.00%
[DQN] step=4005 | epsilon=0.604 | mean_reward=16.94 | mean_coverage=94.76% | mean_broadcast=100.00% | q_loss=1.7209
    Eval -> avg_reward=17.90 | avg_final_coverage=98.44% | avg_broadcast=100.00%
[DQN] step=4010 | epsilon=0.603 | mean_reward=16.94 | mean_coverage=94.76% | mean_broadcast=100.00% | q_loss=1.4787
    Eval -> avg_reward=16.99 | avg_final_coverage=94.87% | avg_broadcast=100.00%
[DQN] step=4015 | epsilon=0.603 | mean_reward=16.94 | mean_coverage=94.76% | mean_broadcast=100.00% | q_loss=1.1700
    Eval -> avg_reward=13.30 | avg_final_coverage=80.54% | avg_broadcast=100.00%
[DQN] step=4020 | epsilon=0.602 | mean_reward=16.14 | mean_coverage=92.04% | mean_broadcast=100.00% | q_loss=0.8319
    Eval -> avg_reward=16.17 | avg_final_coverage=92.25% | avg_broadcast=100.00%
    Eval -> avg_reward=13.58 | avg_final_coverage=82.50% | avg_broadcast=100.00%
[DQN] step=4025 | epsilon=0.602 | mean_reward=16.14 | mean_coverage=92.04% | mean_broadcast=100.00% | q_loss=0.5985
    Eval -> avg_reward=15.56 | avg_final_coverage=90.63% | avg_broadcast=100.00%
[DQN] step=4030 | epsilon=0.601 | mean_reward=16.14 | mean_coverage=92.04% | mean_broadcast=100.00% | q_loss=1.1758
    Eval -> avg_reward=15.49 | avg_final_coverage=90.06% | avg_broadcast=100.00%
[DQN] step=4035 | epsilon=0.601 | mean_reward=16.14 | mean_coverage=92.04% | mean_broadcast=100.00% | q_loss=0.7913
    Eval -> avg_reward=15.34 | avg_final_coverage=89.12% | avg_broadcast=100.00%
[DQN] step=4040 | epsilon=0.600 | mean_reward=16.14 | mean_coverage=92.04% | mean_broadcast=100.00% | q_loss=0.7942
    Eval -> avg_reward=16.01 | avg_final_coverage=91.63% | avg_broadcast=100.00%
    Eval -> avg_reward=16.85 | avg_final_coverage=96.09% | avg_broadcast=100.00%
[DQN] step=4045 | epsilon=0.600 | mean_reward=15.50 | mean_coverage=89.88% | mean_broadcast=100.00% | q_loss=0.8581
    Eval -> avg_reward=16.72 | avg_final_coverage=93.99% | avg_broadcast=100.00%
[DQN] step=4050 | epsilon=0.599 | mean_reward=15.50 | mean_coverage=89.88% | mean_broadcast=100.00% | q_loss=0.6021
    Eval -> avg_reward=16.87 | avg_final_coverage=93.66% | avg_broadcast=100.00%
[DQN] step=4055 | epsilon=0.599 | mean_reward=15.50 | mean_coverage=89.88% | mean_broadcast=100.00% | q_loss=0.4610
    Eval -> avg_reward=17.38 | avg_final_coverage=94.74% | avg_broadcast=100.00%
[DQN] step=4060 | epsilon=0.598 | mean_reward=15.50 | mean_coverage=89.88% | mean_broadcast=100.00% | q_loss=0.4868
    Eval -> avg_reward=16.77 | avg_final_coverage=93.00% | avg_broadcast=100.00%
    Eval -> avg_reward=13.96 | avg_final_coverage=83.09% | avg_broadcast=100.00%
[DQN] step=4065 | epsilon=0.598 | mean_reward=15.50 | mean_coverage=89.88% | mean_broadcast=100.00% | q_loss=0.3592
    Eval -> avg_reward=13.42 | avg_final_coverage=80.88% | avg_broadcast=100.00%
[DQN] step=4070 | epsilon=0.597 | mean_reward=15.82 | mean_coverage=90.50% | mean_broadcast=100.00% | q_loss=0.3291
    Eval -> avg_reward=15.04 | avg_final_coverage=86.96% | avg_broadcast=100.00%
[DQN] step=4075 | epsilon=0.597 | mean_reward=15.82 | mean_coverage=90.50% | mean_broadcast=100.00% | q_loss=0.3712
    Eval -> avg_reward=15.45 | avg_final_coverage=88.22% | avg_broadcast=100.00%
[DQN] step=4080 | epsilon=0.596 | mean_reward=15.82 | mean_coverage=90.50% | mean_broadcast=100.00% | q_loss=2.1906
    Eval -> avg_reward=17.21 | avg_final_coverage=96.15% | avg_broadcast=100.00%
    Eval -> avg_reward=16.49 | avg_final_coverage=93.03% | avg_broadcast=100.00%
[DQN] step=4085 | epsilon=0.596 | mean_reward=15.82 | mean_coverage=90.50% | mean_broadcast=100.00% | q_loss=1.2248
    Eval -> avg_reward=16.70 | avg_final_coverage=94.28% | avg_broadcast=100.00%
[DQN] step=4090 | epsilon=0.595 | mean_reward=15.82 | mean_coverage=90.50% | mean_broadcast=100.00% | q_loss=1.1273
    Eval -> avg_reward=14.39 | avg_final_coverage=85.50% | avg_broadcast=100.00%
[DQN] step=4095 | epsilon=0.595 | mean_reward=15.14 | mean_coverage=88.10% | mean_broadcast=100.00% | q_loss=0.5429
    Eval -> avg_reward=15.44 | avg_final_coverage=90.25% | avg_broadcast=100.00%
[DQN] step=4100 | epsilon=0.594 | mean_reward=15.14 | mean_coverage=88.10% | mean_broadcast=100.00% | q_loss=0.6745
    Eval -> avg_reward=15.48 | avg_final_coverage=90.03% | avg_broadcast=100.00%
    Eval -> avg_reward=16.25 | avg_final_coverage=92.68% | avg_broadcast=100.00%
[DQN] step=4105 | epsilon=0.594 | mean_reward=15.14 | mean_coverage=88.10% | mean_broadcast=100.00% | q_loss=0.5002
    Eval -> avg_reward=16.93 | avg_final_coverage=95.04% | avg_broadcast=100.00%
[DQN] step=4110 | epsilon=0.593 | mean_reward=15.14 | mean_coverage=88.10% | mean_broadcast=100.00% | q_loss=0.5038
    Eval -> avg_reward=14.42 | avg_final_coverage=87.07% | avg_broadcast=100.00%
[DQN] step=4115 | epsilon=0.593 | mean_reward=15.14 | mean_coverage=88.10% | mean_broadcast=100.00% | q_loss=0.3739
    Eval -> avg_reward=14.10 | avg_final_coverage=84.38% | avg_broadcast=100.00%
[DQN] step=4120 | epsilon=0.592 | mean_reward=14.60 | mean_coverage=86.44% | mean_broadcast=100.00% | q_loss=0.4201
    Eval -> avg_reward=15.43 | avg_final_coverage=89.66% | avg_broadcast=100.00%
    Eval -> avg_reward=15.38 | avg_final_coverage=89.22% | avg_broadcast=100.00%
[DQN] step=4125 | epsilon=0.592 | mean_reward=14.60 | mean_coverage=86.44% | mean_broadcast=100.00% | q_loss=0.4158
    Eval -> avg_reward=14.91 | avg_final_coverage=87.47% | avg_broadcast=100.00%
[DQN] step=4130 | epsilon=0.591 | mean_reward=14.60 | mean_coverage=86.44% | mean_broadcast=100.00% | q_loss=0.5216
    Eval -> avg_reward=16.80 | avg_final_coverage=93.34% | avg_broadcast=100.00%
[DQN] step=4135 | epsilon=0.591 | mean_reward=14.60 | mean_coverage=86.44% | mean_broadcast=100.00% | q_loss=0.4631
    Eval -> avg_reward=16.68 | avg_final_coverage=93.35% | avg_broadcast=100.00%
[DQN] step=4140 | epsilon=0.590 | mean_reward=14.60 | mean_coverage=86.44% | mean_broadcast=100.00% | q_loss=0.4859
    Eval -> avg_reward=16.93 | avg_final_coverage=93.94% | avg_broadcast=100.00%
    Eval -> avg_reward=16.87 | avg_final_coverage=94.68% | avg_broadcast=100.00%
[DQN] step=4145 | epsilon=0.590 | mean_reward=14.53 | mean_coverage=86.21% | mean_broadcast=99.99% | q_loss=0.4917
    Eval -> avg_reward=16.39 | avg_final_coverage=93.16% | avg_broadcast=100.00%
[DQN] step=4150 | epsilon=0.589 | mean_reward=14.53 | mean_coverage=86.21% | mean_broadcast=99.99% | q_loss=0.3900
    Eval -> avg_reward=17.13 | avg_final_coverage=95.46% | avg_broadcast=100.00%
[DQN] step=4155 | epsilon=0.589 | mean_reward=14.53 | mean_coverage=86.21% | mean_broadcast=99.99% | q_loss=0.4149
    Eval -> avg_reward=17.76 | avg_final_coverage=97.12% | avg_broadcast=100.00%
[DQN] step=4160 | epsilon=0.588 | mean_reward=14.53 | mean_coverage=86.21% | mean_broadcast=99.99% | q_loss=1.1291
    Eval -> avg_reward=18.11 | avg_final_coverage=97.37% | avg_broadcast=100.00%
    Eval -> avg_reward=16.70 | avg_final_coverage=94.26% | avg_broadcast=100.00%
[DQN] step=4165 | epsilon=0.588 | mean_reward=14.53 | mean_coverage=86.21% | mean_broadcast=99.99% | q_loss=1.5058
    Eval -> avg_reward=16.34 | avg_final_coverage=91.41% | avg_broadcast=100.00%
[DQN] step=4170 | epsilon=0.587 | mean_reward=15.37 | mean_coverage=89.21% | mean_broadcast=99.97% | q_loss=1.0578
    Eval -> avg_reward=15.65 | avg_final_coverage=89.47% | avg_broadcast=100.00%
[DQN] step=4175 | epsilon=0.587 | mean_reward=15.37 | mean_coverage=89.21% | mean_broadcast=99.97% | q_loss=0.7181
    Eval -> avg_reward=16.95 | avg_final_coverage=94.71% | avg_broadcast=100.00%
[DQN] step=4180 | epsilon=0.586 | mean_reward=15.37 | mean_coverage=89.21% | mean_broadcast=99.97% | q_loss=0.8244
    Eval -> avg_reward=17.22 | avg_final_coverage=95.40% | avg_broadcast=100.00%
    Eval -> avg_reward=17.45 | avg_final_coverage=96.21% | avg_broadcast=100.00%
[DQN] step=4185 | epsilon=0.586 | mean_reward=15.37 | mean_coverage=89.21% | mean_broadcast=99.97% | q_loss=0.4672
    Eval -> avg_reward=16.49 | avg_final_coverage=93.32% | avg_broadcast=100.00%
[DQN] step=4190 | epsilon=0.585 | mean_reward=15.37 | mean_coverage=89.21% | mean_broadcast=99.97% | q_loss=0.3882
    Eval -> avg_reward=16.36 | avg_final_coverage=93.79% | avg_broadcast=100.00%
[DQN] step=4195 | epsilon=0.585 | mean_reward=14.90 | mean_coverage=87.50% | mean_broadcast=99.97% | q_loss=0.2788
    Eval -> avg_reward=17.37 | avg_final_coverage=97.79% | avg_broadcast=100.00%
[DQN] step=4200 | epsilon=0.584 | mean_reward=14.90 | mean_coverage=87.50% | mean_broadcast=99.97% | q_loss=0.3352
    Eval -> avg_reward=17.66 | avg_final_coverage=98.78% | avg_broadcast=100.00%
    Eval -> avg_reward=18.50 | avg_final_coverage=99.74% | avg_broadcast=100.00%
[DQN] step=4205 | epsilon=0.584 | mean_reward=14.90 | mean_coverage=87.50% | mean_broadcast=99.97% | q_loss=0.2936
    Eval -> avg_reward=18.46 | avg_final_coverage=99.54% | avg_broadcast=100.00%
[DQN] step=4210 | epsilon=0.583 | mean_reward=14.90 | mean_coverage=87.50% | mean_broadcast=99.97% | q_loss=0.4878
    Eval -> avg_reward=16.02 | avg_final_coverage=90.99% | avg_broadcast=100.00%
[DQN] step=4215 | epsilon=0.583 | mean_reward=14.90 | mean_coverage=87.50% | mean_broadcast=99.97% | q_loss=0.3398
    Eval -> avg_reward=18.13 | avg_final_coverage=98.91% | avg_broadcast=100.00%
[DQN] step=4220 | epsilon=0.582 | mean_reward=15.28 | mean_coverage=89.32% | mean_broadcast=99.97% | q_loss=0.4603
    Eval -> avg_reward=17.83 | avg_final_coverage=97.49% | avg_broadcast=100.00%
    Eval -> avg_reward=16.81 | avg_final_coverage=95.47% | avg_broadcast=100.00%
[DQN] step=4225 | epsilon=0.582 | mean_reward=15.28 | mean_coverage=89.32% | mean_broadcast=99.97% | q_loss=0.3345
    Eval -> avg_reward=16.96 | avg_final_coverage=94.85% | avg_broadcast=100.00%
[DQN] step=4230 | epsilon=0.582 | mean_reward=15.28 | mean_coverage=89.32% | mean_broadcast=99.97% | q_loss=0.3263
    Eval -> avg_reward=16.11 | avg_final_coverage=93.09% | avg_broadcast=100.00%
[DQN] step=4235 | epsilon=0.581 | mean_reward=15.28 | mean_coverage=89.32% | mean_broadcast=99.97% | q_loss=0.3028
    Eval -> avg_reward=17.08 | avg_final_coverage=96.22% | avg_broadcast=100.00%
[DQN] step=4240 | epsilon=0.581 | mean_reward=15.28 | mean_coverage=89.32% | mean_broadcast=99.97% | q_loss=0.2896
    Eval -> avg_reward=17.61 | avg_final_coverage=98.06% | avg_broadcast=100.00%
    Eval -> avg_reward=16.57 | avg_final_coverage=94.13% | avg_broadcast=100.00%
[DQN] step=4245 | epsilon=0.580 | mean_reward=15.57 | mean_coverage=89.91% | mean_broadcast=99.97% | q_loss=0.6585
    Eval -> avg_reward=14.03 | avg_final_coverage=83.88% | avg_broadcast=100.00%
[DQN] step=4250 | epsilon=0.580 | mean_reward=15.57 | mean_coverage=89.91% | mean_broadcast=99.97% | q_loss=0.4293
    Eval -> avg_reward=16.18 | avg_final_coverage=91.79% | avg_broadcast=100.00%
[DQN] step=4255 | epsilon=0.579 | mean_reward=15.57 | mean_coverage=89.91% | mean_broadcast=99.97% | q_loss=0.6704
    Eval -> avg_reward=17.11 | avg_final_coverage=95.65% | avg_broadcast=100.00%
[DQN] step=4260 | epsilon=0.579 | mean_reward=15.57 | mean_coverage=89.91% | mean_broadcast=99.97% | q_loss=0.3219
    Eval -> avg_reward=16.57 | avg_final_coverage=92.94% | avg_broadcast=100.00%
    Eval -> avg_reward=17.41 | avg_final_coverage=96.19% | avg_broadcast=100.00%
[DQN] step=4265 | epsilon=0.578 | mean_reward=15.57 | mean_coverage=89.91% | mean_broadcast=99.97% | q_loss=0.2447
    Eval -> avg_reward=18.33 | avg_final_coverage=98.65% | avg_broadcast=100.00%
[DQN] step=4270 | epsilon=0.578 | mean_reward=15.95 | mean_coverage=91.28% | mean_broadcast=99.97% | q_loss=0.4021
    Eval -> avg_reward=17.52 | avg_final_coverage=98.29% | avg_broadcast=100.00%
[DQN] step=4275 | epsilon=0.577 | mean_reward=15.95 | mean_coverage=91.28% | mean_broadcast=99.97% | q_loss=0.3063
    Eval -> avg_reward=17.82 | avg_final_coverage=98.76% | avg_broadcast=100.00%
[DQN] step=4280 | epsilon=0.577 | mean_reward=15.95 | mean_coverage=91.28% | mean_broadcast=99.97% | q_loss=0.3022
    Eval -> avg_reward=19.54 | avg_final_coverage=98.22% | avg_broadcast=100.00%
    Eval -> avg_reward=20.67 | avg_final_coverage=99.99% | avg_broadcast=100.00%
[DQN] step=4285 | epsilon=0.576 | mean_reward=15.95 | mean_coverage=91.28% | mean_broadcast=99.97% | q_loss=0.3175
    Eval -> avg_reward=18.74 | avg_final_coverage=99.32% | avg_broadcast=100.00%
[DQN] step=4290 | epsilon=0.576 | mean_reward=15.95 | mean_coverage=91.28% | mean_broadcast=99.97% | q_loss=0.3676
    Eval -> avg_reward=17.87 | avg_final_coverage=97.31% | avg_broadcast=100.00%
[DQN] step=4295 | epsilon=0.575 | mean_reward=15.94 | mean_coverage=91.28% | mean_broadcast=99.99% | q_loss=0.7409
    Eval -> avg_reward=18.02 | avg_final_coverage=97.69% | avg_broadcast=100.00%
[DQN] step=4300 | epsilon=0.575 | mean_reward=15.94 | mean_coverage=91.28% | mean_broadcast=99.99% | q_loss=0.4920
    Eval -> avg_reward=16.99 | avg_final_coverage=94.62% | avg_broadcast=100.00%
    Eval -> avg_reward=16.98 | avg_final_coverage=94.24% | avg_broadcast=100.00%
[DQN] step=4305 | epsilon=0.574 | mean_reward=15.94 | mean_coverage=91.28% | mean_broadcast=99.99% | q_loss=0.4916
    Eval -> avg_reward=17.48 | avg_final_coverage=95.50% | avg_broadcast=100.00%
[DQN] step=4310 | epsilon=0.574 | mean_reward=15.94 | mean_coverage=91.28% | mean_broadcast=99.99% | q_loss=0.4623
    Eval -> avg_reward=20.23 | avg_final_coverage=99.88% | avg_broadcast=100.00%
[DQN] step=4315 | epsilon=0.573 | mean_reward=15.94 | mean_coverage=91.28% | mean_broadcast=99.99% | q_loss=0.3176
    Eval -> avg_reward=17.92 | avg_final_coverage=97.82% | avg_broadcast=100.00%
[DQN] step=4320 | epsilon=0.573 | mean_reward=15.94 | mean_coverage=91.21% | mean_broadcast=99.99% | q_loss=0.3840
    Eval -> avg_reward=17.83 | avg_final_coverage=97.99% | avg_broadcast=100.00%
    Eval -> avg_reward=17.22 | avg_final_coverage=96.18% | avg_broadcast=100.00%
[DQN] step=4325 | epsilon=0.572 | mean_reward=15.94 | mean_coverage=91.21% | mean_broadcast=99.99% | q_loss=0.3572
    Eval -> avg_reward=16.10 | avg_final_coverage=92.50% | avg_broadcast=100.00%
[DQN] step=4330 | epsilon=0.572 | mean_reward=15.94 | mean_coverage=91.21% | mean_broadcast=99.99% | q_loss=0.5171
    Eval -> avg_reward=15.87 | avg_final_coverage=91.24% | avg_broadcast=100.00%
[DQN] step=4335 | epsilon=0.571 | mean_reward=15.94 | mean_coverage=91.21% | mean_broadcast=99.99% | q_loss=0.4397
    Eval -> avg_reward=15.00 | avg_final_coverage=89.22% | avg_broadcast=100.00%
[DQN] step=4340 | epsilon=0.571 | mean_reward=15.94 | mean_coverage=91.21% | mean_broadcast=99.99% | q_loss=0.3722
    Eval -> avg_reward=15.70 | avg_final_coverage=92.43% | avg_broadcast=100.00%
    Eval -> avg_reward=17.42 | avg_final_coverage=95.97% | avg_broadcast=100.00%
[DQN] step=4345 | epsilon=0.570 | mean_reward=16.23 | mean_coverage=92.03% | mean_broadcast=99.99% | q_loss=0.2898
    Eval -> avg_reward=18.21 | avg_final_coverage=99.29% | avg_broadcast=100.00%
[DQN] step=4350 | epsilon=0.570 | mean_reward=16.23 | mean_coverage=92.03% | mean_broadcast=99.99% | q_loss=0.3126
    Eval -> avg_reward=17.83 | avg_final_coverage=97.88% | avg_broadcast=100.00%
[DQN] step=4355 | epsilon=0.569 | mean_reward=16.23 | mean_coverage=92.03% | mean_broadcast=99.99% | q_loss=0.4513
    Eval -> avg_reward=16.62 | avg_final_coverage=93.07% | avg_broadcast=100.00%
[DQN] step=4360 | epsilon=0.569 | mean_reward=16.23 | mean_coverage=92.03% | mean_broadcast=99.99% | q_loss=0.3978
    Eval -> avg_reward=16.36 | avg_final_coverage=91.31% | avg_broadcast=100.00%
    Eval -> avg_reward=17.51 | avg_final_coverage=95.31% | avg_broadcast=100.00%
[DQN] step=4365 | epsilon=0.568 | mean_reward=16.23 | mean_coverage=92.03% | mean_broadcast=99.99% | q_loss=0.3978
    Eval -> avg_reward=18.51 | avg_final_coverage=98.06% | avg_broadcast=100.00%
[DQN] step=4370 | epsilon=0.568 | mean_reward=16.57 | mean_coverage=93.43% | mean_broadcast=99.99% | q_loss=0.4565
    Eval -> avg_reward=17.72 | avg_final_coverage=95.97% | avg_broadcast=100.00%
[DQN] step=4375 | epsilon=0.567 | mean_reward=16.57 | mean_coverage=93.43% | mean_broadcast=99.99% | q_loss=0.3981
    Eval -> avg_reward=17.63 | avg_final_coverage=95.51% | avg_broadcast=100.00%
[DQN] step=4380 | epsilon=0.567 | mean_reward=16.57 | mean_coverage=93.43% | mean_broadcast=99.99% | q_loss=0.4735
    Eval -> avg_reward=17.84 | avg_final_coverage=96.28% | avg_broadcast=100.00%
    Eval -> avg_reward=17.68 | avg_final_coverage=95.68% | avg_broadcast=100.00%
[DQN] step=4385 | epsilon=0.566 | mean_reward=16.57 | mean_coverage=93.43% | mean_broadcast=99.99% | q_loss=0.4707
    Eval -> avg_reward=17.30 | avg_final_coverage=95.32% | avg_broadcast=100.00%
[DQN] step=4390 | epsilon=0.566 | mean_reward=16.57 | mean_coverage=93.43% | mean_broadcast=99.99% | q_loss=0.5270
    Eval -> avg_reward=17.10 | avg_final_coverage=94.46% | avg_broadcast=100.00%
[DQN] step=4395 | epsilon=0.565 | mean_reward=16.98 | mean_coverage=94.74% | mean_broadcast=100.00% | q_loss=1.3631
    Eval -> avg_reward=17.18 | avg_final_coverage=95.94% | avg_broadcast=100.00%
[DQN] step=4400 | epsilon=0.565 | mean_reward=16.98 | mean_coverage=94.74% | mean_broadcast=100.00% | q_loss=1.1222
    Eval -> avg_reward=17.01 | avg_final_coverage=93.93% | avg_broadcast=100.00%
    Eval -> avg_reward=17.34 | avg_final_coverage=94.75% | avg_broadcast=100.00%
[DQN] step=4405 | epsilon=0.564 | mean_reward=16.98 | mean_coverage=94.74% | mean_broadcast=100.00% | q_loss=2.2802
    Eval -> avg_reward=17.07 | avg_final_coverage=94.76% | avg_broadcast=100.00%
[DQN] step=4410 | epsilon=0.564 | mean_reward=16.98 | mean_coverage=94.74% | mean_broadcast=100.00% | q_loss=1.5518
    Eval -> avg_reward=15.78 | avg_final_coverage=89.26% | avg_broadcast=100.00%
[DQN] step=4415 | epsilon=0.563 | mean_reward=16.98 | mean_coverage=94.74% | mean_broadcast=100.00% | q_loss=1.2013
    Eval -> avg_reward=17.87 | avg_final_coverage=97.82% | avg_broadcast=100.00%
[DQN] step=4420 | epsilon=0.563 | mean_reward=16.84 | mean_coverage=94.35% | mean_broadcast=100.00% | q_loss=1.9541
    Eval -> avg_reward=17.64 | avg_final_coverage=97.37% | avg_broadcast=100.00%
    Eval -> avg_reward=16.89 | avg_final_coverage=94.79% | avg_broadcast=100.00%
[DQN] step=4425 | epsilon=0.562 | mean_reward=16.84 | mean_coverage=94.35% | mean_broadcast=100.00% | q_loss=2.5017
    Eval -> avg_reward=17.45 | avg_final_coverage=97.12% | avg_broadcast=100.00%
[DQN] step=4430 | epsilon=0.562 | mean_reward=16.84 | mean_coverage=94.35% | mean_broadcast=100.00% | q_loss=1.4015
    Eval -> avg_reward=17.58 | avg_final_coverage=98.57% | avg_broadcast=100.00%
[DQN] step=4435 | epsilon=0.561 | mean_reward=16.84 | mean_coverage=94.35% | mean_broadcast=100.00% | q_loss=0.9971
    Eval -> avg_reward=16.28 | avg_final_coverage=92.43% | avg_broadcast=100.00%
[DQN] step=4440 | epsilon=0.561 | mean_reward=16.84 | mean_coverage=94.35% | mean_broadcast=100.00% | q_loss=0.7168
    Eval -> avg_reward=16.83 | avg_final_coverage=95.12% | avg_broadcast=100.00%
    Eval -> avg_reward=17.26 | avg_final_coverage=95.54% | avg_broadcast=100.00%
[DQN] step=4445 | epsilon=0.560 | mean_reward=17.19 | mean_coverage=96.00% | mean_broadcast=100.00% | q_loss=0.6518
    Eval -> avg_reward=16.39 | avg_final_coverage=92.32% | avg_broadcast=100.00%
[DQN] step=4450 | epsilon=0.560 | mean_reward=17.19 | mean_coverage=96.00% | mean_broadcast=100.00% | q_loss=0.5368
    Eval -> avg_reward=18.17 | avg_final_coverage=97.46% | avg_broadcast=100.00%
[DQN] step=4455 | epsilon=0.559 | mean_reward=17.19 | mean_coverage=96.00% | mean_broadcast=100.00% | q_loss=0.6378
    Eval -> avg_reward=17.52 | avg_final_coverage=95.31% | avg_broadcast=100.00%
[DQN] step=4460 | epsilon=0.559 | mean_reward=17.19 | mean_coverage=96.00% | mean_broadcast=100.00% | q_loss=0.6187
    Eval -> avg_reward=17.20 | avg_final_coverage=94.63% | avg_broadcast=100.00%
    Eval -> avg_reward=18.37 | avg_final_coverage=99.24% | avg_broadcast=100.00%
[DQN] step=4465 | epsilon=0.558 | mean_reward=17.19 | mean_coverage=96.00% | mean_broadcast=100.00% | q_loss=0.5041
    Eval -> avg_reward=18.21 | avg_final_coverage=99.13% | avg_broadcast=100.00%
[DQN] step=4470 | epsilon=0.558 | mean_reward=17.24 | mean_coverage=95.99% | mean_broadcast=100.00% | q_loss=0.5128
    Eval -> avg_reward=18.32 | avg_final_coverage=99.15% | avg_broadcast=100.00%
[DQN] step=4475 | epsilon=0.557 | mean_reward=17.24 | mean_coverage=95.99% | mean_broadcast=100.00% | q_loss=0.5246
    Eval -> avg_reward=18.55 | avg_final_coverage=99.72% | avg_broadcast=100.00%
[DQN] step=4480 | epsilon=0.557 | mean_reward=17.24 | mean_coverage=95.99% | mean_broadcast=100.00% | q_loss=0.4422
    Eval -> avg_reward=19.17 | avg_final_coverage=99.69% | avg_broadcast=100.00%
    Eval -> avg_reward=18.87 | avg_final_coverage=99.81% | avg_broadcast=100.00%
[DQN] step=4485 | epsilon=0.556 | mean_reward=17.24 | mean_coverage=95.99% | mean_broadcast=100.00% | q_loss=0.4155
    Eval -> avg_reward=18.39 | avg_final_coverage=98.40% | avg_broadcast=100.00%
[DQN] step=4490 | epsilon=0.556 | mean_reward=17.24 | mean_coverage=95.99% | mean_broadcast=100.00% | q_loss=0.4355
    Eval -> avg_reward=16.97 | avg_final_coverage=93.18% | avg_broadcast=100.00%
[DQN] step=4495 | epsilon=0.555 | mean_reward=16.40 | mean_coverage=92.40% | mean_broadcast=99.97% | q_loss=0.4533
    Eval -> avg_reward=17.28 | avg_final_coverage=93.72% | avg_broadcast=100.00%
[DQN] step=4500 | epsilon=0.555 | mean_reward=16.40 | mean_coverage=92.40% | mean_broadcast=99.97% | q_loss=0.9839
    Eval -> avg_reward=18.78 | avg_final_coverage=99.82% | avg_broadcast=100.00%
    Eval -> avg_reward=18.43 | avg_final_coverage=99.47% | avg_broadcast=100.00%
[DQN] step=4505 | epsilon=0.554 | mean_reward=16.40 | mean_coverage=92.40% | mean_broadcast=99.97% | q_loss=0.6867
    Eval -> avg_reward=18.53 | avg_final_coverage=99.26% | avg_broadcast=100.00%
[DQN] step=4510 | epsilon=0.554 | mean_reward=16.40 | mean_coverage=92.40% | mean_broadcast=99.97% | q_loss=0.4018
    Eval -> avg_reward=18.96 | avg_final_coverage=99.68% | avg_broadcast=100.00%
[DQN] step=4515 | epsilon=0.553 | mean_reward=16.40 | mean_coverage=92.40% | mean_broadcast=99.97% | q_loss=0.5084
    Eval -> avg_reward=17.52 | avg_final_coverage=98.16% | avg_broadcast=100.00%
[DQN] step=4520 | epsilon=0.553 | mean_reward=16.21 | mean_coverage=91.93% | mean_broadcast=99.97% | q_loss=0.4049
    Eval -> avg_reward=16.51 | avg_final_coverage=95.09% | avg_broadcast=100.00%
    Eval -> avg_reward=16.52 | avg_final_coverage=95.74% | avg_broadcast=100.00%
[DQN] step=4525 | epsilon=0.552 | mean_reward=16.21 | mean_coverage=91.93% | mean_broadcast=99.97% | q_loss=0.3168
    Eval -> avg_reward=13.94 | avg_final_coverage=84.68% | avg_broadcast=100.00%
[DQN] step=4530 | epsilon=0.552 | mean_reward=16.21 | mean_coverage=91.93% | mean_broadcast=99.97% | q_loss=0.3435
    Eval -> avg_reward=15.98 | avg_final_coverage=93.21% | avg_broadcast=100.00%
[DQN] step=4535 | epsilon=0.551 | mean_reward=16.21 | mean_coverage=91.93% | mean_broadcast=99.97% | q_loss=0.2296
    Eval -> avg_reward=15.93 | avg_final_coverage=92.79% | avg_broadcast=100.00%
[DQN] step=4540 | epsilon=0.551 | mean_reward=16.21 | mean_coverage=91.93% | mean_broadcast=99.97% | q_loss=0.1824
    Eval -> avg_reward=16.16 | avg_final_coverage=93.26% | avg_broadcast=100.00%
    Eval -> avg_reward=17.19 | avg_final_coverage=97.37% | avg_broadcast=100.00%
[DQN] step=4545 | epsilon=0.550 | mean_reward=14.76 | mean_coverage=86.51% | mean_broadcast=99.97% | q_loss=0.2268
    Eval -> avg_reward=17.20 | avg_final_coverage=97.37% | avg_broadcast=100.00%
[DQN] step=4550 | epsilon=0.550 | mean_reward=14.76 | mean_coverage=86.51% | mean_broadcast=99.97% | q_loss=0.6652
    Eval -> avg_reward=18.19 | avg_final_coverage=99.37% | avg_broadcast=100.00%
[DQN] step=4555 | epsilon=0.549 | mean_reward=14.76 | mean_coverage=86.51% | mean_broadcast=99.97% | q_loss=0.3459
    Eval -> avg_reward=18.66 | avg_final_coverage=99.62% | avg_broadcast=100.00%
[DQN] step=4560 | epsilon=0.549 | mean_reward=14.76 | mean_coverage=86.51% | mean_broadcast=99.97% | q_loss=0.3567
    Eval -> avg_reward=18.12 | avg_final_coverage=99.24% | avg_broadcast=100.00%
    Eval -> avg_reward=17.81 | avg_final_coverage=98.66% | avg_broadcast=100.00%
[DQN] step=4565 | epsilon=0.548 | mean_reward=14.76 | mean_coverage=86.51% | mean_broadcast=99.97% | q_loss=0.4352
    Eval -> avg_reward=18.09 | avg_final_coverage=99.47% | avg_broadcast=100.00%
[DQN] step=4570 | epsilon=0.548 | mean_reward=14.76 | mean_coverage=86.44% | mean_broadcast=99.97% | q_loss=0.2971
    Eval -> avg_reward=17.74 | avg_final_coverage=99.04% | avg_broadcast=100.00%
[DQN] step=4575 | epsilon=0.547 | mean_reward=14.76 | mean_coverage=86.44% | mean_broadcast=99.97% | q_loss=0.3569
    Eval -> avg_reward=17.62 | avg_final_coverage=98.03% | avg_broadcast=100.00%
[DQN] step=4580 | epsilon=0.547 | mean_reward=14.76 | mean_coverage=86.44% | mean_broadcast=99.97% | q_loss=0.3169
    Eval -> avg_reward=19.16 | avg_final_coverage=99.56% | avg_broadcast=100.00%
    Eval -> avg_reward=19.34 | avg_final_coverage=99.71% | avg_broadcast=100.00%
[DQN] step=4585 | epsilon=0.546 | mean_reward=14.76 | mean_coverage=86.44% | mean_broadcast=99.97% | q_loss=0.3343
    Eval -> avg_reward=17.23 | avg_final_coverage=95.68% | avg_broadcast=100.00%
[DQN] step=4590 | epsilon=0.546 | mean_reward=14.76 | mean_coverage=86.44% | mean_broadcast=99.97% | q_loss=1.0571
    Eval -> avg_reward=19.27 | avg_final_coverage=99.85% | avg_broadcast=100.00%
[DQN] step=4595 | epsilon=0.545 | mean_reward=14.68 | mean_coverage=86.60% | mean_broadcast=99.97% | q_loss=1.2545
    Eval -> avg_reward=17.94 | avg_final_coverage=97.07% | avg_broadcast=100.00%
[DQN] step=4600 | epsilon=0.545 | mean_reward=14.68 | mean_coverage=86.60% | mean_broadcast=99.97% | q_loss=0.2524
    Eval -> avg_reward=19.95 | avg_final_coverage=99.87% | avg_broadcast=100.00%
    Eval -> avg_reward=19.15 | avg_final_coverage=99.72% | avg_broadcast=100.00%
[DQN] step=4605 | epsilon=0.544 | mean_reward=14.68 | mean_coverage=86.60% | mean_broadcast=99.97% | q_loss=0.2880
    Eval -> avg_reward=19.24 | avg_final_coverage=99.63% | avg_broadcast=100.00%
[DQN] step=4610 | epsilon=0.544 | mean_reward=14.68 | mean_coverage=86.60% | mean_broadcast=99.97% | q_loss=0.6338
    Eval -> avg_reward=18.12 | avg_final_coverage=98.49% | avg_broadcast=100.00%
[DQN] step=4615 | epsilon=0.543 | mean_reward=14.68 | mean_coverage=86.60% | mean_broadcast=99.97% | q_loss=0.4056
    Eval -> avg_reward=18.44 | avg_final_coverage=98.43% | avg_broadcast=100.00%
[DQN] step=4620 | epsilon=0.543 | mean_reward=15.01 | mean_coverage=88.37% | mean_broadcast=100.00% | q_loss=0.4070
    Eval -> avg_reward=18.84 | avg_final_coverage=98.84% | avg_broadcast=100.00%
    Eval -> avg_reward=17.97 | avg_final_coverage=96.60% | avg_broadcast=100.00%
[DQN] step=4625 | epsilon=0.542 | mean_reward=15.01 | mean_coverage=88.37% | mean_broadcast=100.00% | q_loss=0.3435
    Eval -> avg_reward=18.19 | avg_final_coverage=97.59% | avg_broadcast=100.00%
[DQN] step=4630 | epsilon=0.542 | mean_reward=15.01 | mean_coverage=88.37% | mean_broadcast=100.00% | q_loss=0.3516
    Eval -> avg_reward=18.65 | avg_final_coverage=98.46% | avg_broadcast=100.00%
[DQN] step=4635 | epsilon=0.541 | mean_reward=15.01 | mean_coverage=88.37% | mean_broadcast=100.00% | q_loss=0.2164
    Eval -> avg_reward=19.29 | avg_final_coverage=99.51% | avg_broadcast=100.00%
[DQN] step=4640 | epsilon=0.541 | mean_reward=15.01 | mean_coverage=88.37% | mean_broadcast=100.00% | q_loss=0.3973
    Eval -> avg_reward=17.61 | avg_final_coverage=95.10% | avg_broadcast=99.68%
    Eval -> avg_reward=18.41 | avg_final_coverage=98.85% | avg_broadcast=100.00%
[DQN] step=4645 | epsilon=0.540 | mean_reward=14.65 | mean_coverage=86.91% | mean_broadcast=100.00% | q_loss=0.3763
    Eval -> avg_reward=15.98 | avg_final_coverage=90.85% | avg_broadcast=100.00%
[DQN] step=4650 | epsilon=0.540 | mean_reward=14.65 | mean_coverage=86.91% | mean_broadcast=100.00% | q_loss=0.2997
    Eval -> avg_reward=17.43 | avg_final_coverage=96.43% | avg_broadcast=100.00%
[DQN] step=4655 | epsilon=0.539 | mean_reward=14.65 | mean_coverage=86.91% | mean_broadcast=100.00% | q_loss=0.2093
    Eval -> avg_reward=17.02 | avg_final_coverage=95.76% | avg_broadcast=100.00%
[DQN] step=4660 | epsilon=0.539 | mean_reward=14.65 | mean_coverage=86.91% | mean_broadcast=100.00% | q_loss=0.2066
    Eval -> avg_reward=16.51 | avg_final_coverage=93.47% | avg_broadcast=100.00%
    Eval -> avg_reward=17.51 | avg_final_coverage=96.12% | avg_broadcast=100.00%
[DQN] step=4665 | epsilon=0.538 | mean_reward=14.65 | mean_coverage=86.91% | mean_broadcast=100.00% | q_loss=0.3190
    Eval -> avg_reward=16.79 | avg_final_coverage=94.13% | avg_broadcast=100.00%
[DQN] step=4670 | epsilon=0.538 | mean_reward=15.99 | mean_coverage=91.87% | mean_broadcast=100.00% | q_loss=0.4541
    Eval -> avg_reward=18.51 | avg_final_coverage=99.35% | avg_broadcast=100.00%
[DQN] step=4675 | epsilon=0.537 | mean_reward=15.99 | mean_coverage=91.87% | mean_broadcast=100.00% | q_loss=0.4538
    Eval -> avg_reward=18.18 | avg_final_coverage=96.69% | avg_broadcast=100.00%
[DQN] step=4680 | epsilon=0.537 | mean_reward=15.99 | mean_coverage=91.87% | mean_broadcast=100.00% | q_loss=0.6102
    Eval -> avg_reward=16.80 | avg_final_coverage=93.26% | avg_broadcast=100.00%
    Eval -> avg_reward=17.72 | avg_final_coverage=97.44% | avg_broadcast=100.00%
[DQN] step=4685 | epsilon=0.536 | mean_reward=15.99 | mean_coverage=91.87% | mean_broadcast=100.00% | q_loss=0.5878
    Eval -> avg_reward=18.11 | avg_final_coverage=99.04% | avg_broadcast=100.00%
[DQN] step=4690 | epsilon=0.536 | mean_reward=15.99 | mean_coverage=91.87% | mean_broadcast=100.00% | q_loss=0.6469
    Eval -> avg_reward=18.47 | avg_final_coverage=99.56% | avg_broadcast=100.00%
[DQN] step=4695 | epsilon=0.535 | mean_reward=15.13 | mean_coverage=88.99% | mean_broadcast=100.00% | q_loss=2.0765
    Eval -> avg_reward=17.37 | avg_final_coverage=96.76% | avg_broadcast=100.00%
[DQN] step=4700 | epsilon=0.535 | mean_reward=15.13 | mean_coverage=88.99% | mean_broadcast=100.00% | q_loss=1.6709
    Eval -> avg_reward=12.73 | avg_final_coverage=79.96% | avg_broadcast=100.00%
    Eval -> avg_reward=15.01 | avg_final_coverage=87.97% | avg_broadcast=100.00%
[DQN] step=4705 | epsilon=0.534 | mean_reward=15.13 | mean_coverage=88.99% | mean_broadcast=100.00% | q_loss=1.2727
INFO:     114.242.201.65:0 - "POST /api/simulate/scene HTTP/1.1" 200 OK
    Eval -> avg_reward=12.87 | avg_final_coverage=80.21% | avg_broadcast=100.00%
[DQN] step=4710 | epsilon=0.534 | mean_reward=15.13 | mean_coverage=88.99% | mean_broadcast=100.00% | q_loss=1.1161
    Eval -> avg_reward=13.15 | avg_final_coverage=80.50% | avg_broadcast=99.74%
[DQN] step=4715 | epsilon=0.534 | mean_reward=15.13 | mean_coverage=88.99% | mean_broadcast=100.00% | q_loss=1.5096
    Eval -> avg_reward=15.35 | avg_final_coverage=89.94% | avg_broadcast=99.94%
[DQN] step=4720 | epsilon=0.533 | mean_reward=14.63 | mean_coverage=87.00% | mean_broadcast=99.97% | q_loss=1.2087
    Eval -> avg_reward=15.55 | avg_final_coverage=90.00% | avg_broadcast=99.09%
    Eval -> avg_reward=16.31 | avg_final_coverage=93.53% | avg_broadcast=100.00%
[DQN] step=4725 | epsilon=0.533 | mean_reward=14.63 | mean_coverage=87.00% | mean_broadcast=99.97% | q_loss=1.3555
    Eval -> avg_reward=17.26 | avg_final_coverage=98.04% | avg_broadcast=100.00%
[DQN] step=4730 | epsilon=0.532 | mean_reward=14.63 | mean_coverage=87.00% | mean_broadcast=99.97% | q_loss=0.9843
    Eval -> avg_reward=17.14 | avg_final_coverage=96.51% | avg_broadcast=100.00%
[DQN] step=4735 | epsilon=0.532 | mean_reward=14.63 | mean_coverage=87.00% | mean_broadcast=99.97% | q_loss=0.6413
    Eval -> avg_reward=17.64 | avg_final_coverage=97.60% | avg_broadcast=100.00%
[DQN] step=4740 | epsilon=0.531 | mean_reward=14.63 | mean_coverage=87.00% | mean_broadcast=99.97% | q_loss=0.5815
    Eval -> avg_reward=17.45 | avg_final_coverage=97.12% | avg_broadcast=100.00%
    Eval -> avg_reward=18.39 | avg_final_coverage=98.81% | avg_broadcast=100.00%
[DQN] step=4745 | epsilon=0.531 | mean_reward=14.89 | mean_coverage=88.28% | mean_broadcast=99.97% | q_loss=0.5761
    Eval -> avg_reward=18.36 | avg_final_coverage=99.37% | avg_broadcast=100.00%
[DQN] step=4750 | epsilon=0.530 | mean_reward=14.89 | mean_coverage=88.28% | mean_broadcast=99.97% | q_loss=0.5987
    Eval -> avg_reward=18.95 | avg_final_coverage=99.68% | avg_broadcast=100.00%
[DQN] step=4755 | epsilon=0.530 | mean_reward=14.89 | mean_coverage=88.28% | mean_broadcast=99.97% | q_loss=0.5501
    Eval -> avg_reward=19.32 | avg_final_coverage=99.82% | avg_broadcast=100.00%
[DQN] step=4760 | epsilon=0.529 | mean_reward=14.89 | mean_coverage=88.28% | mean_broadcast=99.97% | q_loss=0.4264
    Eval -> avg_reward=19.53 | avg_final_coverage=99.88% | avg_broadcast=100.00%
    Eval -> avg_reward=20.44 | avg_final_coverage=99.99% | avg_broadcast=100.00%
[DQN] step=4765 | epsilon=0.529 | mean_reward=14.89 | mean_coverage=88.28% | mean_broadcast=99.97% | q_loss=0.4174
    Eval -> avg_reward=18.17 | avg_final_coverage=99.22% | avg_broadcast=100.00%
[DQN] step=4770 | epsilon=0.528 | mean_reward=15.25 | mean_coverage=89.96% | mean_broadcast=99.97% | q_loss=0.4315
    Eval -> avg_reward=18.49 | avg_final_coverage=99.68% | avg_broadcast=100.00%
[DQN] step=4775 | epsilon=0.528 | mean_reward=15.25 | mean_coverage=89.96% | mean_broadcast=99.97% | q_loss=0.3609
    Eval -> avg_reward=18.33 | avg_final_coverage=99.65% | avg_broadcast=100.00%
[DQN] step=4780 | epsilon=0.527 | mean_reward=15.25 | mean_coverage=89.96% | mean_broadcast=99.97% | q_loss=0.3571
    Eval -> avg_reward=18.05 | avg_final_coverage=99.31% | avg_broadcast=100.00%
    Eval -> avg_reward=18.53 | avg_final_coverage=99.69% | avg_broadcast=100.00%
[DQN] step=4785 | epsilon=0.527 | mean_reward=15.25 | mean_coverage=89.96% | mean_broadcast=99.97% | q_loss=0.7076
    Eval -> avg_reward=18.35 | avg_final_coverage=99.53% | avg_broadcast=100.00%
[DQN] step=4790 | epsilon=0.526 | mean_reward=15.25 | mean_coverage=89.96% | mean_broadcast=99.97% | q_loss=0.6753
    Eval -> avg_reward=17.61 | avg_final_coverage=97.09% | avg_broadcast=100.00%
[DQN] step=4795 | epsilon=0.526 | mean_reward=15.53 | mean_coverage=90.66% | mean_broadcast=99.97% | q_loss=1.0688
    Eval -> avg_reward=17.83 | avg_final_coverage=97.46% | avg_broadcast=100.00%
[DQN] step=4800 | epsilon=0.525 | mean_reward=15.53 | mean_coverage=90.66% | mean_broadcast=99.97% | q_loss=0.8190
    Eval -> avg_reward=17.37 | avg_final_coverage=96.35% | avg_broadcast=100.00%
    Eval -> avg_reward=17.64 | avg_final_coverage=96.21% | avg_broadcast=100.00%
[DQN] step=4805 | epsilon=0.525 | mean_reward=15.53 | mean_coverage=90.66% | mean_broadcast=99.97% | q_loss=2.1650
    Eval -> avg_reward=18.45 | avg_final_coverage=99.24% | avg_broadcast=100.00%
[DQN] step=4810 | epsilon=0.524 | mean_reward=15.53 | mean_coverage=90.66% | mean_broadcast=99.97% | q_loss=1.5436
    Eval -> avg_reward=18.21 | avg_final_coverage=98.68% | avg_broadcast=100.00%
[DQN] step=4815 | epsilon=0.524 | mean_reward=15.53 | mean_coverage=90.66% | mean_broadcast=99.97% | q_loss=1.5816
    Eval -> avg_reward=16.24 | avg_final_coverage=93.79% | avg_broadcast=100.00%
[DQN] step=4820 | epsilon=0.523 | mean_reward=16.40 | mean_coverage=93.31% | mean_broadcast=99.97% | q_loss=0.7277
    Eval -> avg_reward=16.81 | avg_final_coverage=95.97% | avg_broadcast=100.00%
    Eval -> avg_reward=17.72 | avg_final_coverage=99.09% | avg_broadcast=100.00%
[DQN] step=4825 | epsilon=0.523 | mean_reward=16.40 | mean_coverage=93.31% | mean_broadcast=99.97% | q_loss=0.8481
    Eval -> avg_reward=18.26 | avg_final_coverage=98.85% | avg_broadcast=100.00%
[DQN] step=4830 | epsilon=0.522 | mean_reward=16.40 | mean_coverage=93.31% | mean_broadcast=99.97% | q_loss=0.6805
    Eval -> avg_reward=18.47 | avg_final_coverage=99.31% | avg_broadcast=100.00%
[DQN] step=4835 | epsilon=0.522 | mean_reward=16.40 | mean_coverage=93.31% | mean_broadcast=99.97% | q_loss=0.9249
    Eval -> avg_reward=18.49 | avg_final_coverage=99.54% | avg_broadcast=100.00%
[DQN] step=4840 | epsilon=0.521 | mean_reward=16.40 | mean_coverage=93.31% | mean_broadcast=99.97% | q_loss=1.1140
    Eval -> avg_reward=18.01 | avg_final_coverage=97.96% | avg_broadcast=100.00%
    Eval -> avg_reward=17.71 | avg_final_coverage=97.19% | avg_broadcast=100.00%
[DQN] step=4845 | epsilon=0.521 | mean_reward=17.08 | mean_coverage=95.84% | mean_broadcast=100.00% | q_loss=0.8768
    Eval -> avg_reward=17.91 | avg_final_coverage=98.69% | avg_broadcast=100.00%
[DQN] step=4850 | epsilon=0.520 | mean_reward=17.08 | mean_coverage=95.84% | mean_broadcast=100.00% | q_loss=0.5375
    Eval -> avg_reward=18.76 | avg_final_coverage=99.41% | avg_broadcast=100.00%
[DQN] step=4855 | epsilon=0.520 | mean_reward=17.08 | mean_coverage=95.84% | mean_broadcast=100.00% | q_loss=0.9048
    Eval -> avg_reward=18.52 | avg_final_coverage=99.44% | avg_broadcast=100.00%
[DQN] step=4860 | epsilon=0.519 | mean_reward=17.08 | mean_coverage=95.84% | mean_broadcast=100.00% | q_loss=0.3691
    Eval -> avg_reward=18.64 | avg_final_coverage=99.21% | avg_broadcast=100.00%
    Eval -> avg_reward=18.40 | avg_final_coverage=98.65% | avg_broadcast=100.00%
[DQN] step=4865 | epsilon=0.519 | mean_reward=17.08 | mean_coverage=95.84% | mean_broadcast=100.00% | q_loss=0.4202
    Eval -> avg_reward=19.02 | avg_final_coverage=99.09% | avg_broadcast=100.00%
[DQN] step=4870 | epsilon=0.518 | mean_reward=17.49 | mean_coverage=96.74% | mean_broadcast=100.00% | q_loss=0.3696
    Eval -> avg_reward=18.45 | avg_final_coverage=98.85% | avg_broadcast=100.00%
[DQN] step=4875 | epsilon=0.518 | mean_reward=17.49 | mean_coverage=96.74% | mean_broadcast=100.00% | q_loss=0.3621
    Eval -> avg_reward=18.70 | avg_final_coverage=99.00% | avg_broadcast=100.00%
[DQN] step=4880 | epsilon=0.517 | mean_reward=17.49 | mean_coverage=96.74% | mean_broadcast=100.00% | q_loss=0.3376
    Eval -> avg_reward=17.97 | avg_final_coverage=97.49% | avg_broadcast=99.91%
    Eval -> avg_reward=17.94 | avg_final_coverage=97.82% | avg_broadcast=100.00%
[DQN] step=4885 | epsilon=0.517 | mean_reward=17.49 | mean_coverage=96.74% | mean_broadcast=100.00% | q_loss=1.0158
    Eval -> avg_reward=18.10 | avg_final_coverage=98.24% | avg_broadcast=100.00%
[DQN] step=4890 | epsilon=0.516 | mean_reward=17.49 | mean_coverage=96.74% | mean_broadcast=100.00% | q_loss=0.7538
    Eval -> avg_reward=20.59 | avg_final_coverage=99.94% | avg_broadcast=100.00%
[DQN] step=4895 | epsilon=0.516 | mean_reward=17.61 | mean_coverage=97.12% | mean_broadcast=100.00% | q_loss=0.4243
    Eval -> avg_reward=17.56 | avg_final_coverage=97.28% | avg_broadcast=100.00%
[DQN] step=4900 | epsilon=0.515 | mean_reward=17.61 | mean_coverage=97.12% | mean_broadcast=100.00% | q_loss=0.4131
    Eval -> avg_reward=17.72 | avg_final_coverage=97.47% | avg_broadcast=100.00%
    Eval -> avg_reward=18.08 | avg_final_coverage=98.69% | avg_broadcast=100.00%
[DQN] step=4905 | epsilon=0.515 | mean_reward=17.61 | mean_coverage=97.12% | mean_broadcast=100.00% | q_loss=0.3862
    Eval -> avg_reward=18.18 | avg_final_coverage=98.94% | avg_broadcast=100.00%
[DQN] step=4910 | epsilon=0.514 | mean_reward=17.61 | mean_coverage=97.12% | mean_broadcast=100.00% | q_loss=0.3650
    Eval -> avg_reward=17.93 | avg_final_coverage=98.97% | avg_broadcast=100.00%
[DQN] step=4915 | epsilon=0.514 | mean_reward=17.61 | mean_coverage=97.12% | mean_broadcast=100.00% | q_loss=0.2470
    Eval -> avg_reward=17.81 | avg_final_coverage=98.38% | avg_broadcast=100.00%
[DQN] step=4920 | epsilon=0.513 | mean_reward=17.13 | mean_coverage=95.53% | mean_broadcast=100.00% | q_loss=0.3645
    Eval -> avg_reward=17.03 | avg_final_coverage=95.21% | avg_broadcast=100.00%
    Eval -> avg_reward=17.56 | avg_final_coverage=99.04% | avg_broadcast=100.00%
[DQN] step=4925 | epsilon=0.513 | mean_reward=17.13 | mean_coverage=95.53% | mean_broadcast=100.00% | q_loss=0.5180
    Eval -> avg_reward=17.08 | avg_final_coverage=95.51% | avg_broadcast=100.00%
[DQN] step=4930 | epsilon=0.512 | mean_reward=17.13 | mean_coverage=95.53% | mean_broadcast=100.00% | q_loss=1.9828
    Eval -> avg_reward=18.33 | avg_final_coverage=98.16% | avg_broadcast=100.00%
[DQN] step=4935 | epsilon=0.512 | mean_reward=17.13 | mean_coverage=95.53% | mean_broadcast=100.00% | q_loss=1.3613
    Eval -> avg_reward=17.67 | avg_final_coverage=99.60% | avg_broadcast=100.00%
[DQN] step=4940 | epsilon=0.511 | mean_reward=17.13 | mean_coverage=95.53% | mean_broadcast=100.00% | q_loss=1.8074
    Eval -> avg_reward=17.87 | avg_final_coverage=99.47% | avg_broadcast=100.00%
    Eval -> avg_reward=17.83 | avg_final_coverage=98.38% | avg_broadcast=100.00%
[DQN] step=4945 | epsilon=0.511 | mean_reward=16.96 | mean_coverage=95.71% | mean_broadcast=100.00% | q_loss=1.7077
    Eval -> avg_reward=17.65 | avg_final_coverage=98.15% | avg_broadcast=100.00%
[DQN] step=4950 | epsilon=0.510 | mean_reward=16.96 | mean_coverage=95.71% | mean_broadcast=100.00% | q_loss=1.4379
    Eval -> avg_reward=17.83 | avg_final_coverage=98.50% | avg_broadcast=100.00%
[DQN] step=4955 | epsilon=0.510 | mean_reward=16.96 | mean_coverage=95.71% | mean_broadcast=100.00% | q_loss=1.2059
    Eval -> avg_reward=18.38 | avg_final_coverage=99.29% | avg_broadcast=100.00%
[DQN] step=4960 | epsilon=0.509 | mean_reward=16.96 | mean_coverage=95.71% | mean_broadcast=100.00% | q_loss=0.8715
    Eval -> avg_reward=17.71 | avg_final_coverage=96.99% | avg_broadcast=100.00%
    Eval -> avg_reward=18.29 | avg_final_coverage=99.32% | avg_broadcast=100.00%
[DQN] step=4965 | epsilon=0.509 | mean_reward=16.96 | mean_coverage=95.71% | mean_broadcast=100.00% | q_loss=0.6744
    Eval -> avg_reward=18.10 | avg_final_coverage=99.15% | avg_broadcast=100.00%
[DQN] step=4970 | epsilon=0.508 | mean_reward=16.92 | mean_coverage=95.62% | mean_broadcast=100.00% | q_loss=1.4102
    Eval -> avg_reward=18.17 | avg_final_coverage=99.21% | avg_broadcast=100.00%
[DQN] step=4975 | epsilon=0.508 | mean_reward=16.92 | mean_coverage=95.62% | mean_broadcast=100.00% | q_loss=0.9134
    Eval -> avg_reward=17.11 | avg_final_coverage=97.06% | avg_broadcast=100.00%
[DQN] step=4980 | epsilon=0.507 | mean_reward=16.92 | mean_coverage=95.62% | mean_broadcast=100.00% | q_loss=0.8276
    Eval -> avg_reward=17.93 | avg_final_coverage=99.31% | avg_broadcast=100.00%
    Eval -> avg_reward=18.17 | avg_final_coverage=98.37% | avg_broadcast=100.00%
[DQN] step=4985 | epsilon=0.507 | mean_reward=16.92 | mean_coverage=95.62% | mean_broadcast=100.00% | q_loss=0.6056
    Eval -> avg_reward=17.93 | avg_final_coverage=98.82% | avg_broadcast=100.00%
[DQN] step=4990 | epsilon=0.506 | mean_reward=16.92 | mean_coverage=95.62% | mean_broadcast=100.00% | q_loss=0.5828
    Eval -> avg_reward=17.87 | avg_final_coverage=98.47% | avg_broadcast=100.00%
[DQN] step=4995 | epsilon=0.506 | mean_reward=16.29 | mean_coverage=93.82% | mean_broadcast=100.00% | q_loss=0.6130
    Eval -> avg_reward=17.97 | avg_final_coverage=98.40% | avg_broadcast=100.00%
[DQN] step=5000 | epsilon=0.505 | mean_reward=16.29 | mean_coverage=93.82% | mean_broadcast=100.00% | q_loss=0.5276
    Eval -> avg_reward=18.36 | avg_final_coverage=98.85% | avg_broadcast=100.00%
    Eval -> avg_reward=18.37 | avg_final_coverage=98.75% | avg_broadcast=100.00%
[DQN] step=5005 | epsilon=0.505 | mean_reward=16.29 | mean_coverage=93.82% | mean_broadcast=100.00% | q_loss=2.2109
    Eval -> avg_reward=18.62 | avg_final_coverage=99.07% | avg_broadcast=100.00%
[DQN] step=5010 | epsilon=0.504 | mean_reward=16.29 | mean_coverage=93.82% | mean_broadcast=100.00% | q_loss=1.0709
    Eval -> avg_reward=18.55 | avg_final_coverage=99.69% | avg_broadcast=100.00%
[DQN] step=5015 | epsilon=0.504 | mean_reward=16.29 | mean_coverage=93.82% | mean_broadcast=100.00% | q_loss=1.4310
    Eval -> avg_reward=18.79 | avg_final_coverage=99.38% | avg_broadcast=100.00%
[DQN] step=5020 | epsilon=0.503 | mean_reward=16.39 | mean_coverage=93.91% | mean_broadcast=100.00% | q_loss=0.8578
    Eval -> avg_reward=18.09 | avg_final_coverage=97.85% | avg_broadcast=100.00%
    Eval -> avg_reward=17.86 | avg_final_coverage=97.78% | avg_broadcast=99.99%
[DQN] step=5025 | epsilon=0.503 | mean_reward=16.39 | mean_coverage=93.91% | mean_broadcast=100.00% | q_loss=0.6541
    Eval -> avg_reward=18.34 | avg_final_coverage=98.76% | avg_broadcast=100.00%
[DQN] step=5030 | epsilon=0.502 | mean_reward=16.39 | mean_coverage=93.91% | mean_broadcast=100.00% | q_loss=0.5002
    Eval -> avg_reward=18.14 | avg_final_coverage=98.76% | avg_broadcast=100.00%
[DQN] step=5035 | epsilon=0.502 | mean_reward=16.39 | mean_coverage=93.91% | mean_broadcast=100.00% | q_loss=0.3929
    Eval -> avg_reward=17.62 | avg_final_coverage=96.06% | avg_broadcast=100.00%
[DQN] step=5040 | epsilon=0.501 | mean_reward=16.39 | mean_coverage=93.91% | mean_broadcast=100.00% | q_loss=0.9331
    Eval -> avg_reward=17.26 | avg_final_coverage=95.15% | avg_broadcast=100.00%
    Eval -> avg_reward=17.33 | avg_final_coverage=94.51% | avg_broadcast=100.00%
[DQN] step=5045 | epsilon=0.501 | mean_reward=16.63 | mean_coverage=94.63% | mean_broadcast=100.00% | q_loss=0.7309
    Eval -> avg_reward=17.22 | avg_final_coverage=94.74% | avg_broadcast=100.00%
[DQN] step=5050 | epsilon=0.500 | mean_reward=16.63 | mean_coverage=94.63% | mean_broadcast=100.00% | q_loss=0.6592
    Eval -> avg_reward=17.90 | avg_final_coverage=96.96% | avg_broadcast=100.00%
[DQN] step=5055 | epsilon=0.500 | mean_reward=16.63 | mean_coverage=94.63% | mean_broadcast=100.00% | q_loss=0.6023
    Eval -> avg_reward=18.03 | avg_final_coverage=96.97% | avg_broadcast=100.00%
[DQN] step=5060 | epsilon=0.499 | mean_reward=16.63 | mean_coverage=94.63% | mean_broadcast=100.00% | q_loss=0.6671
    Eval -> avg_reward=17.63 | avg_final_coverage=95.74% | avg_broadcast=100.00%
    Eval -> avg_reward=18.33 | avg_final_coverage=97.69% | avg_broadcast=100.00%
[DQN] step=5065 | epsilon=0.499 | mean_reward=16.63 | mean_coverage=94.63% | mean_broadcast=100.00% | q_loss=0.5267
    Eval -> avg_reward=18.52 | avg_final_coverage=97.25% | avg_broadcast=100.00%
[DQN] step=5070 | epsilon=0.498 | mean_reward=16.33 | mean_coverage=93.09% | mean_broadcast=100.00% | q_loss=0.5104
    Eval -> avg_reward=18.25 | avg_final_coverage=97.44% | avg_broadcast=100.00%
[DQN] step=5075 | epsilon=0.498 | mean_reward=16.33 | mean_coverage=93.09% | mean_broadcast=100.00% | q_loss=0.5077
    Eval -> avg_reward=17.77 | avg_final_coverage=96.15% | avg_broadcast=100.00%
[DQN] step=5080 | epsilon=0.497 | mean_reward=16.33 | mean_coverage=93.09% | mean_broadcast=100.00% | q_loss=0.4900
    Eval -> avg_reward=18.85 | avg_final_coverage=98.62% | avg_broadcast=100.00%
    Eval -> avg_reward=17.65 | avg_final_coverage=95.76% | avg_broadcast=100.00%
[DQN] step=5085 | epsilon=0.497 | mean_reward=16.33 | mean_coverage=93.09% | mean_broadcast=100.00% | q_loss=0.5302
    Eval -> avg_reward=17.80 | avg_final_coverage=97.24% | avg_broadcast=100.00%
[DQN] step=5090 | epsilon=0.496 | mean_reward=16.33 | mean_coverage=93.09% | mean_broadcast=100.00% | q_loss=0.4685
    Eval -> avg_reward=17.52 | avg_final_coverage=95.79% | avg_broadcast=100.00%
[DQN] step=5095 | epsilon=0.496 | mean_reward=16.28 | mean_coverage=92.59% | mean_broadcast=100.00% | q_loss=0.3530
    Eval -> avg_reward=18.05 | avg_final_coverage=97.18% | avg_broadcast=100.00%
[DQN] step=5100 | epsilon=0.495 | mean_reward=16.28 | mean_coverage=92.59% | mean_broadcast=100.00% | q_loss=0.3701
    Eval -> avg_reward=18.84 | avg_final_coverage=99.60% | avg_broadcast=100.00%
    Eval -> avg_reward=18.60 | avg_final_coverage=98.96% | avg_broadcast=100.00%
[DQN] step=5105 | epsilon=0.495 | mean_reward=16.28 | mean_coverage=92.59% | mean_broadcast=100.00% | q_loss=0.2894
    Eval -> avg_reward=18.59 | avg_final_coverage=99.53% | avg_broadcast=100.00%
[DQN] step=5110 | epsilon=0.494 | mean_reward=16.28 | mean_coverage=92.59% | mean_broadcast=100.00% | q_loss=0.4103
    Eval -> avg_reward=19.35 | avg_final_coverage=99.66% | avg_broadcast=100.00%
[DQN] step=5115 | epsilon=0.494 | mean_reward=16.28 | mean_coverage=92.59% | mean_broadcast=100.00% | q_loss=0.4030
    Eval -> avg_reward=19.63 | avg_final_coverage=99.35% | avg_broadcast=100.00%
[DQN] step=5120 | epsilon=0.493 | mean_reward=16.28 | mean_coverage=92.10% | mean_broadcast=100.00% | q_loss=0.3758
    Eval -> avg_reward=17.19 | avg_final_coverage=95.59% | avg_broadcast=100.00%
    Eval -> avg_reward=17.09 | avg_final_coverage=95.44% | avg_broadcast=100.00%
[DQN] step=5125 | epsilon=0.493 | mean_reward=16.28 | mean_coverage=92.10% | mean_broadcast=100.00% | q_loss=0.3466
    Eval -> avg_reward=18.03 | avg_final_coverage=98.87% | avg_broadcast=100.00%
[DQN] step=5130 | epsilon=0.492 | mean_reward=16.28 | mean_coverage=92.10% | mean_broadcast=100.00% | q_loss=0.2829
    Eval -> avg_reward=17.37 | avg_final_coverage=96.85% | avg_broadcast=100.00%
[DQN] step=5135 | epsilon=0.492 | mean_reward=16.28 | mean_coverage=92.10% | mean_broadcast=100.00% | q_loss=0.4337
    Eval -> avg_reward=16.56 | avg_final_coverage=94.07% | avg_broadcast=100.00%
[DQN] step=5140 | epsilon=0.491 | mean_reward=16.28 | mean_coverage=92.10% | mean_broadcast=100.00% | q_loss=0.4121
    Eval -> avg_reward=17.18 | avg_final_coverage=95.71% | avg_broadcast=100.00%
    Eval -> avg_reward=16.30 | avg_final_coverage=92.44% | avg_broadcast=100.00%
[DQN] step=5145 | epsilon=0.491 | mean_reward=16.27 | mean_coverage=91.82% | mean_broadcast=100.00% | q_loss=0.4398
    Eval -> avg_reward=16.63 | avg_final_coverage=93.38% | avg_broadcast=100.00%
[DQN] step=5150 | epsilon=0.490 | mean_reward=16.27 | mean_coverage=91.82% | mean_broadcast=100.00% | q_loss=0.5560
    Eval -> avg_reward=17.89 | avg_final_coverage=97.43% | avg_broadcast=100.00%
[DQN] step=5155 | epsilon=0.490 | mean_reward=16.27 | mean_coverage=91.82% | mean_broadcast=100.00% | q_loss=0.4610
    Eval -> avg_reward=16.57 | avg_final_coverage=92.66% | avg_broadcast=99.97%
[DQN] step=5160 | epsilon=0.489 | mean_reward=16.27 | mean_coverage=91.82% | mean_broadcast=100.00% | q_loss=0.5782
    Eval -> avg_reward=18.44 | avg_final_coverage=98.29% | avg_broadcast=100.00%
    Eval -> avg_reward=18.82 | avg_final_coverage=99.25% | avg_broadcast=100.00%
[DQN] step=5165 | epsilon=0.489 | mean_reward=16.27 | mean_coverage=91.82% | mean_broadcast=100.00% | q_loss=0.7734
    Eval -> avg_reward=17.31 | avg_final_coverage=95.78% | avg_broadcast=100.00%
[DQN] step=5170 | epsilon=0.488 | mean_reward=16.51 | mean_coverage=92.59% | mean_broadcast=100.00% | q_loss=0.8827
    Eval -> avg_reward=17.96 | avg_final_coverage=98.76% | avg_broadcast=100.00%
[DQN] step=5175 | epsilon=0.488 | mean_reward=16.51 | mean_coverage=92.59% | mean_broadcast=100.00% | q_loss=0.4534
    Eval -> avg_reward=18.58 | avg_final_coverage=99.03% | avg_broadcast=100.00%
[DQN] step=5180 | epsilon=0.487 | mean_reward=16.51 | mean_coverage=92.59% | mean_broadcast=100.00% | q_loss=0.6169
    Eval -> avg_reward=17.76 | avg_final_coverage=97.00% | avg_broadcast=100.00%
    Eval -> avg_reward=17.70 | avg_final_coverage=96.44% | avg_broadcast=100.00%
[DQN] step=5185 | epsilon=0.487 | mean_reward=16.51 | mean_coverage=92.59% | mean_broadcast=100.00% | q_loss=0.7350
    Eval -> avg_reward=16.83 | avg_final_coverage=93.46% | avg_broadcast=100.00%
[DQN] step=5190 | epsilon=0.487 | mean_reward=16.51 | mean_coverage=92.59% | mean_broadcast=100.00% | q_loss=0.4911
    Eval -> avg_reward=16.41 | avg_final_coverage=92.00% | avg_broadcast=100.00%
[DQN] step=5195 | epsilon=0.486 | mean_reward=16.98 | mean_coverage=94.34% | mean_broadcast=100.00% | q_loss=0.4664
    Eval -> avg_reward=17.12 | avg_final_coverage=94.90% | avg_broadcast=100.00%
[DQN] step=5200 | epsilon=0.486 | mean_reward=16.98 | mean_coverage=94.34% | mean_broadcast=100.00% | q_loss=0.4333
    Eval -> avg_reward=16.94 | avg_final_coverage=94.25% | avg_broadcast=100.00%
    Eval -> avg_reward=17.19 | avg_final_coverage=95.37% | avg_broadcast=100.00%
[DQN] step=5205 | epsilon=0.485 | mean_reward=16.98 | mean_coverage=94.34% | mean_broadcast=100.00% | q_loss=0.3459
    Eval -> avg_reward=18.11 | avg_final_coverage=97.66% | avg_broadcast=100.00%
[DQN] step=5210 | epsilon=0.485 | mean_reward=16.98 | mean_coverage=94.34% | mean_broadcast=100.00% | q_loss=0.4311
    Eval -> avg_reward=18.19 | avg_final_coverage=98.40% | avg_broadcast=100.00%
[DQN] step=5215 | epsilon=0.484 | mean_reward=16.98 | mean_coverage=94.34% | mean_broadcast=100.00% | q_loss=0.4626
    Eval -> avg_reward=17.64 | avg_final_coverage=96.41% | avg_broadcast=100.00%
[DQN] step=5220 | epsilon=0.484 | mean_reward=16.90 | mean_coverage=94.01% | mean_broadcast=100.00% | q_loss=0.3481
    Eval -> avg_reward=19.50 | avg_final_coverage=99.90% | avg_broadcast=100.00%
    Eval -> avg_reward=19.24 | avg_final_coverage=99.34% | avg_broadcast=100.00%
[DQN] step=5225 | epsilon=0.483 | mean_reward=16.90 | mean_coverage=94.01% | mean_broadcast=100.00% | q_loss=0.3408
    Eval -> avg_reward=20.17 | avg_final_coverage=99.91% | avg_broadcast=100.00%
[DQN] step=5230 | epsilon=0.483 | mean_reward=16.90 | mean_coverage=94.01% | mean_broadcast=100.00% | q_loss=0.2918
    Eval -> avg_reward=18.94 | avg_final_coverage=97.31% | avg_broadcast=100.00%
[DQN] step=5235 | epsilon=0.482 | mean_reward=16.90 | mean_coverage=94.01% | mean_broadcast=100.00% | q_loss=0.2890
    Eval -> avg_reward=18.72 | avg_final_coverage=97.68% | avg_broadcast=100.00%
[DQN] step=5240 | epsilon=0.482 | mean_reward=16.90 | mean_coverage=94.01% | mean_broadcast=100.00% | q_loss=0.4085
    Eval -> avg_reward=19.03 | avg_final_coverage=99.44% | avg_broadcast=100.00%
    Eval -> avg_reward=19.93 | avg_final_coverage=99.81% | avg_broadcast=100.00%
[DQN] step=5245 | epsilon=0.481 | mean_reward=17.45 | mean_coverage=96.03% | mean_broadcast=100.00% | q_loss=0.4483
    Eval -> avg_reward=18.25 | avg_final_coverage=98.65% | avg_broadcast=100.00%
[DQN] step=5250 | epsilon=0.481 | mean_reward=17.45 | mean_coverage=96.03% | mean_broadcast=100.00% | q_loss=0.8360
    Eval -> avg_reward=16.37 | avg_final_coverage=92.31% | avg_broadcast=99.69%
[DQN] step=5255 | epsilon=0.480 | mean_reward=17.45 | mean_coverage=96.03% | mean_broadcast=100.00% | q_loss=0.4204
    Eval -> avg_reward=16.05 | avg_final_coverage=90.81% | avg_broadcast=99.66%
[DQN] step=5260 | epsilon=0.480 | mean_reward=17.45 | mean_coverage=96.03% | mean_broadcast=100.00% | q_loss=0.6359
    Eval -> avg_reward=18.07 | avg_final_coverage=96.68% | avg_broadcast=99.93%
    Eval -> avg_reward=18.88 | avg_final_coverage=98.91% | avg_broadcast=100.00%
[DQN] step=5265 | epsilon=0.479 | mean_reward=17.45 | mean_coverage=96.03% | mean_broadcast=100.00% | q_loss=0.4325
    Eval -> avg_reward=18.58 | avg_final_coverage=99.29% | avg_broadcast=100.00%
[DQN] step=5270 | epsilon=0.479 | mean_reward=17.47 | mean_coverage=96.43% | mean_broadcast=100.00% | q_loss=0.6524
    Eval -> avg_reward=18.44 | avg_final_coverage=99.32% | avg_broadcast=100.00%
[DQN] step=5275 | epsilon=0.478 | mean_reward=17.47 | mean_coverage=96.43% | mean_broadcast=100.00% | q_loss=0.4437
    Eval -> avg_reward=18.41 | avg_final_coverage=99.24% | avg_broadcast=100.00%
[DQN] step=5280 | epsilon=0.478 | mean_reward=17.47 | mean_coverage=96.43% | mean_broadcast=100.00% | q_loss=0.4635
    Eval -> avg_reward=18.45 | avg_final_coverage=99.19% | avg_broadcast=100.00%
    Eval -> avg_reward=18.23 | avg_final_coverage=98.53% | avg_broadcast=100.00%
[DQN] step=5285 | epsilon=0.477 | mean_reward=17.47 | mean_coverage=96.43% | mean_broadcast=100.00% | q_loss=0.3440
    Eval -> avg_reward=18.74 | avg_final_coverage=99.37% | avg_broadcast=100.00%
[DQN] step=5290 | epsilon=0.477 | mean_reward=17.47 | mean_coverage=96.43% | mean_broadcast=100.00% | q_loss=0.3732
    Eval -> avg_reward=19.75 | avg_final_coverage=99.81% | avg_broadcast=100.00%
[DQN] step=5295 | epsilon=0.476 | mean_reward=17.58 | mean_coverage=96.81% | mean_broadcast=100.00% | q_loss=0.2744
    Eval -> avg_reward=20.93 | avg_final_coverage=99.94% | avg_broadcast=100.00%
[DQN] step=5300 | epsilon=0.476 | mean_reward=17.58 | mean_coverage=96.81% | mean_broadcast=100.00% | q_loss=0.3839
    Eval -> avg_reward=20.85 | avg_final_coverage=99.93% | avg_broadcast=100.00%
    Eval -> avg_reward=20.86 | avg_final_coverage=99.93% | avg_broadcast=100.00%
[DQN] step=5305 | epsilon=0.475 | mean_reward=17.58 | mean_coverage=96.81% | mean_broadcast=100.00% | q_loss=0.2523
    Eval -> avg_reward=21.05 | avg_final_coverage=99.94% | avg_broadcast=100.00%
[DQN] step=5310 | epsilon=0.475 | mean_reward=17.58 | mean_coverage=96.81% | mean_broadcast=100.00% | q_loss=0.2383
    Eval -> avg_reward=21.04 | avg_final_coverage=99.88% | avg_broadcast=100.00%
[DQN] step=5315 | epsilon=0.474 | mean_reward=17.58 | mean_coverage=96.81% | mean_broadcast=100.00% | q_loss=0.2638
    Eval -> avg_reward=19.93 | avg_final_coverage=99.88% | avg_broadcast=100.00%
[DQN] step=5320 | epsilon=0.474 | mean_reward=17.40 | mean_coverage=95.84% | mean_broadcast=100.00% | q_loss=0.2301
    Eval -> avg_reward=20.91 | avg_final_coverage=99.91% | avg_broadcast=100.00%
    Eval -> avg_reward=20.84 | avg_final_coverage=99.93% | avg_broadcast=100.00%
[DQN] step=5325 | epsilon=0.473 | mean_reward=17.40 | mean_coverage=95.84% | mean_broadcast=100.00% | q_loss=0.2040
    Eval -> avg_reward=20.44 | avg_final_coverage=99.87% | avg_broadcast=100.00%
[DQN] step=5330 | epsilon=0.473 | mean_reward=17.40 | mean_coverage=95.84% | mean_broadcast=100.00% | q_loss=0.2357
    Eval -> avg_reward=20.44 | avg_final_coverage=99.82% | avg_broadcast=100.00%
[DQN] step=5335 | epsilon=0.472 | mean_reward=17.40 | mean_coverage=95.84% | mean_broadcast=100.00% | q_loss=0.2018
    Eval -> avg_reward=18.72 | avg_final_coverage=98.51% | avg_broadcast=100.00%
[DQN] step=5340 | epsilon=0.472 | mean_reward=17.40 | mean_coverage=95.84% | mean_broadcast=100.00% | q_loss=0.3842
    Eval -> avg_reward=18.53 | avg_final_coverage=98.19% | avg_broadcast=100.00%
    Eval -> avg_reward=18.69 | avg_final_coverage=98.38% | avg_broadcast=100.00%
[DQN] step=5345 | epsilon=0.471 | mean_reward=17.51 | mean_coverage=96.37% | mean_broadcast=100.00% | q_loss=0.2824
    Eval -> avg_reward=18.67 | avg_final_coverage=98.79% | avg_broadcast=100.00%
[DQN] step=5350 | epsilon=0.471 | mean_reward=17.51 | mean_coverage=96.37% | mean_broadcast=100.00% | q_loss=0.2559
    Eval -> avg_reward=18.60 | avg_final_coverage=98.71% | avg_broadcast=100.00%
[DQN] step=5355 | epsilon=0.470 | mean_reward=17.51 | mean_coverage=96.37% | mean_broadcast=100.00% | q_loss=0.2802
    Eval -> avg_reward=17.81 | avg_final_coverage=96.82% | avg_broadcast=100.00%
[DQN] step=5360 | epsilon=0.470 | mean_reward=17.51 | mean_coverage=96.37% | mean_broadcast=100.00% | q_loss=1.6535
    Eval -> avg_reward=17.37 | avg_final_coverage=95.29% | avg_broadcast=100.00%
    Eval -> avg_reward=16.45 | avg_final_coverage=91.69% | avg_broadcast=100.00%
[DQN] step=5365 | epsilon=0.469 | mean_reward=17.51 | mean_coverage=96.37% | mean_broadcast=100.00% | q_loss=1.2608
    Eval -> avg_reward=16.62 | avg_final_coverage=92.26% | avg_broadcast=100.00%
[DQN] step=5370 | epsilon=0.469 | mean_reward=17.60 | mean_coverage=96.59% | mean_broadcast=100.00% | q_loss=0.7983
    Eval -> avg_reward=18.03 | avg_final_coverage=96.63% | avg_broadcast=100.00%
[DQN] step=5375 | epsilon=0.468 | mean_reward=17.60 | mean_coverage=96.59% | mean_broadcast=100.00% | q_loss=0.7358
    Eval -> avg_reward=16.20 | avg_final_coverage=90.38% | avg_broadcast=100.00%
[DQN] step=5380 | epsilon=0.468 | mean_reward=17.60 | mean_coverage=96.59% | mean_broadcast=100.00% | q_loss=1.3469
    Eval -> avg_reward=17.92 | avg_final_coverage=98.15% | avg_broadcast=100.00%
    Eval -> avg_reward=15.34 | avg_final_coverage=87.76% | avg_broadcast=99.76%
[DQN] step=5385 | epsilon=0.467 | mean_reward=17.60 | mean_coverage=96.59% | mean_broadcast=100.00% | q_loss=1.6529
    Eval -> avg_reward=17.60 | avg_final_coverage=95.88% | avg_broadcast=100.00%
[DQN] step=5390 | epsilon=0.467 | mean_reward=17.60 | mean_coverage=96.59% | mean_broadcast=100.00% | q_loss=1.0344
    Eval -> avg_reward=16.94 | avg_final_coverage=93.96% | avg_broadcast=100.00%
[DQN] step=5395 | epsilon=0.466 | mean_reward=17.14 | mean_coverage=94.93% | mean_broadcast=100.00% | q_loss=0.5631
    Eval -> avg_reward=16.77 | avg_final_coverage=93.96% | avg_broadcast=100.00%
[DQN] step=5400 | epsilon=0.466 | mean_reward=17.14 | mean_coverage=94.93% | mean_broadcast=100.00% | q_loss=2.5922
    Eval -> avg_reward=17.14 | avg_final_coverage=95.59% | avg_broadcast=100.00%
    Eval -> avg_reward=17.70 | avg_final_coverage=97.78% | avg_broadcast=100.00%
[DQN] step=5405 | epsilon=0.465 | mean_reward=17.14 | mean_coverage=94.93% | mean_broadcast=100.00% | q_loss=2.6543
    Eval -> avg_reward=17.42 | avg_final_coverage=96.71% | avg_broadcast=100.00%
[DQN] step=5410 | epsilon=0.465 | mean_reward=17.14 | mean_coverage=94.93% | mean_broadcast=100.00% | q_loss=1.8100
    Eval -> avg_reward=17.69 | avg_final_coverage=97.24% | avg_broadcast=99.99%
[DQN] step=5415 | epsilon=0.464 | mean_reward=17.14 | mean_coverage=94.93% | mean_broadcast=100.00% | q_loss=1.0050
    Eval -> avg_reward=16.53 | avg_final_coverage=92.24% | avg_broadcast=99.49%
[DQN] step=5420 | epsilon=0.464 | mean_reward=16.44 | mean_coverage=92.43% | mean_broadcast=100.00% | q_loss=0.7716
    Eval -> avg_reward=16.10 | avg_final_coverage=90.50% | avg_broadcast=99.46%
    Eval -> avg_reward=17.53 | avg_final_coverage=95.51% | avg_broadcast=100.00%
[DQN] step=5425 | epsilon=0.463 | mean_reward=16.44 | mean_coverage=92.43% | mean_broadcast=100.00% | q_loss=1.1373
    Eval -> avg_reward=17.49 | avg_final_coverage=95.50% | avg_broadcast=100.00%
[DQN] step=5430 | epsilon=0.463 | mean_reward=16.44 | mean_coverage=92.43% | mean_broadcast=100.00% | q_loss=1.6415
    Eval -> avg_reward=17.40 | avg_final_coverage=94.62% | avg_broadcast=99.74%
[DQN] step=5435 | epsilon=0.462 | mean_reward=16.44 | mean_coverage=92.43% | mean_broadcast=100.00% | q_loss=1.3176
    Eval -> avg_reward=16.16 | avg_final_coverage=89.78% | avg_broadcast=100.00%
[DQN] step=5440 | epsilon=0.462 | mean_reward=16.44 | mean_coverage=92.43% | mean_broadcast=100.00% | q_loss=0.8847
    Eval -> avg_reward=16.56 | avg_final_coverage=91.74% | avg_broadcast=100.00%
    Eval -> avg_reward=16.25 | avg_final_coverage=90.66% | avg_broadcast=100.00%
[DQN] step=5445 | epsilon=0.461 | mean_reward=15.42 | mean_coverage=88.81% | mean_broadcast=100.00% | q_loss=0.7557
    Eval -> avg_reward=16.50 | avg_final_coverage=90.81% | avg_broadcast=100.00%
[DQN] step=5450 | epsilon=0.461 | mean_reward=15.42 | mean_coverage=88.81% | mean_broadcast=100.00% | q_loss=0.5827
    Eval -> avg_reward=15.96 | avg_final_coverage=89.38% | avg_broadcast=100.00%
[DQN] step=5455 | epsilon=0.460 | mean_reward=15.42 | mean_coverage=88.81% | mean_broadcast=100.00% | q_loss=0.6705
    Eval -> avg_reward=16.59 | avg_final_coverage=92.12% | avg_broadcast=100.00%
[DQN] step=5460 | epsilon=0.460 | mean_reward=15.42 | mean_coverage=88.81% | mean_broadcast=100.00% | q_loss=1.8715
    Eval -> avg_reward=15.60 | avg_final_coverage=88.54% | avg_broadcast=100.00%
    Eval -> avg_reward=16.76 | avg_final_coverage=93.18% | avg_broadcast=100.00%
[DQN] step=5465 | epsilon=0.459 | mean_reward=15.42 | mean_coverage=88.81% | mean_broadcast=100.00% | q_loss=1.4191
    Eval -> avg_reward=16.66 | avg_final_coverage=92.06% | avg_broadcast=100.00%
[DQN] step=5470 | epsilon=0.459 | mean_reward=14.90 | mean_coverage=86.78% | mean_broadcast=100.00% | q_loss=0.7773
    Eval -> avg_reward=17.44 | avg_final_coverage=95.35% | avg_broadcast=100.00%
[DQN] step=5475 | epsilon=0.458 | mean_reward=14.90 | mean_coverage=86.78% | mean_broadcast=100.00% | q_loss=0.6909
    Eval -> avg_reward=17.96 | avg_final_coverage=97.21% | avg_broadcast=100.00%
[DQN] step=5480 | epsilon=0.458 | mean_reward=14.90 | mean_coverage=86.78% | mean_broadcast=100.00% | q_loss=0.8161
    Eval -> avg_reward=17.94 | avg_final_coverage=97.18% | avg_broadcast=100.00%
    Eval -> avg_reward=17.52 | avg_final_coverage=96.40% | avg_broadcast=100.00%
[DQN] step=5485 | epsilon=0.457 | mean_reward=14.90 | mean_coverage=86.78% | mean_broadcast=100.00% | q_loss=0.5952
    Eval -> avg_reward=17.18 | avg_final_coverage=94.28% | avg_broadcast=100.00%
[DQN] step=5490 | epsilon=0.457 | mean_reward=14.90 | mean_coverage=86.78% | mean_broadcast=100.00% | q_loss=0.6157
    Eval -> avg_reward=16.81 | avg_final_coverage=92.56% | avg_broadcast=100.00%
[DQN] step=5495 | epsilon=0.456 | mean_reward=14.52 | mean_coverage=85.53% | mean_broadcast=100.00% | q_loss=0.6189
    Eval -> avg_reward=16.96 | avg_final_coverage=93.60% | avg_broadcast=100.00%
[DQN] step=5500 | epsilon=0.456 | mean_reward=14.52 | mean_coverage=85.53% | mean_broadcast=100.00% | q_loss=0.5783
    Eval -> avg_reward=17.72 | avg_final_coverage=96.46% | avg_broadcast=100.00%
    Eval -> avg_reward=16.97 | avg_final_coverage=93.62% | avg_broadcast=100.00%
[DQN] step=5505 | epsilon=0.455 | mean_reward=14.52 | mean_coverage=85.53% | mean_broadcast=100.00% | q_loss=0.4508
    Eval -> avg_reward=18.25 | avg_final_coverage=98.12% | avg_broadcast=100.00%
[DQN] step=5510 | epsilon=0.455 | mean_reward=14.52 | mean_coverage=85.53% | mean_broadcast=100.00% | q_loss=0.4072
    Eval -> avg_reward=18.18 | avg_final_coverage=97.81% | avg_broadcast=100.00%
[DQN] step=5515 | epsilon=0.454 | mean_reward=14.52 | mean_coverage=85.53% | mean_broadcast=100.00% | q_loss=0.4125
    Eval -> avg_reward=18.26 | avg_final_coverage=99.04% | avg_broadcast=100.00%
[DQN] step=5520 | epsilon=0.454 | mean_reward=15.08 | mean_coverage=87.37% | mean_broadcast=99.97% | q_loss=0.4001
    Eval -> avg_reward=18.40 | avg_final_coverage=98.57% | avg_broadcast=100.00%
    Eval -> avg_reward=18.35 | avg_final_coverage=98.29% | avg_broadcast=100.00%
[DQN] step=5525 | epsilon=0.453 | mean_reward=15.08 | mean_coverage=87.37% | mean_broadcast=99.97% | q_loss=1.3743
    Eval -> avg_reward=18.27 | avg_final_coverage=97.88% | avg_broadcast=100.00%
[DQN] step=5530 | epsilon=0.453 | mean_reward=15.08 | mean_coverage=87.37% | mean_broadcast=99.97% | q_loss=0.8769
    Eval -> avg_reward=18.30 | avg_final_coverage=97.41% | avg_broadcast=100.00%
[DQN] step=5535 | epsilon=0.452 | mean_reward=15.08 | mean_coverage=87.37% | mean_broadcast=99.97% | q_loss=0.5310
    Eval -> avg_reward=18.12 | avg_final_coverage=98.03% | avg_broadcast=100.00%
[DQN] step=5540 | epsilon=0.452 | mean_reward=15.08 | mean_coverage=87.37% | mean_broadcast=99.97% | q_loss=0.6723
    Eval -> avg_reward=18.38 | avg_final_coverage=98.41% | avg_broadcast=100.00%
    Eval -> avg_reward=18.43 | avg_final_coverage=98.66% | avg_broadcast=100.00%
[DQN] step=5545 | epsilon=0.451 | mean_reward=15.80 | mean_coverage=89.96% | mean_broadcast=99.97% | q_loss=0.8388
    Eval -> avg_reward=18.40 | avg_final_coverage=98.41% | avg_broadcast=100.00%
[DQN] step=5550 | epsilon=0.451 | mean_reward=15.80 | mean_coverage=89.96% | mean_broadcast=99.97% | q_loss=1.8028
    Eval -> avg_reward=18.04 | avg_final_coverage=98.51% | avg_broadcast=100.00%
[DQN] step=5555 | epsilon=0.450 | mean_reward=15.80 | mean_coverage=89.96% | mean_broadcast=99.97% | q_loss=0.8494
    Eval -> avg_reward=17.89 | avg_final_coverage=98.51% | avg_broadcast=100.00%
[DQN] step=5560 | epsilon=0.450 | mean_reward=15.80 | mean_coverage=89.96% | mean_broadcast=99.97% | q_loss=0.7478
    Eval -> avg_reward=17.52 | avg_final_coverage=97.28% | avg_broadcast=100.00%
    Eval -> avg_reward=16.94 | avg_final_coverage=94.68% | avg_broadcast=100.00%
[DQN] step=5565 | epsilon=0.449 | mean_reward=15.80 | mean_coverage=89.96% | mean_broadcast=99.97% | q_loss=0.3242
    Eval -> avg_reward=17.90 | avg_final_coverage=98.47% | avg_broadcast=100.00%
[DQN] step=5570 | epsilon=0.449 | mean_reward=16.93 | mean_coverage=94.24% | mean_broadcast=99.94% | q_loss=0.4154
    Eval -> avg_reward=17.79 | avg_final_coverage=98.26% | avg_broadcast=100.00%
[DQN] step=5575 | epsilon=0.448 | mean_reward=16.93 | mean_coverage=94.24% | mean_broadcast=99.94% | q_loss=0.3251
    Eval -> avg_reward=17.76 | avg_final_coverage=98.51% | avg_broadcast=100.00%
[DQN] step=5580 | epsilon=0.448 | mean_reward=16.93 | mean_coverage=94.24% | mean_broadcast=99.94% | q_loss=0.3229
    Eval -> avg_reward=17.84 | avg_final_coverage=98.82% | avg_broadcast=100.00%
    Eval -> avg_reward=17.85 | avg_final_coverage=98.71% | avg_broadcast=100.00%
[DQN] step=5585 | epsilon=0.447 | mean_reward=16.93 | mean_coverage=94.24% | mean_broadcast=99.94% | q_loss=0.2345
    Eval -> avg_reward=17.00 | avg_final_coverage=95.57% | avg_broadcast=100.00%
[DQN] step=5590 | epsilon=0.447 | mean_reward=16.93 | mean_coverage=94.24% | mean_broadcast=99.94% | q_loss=0.2856
    Eval -> avg_reward=17.78 | avg_final_coverage=97.97% | avg_broadcast=100.00%
[DQN] step=5595 | epsilon=0.446 | mean_reward=17.61 | mean_coverage=96.76% | mean_broadcast=99.94% | q_loss=0.2539
    Eval -> avg_reward=17.73 | avg_final_coverage=96.21% | avg_broadcast=100.00%
[DQN] step=5600 | epsilon=0.446 | mean_reward=17.61 | mean_coverage=96.76% | mean_broadcast=99.94% | q_loss=0.1907
    Eval -> avg_reward=17.56 | avg_final_coverage=95.37% | avg_broadcast=100.00%
    Eval -> avg_reward=17.57 | avg_final_coverage=95.51% | avg_broadcast=100.00%
[DQN] step=5605 | epsilon=0.445 | mean_reward=17.61 | mean_coverage=96.76% | mean_broadcast=99.94% | q_loss=0.3615
    Eval -> avg_reward=16.95 | avg_final_coverage=93.59% | avg_broadcast=100.00%
[DQN] step=5610 | epsilon=0.445 | mean_reward=17.61 | mean_coverage=96.76% | mean_broadcast=99.94% | q_loss=0.2853
    Eval -> avg_reward=17.08 | avg_final_coverage=95.15% | avg_broadcast=99.99%
[DQN] step=5615 | epsilon=0.444 | mean_reward=17.61 | mean_coverage=96.76% | mean_broadcast=99.94% | q_loss=0.2244
    Eval -> avg_reward=16.65 | avg_final_coverage=92.74% | avg_broadcast=100.00%
[DQN] step=5620 | epsilon=0.444 | mean_reward=17.28 | mean_coverage=95.46% | mean_broadcast=99.93% | q_loss=0.2666
    Eval -> avg_reward=18.31 | avg_final_coverage=97.90% | avg_broadcast=100.00%
    Eval -> avg_reward=18.90 | avg_final_coverage=99.79% | avg_broadcast=100.00%
[DQN] step=5625 | epsilon=0.443 | mean_reward=17.28 | mean_coverage=95.46% | mean_broadcast=99.93% | q_loss=0.2959
    Eval -> avg_reward=18.51 | avg_final_coverage=99.53% | avg_broadcast=100.00%
[DQN] step=5630 | epsilon=0.443 | mean_reward=17.28 | mean_coverage=95.46% | mean_broadcast=99.93% | q_loss=0.6772
    Eval -> avg_reward=18.67 | avg_final_coverage=99.38% | avg_broadcast=100.00%
[DQN] step=5635 | epsilon=0.442 | mean_reward=17.28 | mean_coverage=95.46% | mean_broadcast=99.93% | q_loss=0.7651
    Eval -> avg_reward=19.13 | avg_final_coverage=99.54% | avg_broadcast=100.00%
[DQN] step=5640 | epsilon=0.442 | mean_reward=17.28 | mean_coverage=95.46% | mean_broadcast=99.93% | q_loss=0.7803
    Eval -> avg_reward=19.45 | avg_final_coverage=99.78% | avg_broadcast=100.00%
    Eval -> avg_reward=18.70 | avg_final_coverage=99.28% | avg_broadcast=100.00%
[DQN] step=5645 | epsilon=0.441 | mean_reward=17.25 | mean_coverage=95.21% | mean_broadcast=99.96% | q_loss=0.7332
    Eval -> avg_reward=18.40 | avg_final_coverage=99.26% | avg_broadcast=100.00%
[DQN] step=5650 | epsilon=0.441 | mean_reward=17.25 | mean_coverage=95.21% | mean_broadcast=99.96% | q_loss=0.3696
    Eval -> avg_reward=18.64 | avg_final_coverage=99.12% | avg_broadcast=100.00%
[DQN] step=5655 | epsilon=0.440 | mean_reward=17.25 | mean_coverage=95.21% | mean_broadcast=99.96% | q_loss=0.3573
    Eval -> avg_reward=18.77 | avg_final_coverage=99.09% | avg_broadcast=100.00%
[DQN] step=5660 | epsilon=0.440 | mean_reward=17.25 | mean_coverage=95.21% | mean_broadcast=99.96% | q_loss=0.3489
    Eval -> avg_reward=18.62 | avg_final_coverage=99.65% | avg_broadcast=100.00%
    Eval -> avg_reward=18.57 | avg_final_coverage=99.19% | avg_broadcast=100.00%
[DQN] step=5665 | epsilon=0.440 | mean_reward=17.25 | mean_coverage=95.21% | mean_broadcast=99.96% | q_loss=0.2978
    Eval -> avg_reward=18.39 | avg_final_coverage=98.72% | avg_broadcast=100.00%
[DQN] step=5670 | epsilon=0.439 | mean_reward=17.28 | mean_coverage=95.15% | mean_broadcast=99.96% | q_loss=0.3358
    Eval -> avg_reward=18.52 | avg_final_coverage=98.74% | avg_broadcast=100.00%
[DQN] step=5675 | epsilon=0.439 | mean_reward=17.28 | mean_coverage=95.15% | mean_broadcast=99.96% | q_loss=0.2569
    Eval -> avg_reward=18.76 | avg_final_coverage=99.09% | avg_broadcast=100.00%
[DQN] step=5680 | epsilon=0.438 | mean_reward=17.28 | mean_coverage=95.15% | mean_broadcast=99.96% | q_loss=0.2469
    Eval -> avg_reward=18.79 | avg_final_coverage=99.35% | avg_broadcast=100.00%
    Eval -> avg_reward=18.57 | avg_final_coverage=98.79% | avg_broadcast=100.00%
[DQN] step=5685 | epsilon=0.438 | mean_reward=17.28 | mean_coverage=95.15% | mean_broadcast=99.96% | q_loss=0.3909
    Eval -> avg_reward=18.60 | avg_final_coverage=99.06% | avg_broadcast=100.00%
[DQN] step=5690 | epsilon=0.437 | mean_reward=17.28 | mean_coverage=95.15% | mean_broadcast=99.96% | q_loss=0.4953
    Eval -> avg_reward=18.81 | avg_final_coverage=99.04% | avg_broadcast=100.00%
[DQN] step=5695 | epsilon=0.437 | mean_reward=18.04 | mean_coverage=96.44% | mean_broadcast=99.99% | q_loss=0.2801
    Eval -> avg_reward=18.86 | avg_final_coverage=98.94% | avg_broadcast=100.00%
[DQN] step=5700 | epsilon=0.436 | mean_reward=18.04 | mean_coverage=96.44% | mean_broadcast=99.99% | q_loss=0.2473
    Eval -> avg_reward=18.70 | avg_final_coverage=98.75% | avg_broadcast=100.00%
    Eval -> avg_reward=18.82 | avg_final_coverage=99.07% | avg_broadcast=100.00%
[DQN] step=5705 | epsilon=0.436 | mean_reward=18.04 | mean_coverage=96.44% | mean_broadcast=99.99% | q_loss=0.2766
    Eval -> avg_reward=18.70 | avg_final_coverage=99.10% | avg_broadcast=100.00%
[DQN] step=5710 | epsilon=0.435 | mean_reward=18.04 | mean_coverage=96.44% | mean_broadcast=99.99% | q_loss=0.3168
    Eval -> avg_reward=18.46 | avg_final_coverage=98.81% | avg_broadcast=100.00%
[DQN] step=5715 | epsilon=0.435 | mean_reward=18.04 | mean_coverage=96.44% | mean_broadcast=99.99% | q_loss=0.2842
    Eval -> avg_reward=17.59 | avg_final_coverage=94.35% | avg_broadcast=100.00%
[DQN] step=5720 | epsilon=0.434 | mean_reward=17.92 | mean_coverage=96.00% | mean_broadcast=99.99% | q_loss=0.3350
    Eval -> avg_reward=16.56 | avg_final_coverage=91.09% | avg_broadcast=100.00%
    Eval -> avg_reward=17.67 | avg_final_coverage=95.99% | avg_broadcast=100.00%
[DQN] step=5725 | epsilon=0.434 | mean_reward=17.92 | mean_coverage=96.00% | mean_broadcast=99.99% | q_loss=0.2981
    Eval -> avg_reward=18.33 | avg_final_coverage=98.41% | avg_broadcast=100.00%
[DQN] step=5730 | epsilon=0.433 | mean_reward=17.92 | mean_coverage=96.00% | mean_broadcast=99.99% | q_loss=0.3311
    Eval -> avg_reward=18.14 | avg_final_coverage=97.59% | avg_broadcast=100.00%
[DQN] step=5735 | epsilon=0.433 | mean_reward=17.92 | mean_coverage=96.00% | mean_broadcast=99.99% | q_loss=0.2441
    Eval -> avg_reward=18.74 | avg_final_coverage=99.41% | avg_broadcast=100.00%
[DQN] step=5740 | epsilon=0.432 | mean_reward=17.92 | mean_coverage=96.00% | mean_broadcast=99.99% | q_loss=0.2599
    Eval -> avg_reward=18.53 | avg_final_coverage=99.19% | avg_broadcast=100.00%
    Eval -> avg_reward=18.29 | avg_final_coverage=98.76% | avg_broadcast=100.00%
[DQN] step=5745 | epsilon=0.432 | mean_reward=18.29 | mean_coverage=97.12% | mean_broadcast=100.00% | q_loss=0.2380
    Eval -> avg_reward=18.17 | avg_final_coverage=97.59% | avg_broadcast=100.00%
[DQN] step=5750 | epsilon=0.431 | mean_reward=18.29 | mean_coverage=97.12% | mean_broadcast=100.00% | q_loss=1.5402
    Eval -> avg_reward=18.18 | avg_final_coverage=98.03% | avg_broadcast=100.00%
[DQN] step=5755 | epsilon=0.431 | mean_reward=18.29 | mean_coverage=97.12% | mean_broadcast=100.00% | q_loss=1.4337
    Eval -> avg_reward=18.42 | avg_final_coverage=98.38% | avg_broadcast=100.00%
[DQN] step=5760 | epsilon=0.430 | mean_reward=18.29 | mean_coverage=97.12% | mean_broadcast=100.00% | q_loss=0.6563
    Eval -> avg_reward=18.16 | avg_final_coverage=96.99% | avg_broadcast=100.00%
    Eval -> avg_reward=17.63 | avg_final_coverage=95.09% | avg_broadcast=99.96%
[DQN] step=5765 | epsilon=0.430 | mean_reward=18.29 | mean_coverage=97.12% | mean_broadcast=100.00% | q_loss=0.4220
    Eval -> avg_reward=17.47 | avg_final_coverage=95.06% | avg_broadcast=100.00%
[DQN] step=5770 | epsilon=0.429 | mean_reward=18.20 | mean_coverage=96.81% | mean_broadcast=100.00% | q_loss=0.5321
    Eval -> avg_reward=17.24 | avg_final_coverage=94.00% | avg_broadcast=100.00%
[DQN] step=5775 | epsilon=0.429 | mean_reward=18.20 | mean_coverage=96.81% | mean_broadcast=100.00% | q_loss=0.6008
    Eval -> avg_reward=17.38 | avg_final_coverage=95.13% | avg_broadcast=100.00%
[DQN] step=5780 | epsilon=0.428 | mean_reward=18.20 | mean_coverage=96.81% | mean_broadcast=100.00% | q_loss=0.4492
    Eval -> avg_reward=15.57 | avg_final_coverage=89.18% | avg_broadcast=100.00%
    Eval -> avg_reward=14.32 | avg_final_coverage=83.97% | avg_broadcast=100.00%
[DQN] step=5785 | epsilon=0.428 | mean_reward=18.20 | mean_coverage=96.81% | mean_broadcast=100.00% | q_loss=0.7814
    Eval -> avg_reward=16.54 | avg_final_coverage=91.81% | avg_broadcast=100.00%
[DQN] step=5790 | epsilon=0.427 | mean_reward=18.20 | mean_coverage=96.81% | mean_broadcast=100.00% | q_loss=0.6980
    Eval -> avg_reward=16.00 | avg_final_coverage=90.69% | avg_broadcast=100.00%
[DQN] step=5795 | epsilon=0.427 | mean_reward=16.90 | mean_coverage=92.53% | mean_broadcast=100.00% | q_loss=0.3847
    Eval -> avg_reward=14.80 | avg_final_coverage=85.06% | avg_broadcast=100.00%
[DQN] step=5800 | epsilon=0.426 | mean_reward=16.90 | mean_coverage=92.53% | mean_broadcast=100.00% | q_loss=0.3872
    Eval -> avg_reward=17.39 | avg_final_coverage=96.78% | avg_broadcast=100.00%
    Eval -> avg_reward=17.49 | avg_final_coverage=96.44% | avg_broadcast=100.00%
[DQN] step=5805 | epsilon=0.426 | mean_reward=16.90 | mean_coverage=92.53% | mean_broadcast=100.00% | q_loss=0.7168
    Eval -> avg_reward=18.53 | avg_final_coverage=99.57% | avg_broadcast=100.00%
[DQN] step=5810 | epsilon=0.425 | mean_reward=16.90 | mean_coverage=92.53% | mean_broadcast=100.00% | q_loss=0.4987
    Eval -> avg_reward=18.84 | avg_final_coverage=99.41% | avg_broadcast=100.00%
[DQN] step=5815 | epsilon=0.425 | mean_reward=16.90 | mean_coverage=92.53% | mean_broadcast=100.00% | q_loss=0.2639
    Eval -> avg_reward=18.66 | avg_final_coverage=98.93% | avg_broadcast=100.00%
[DQN] step=5820 | epsilon=0.424 | mean_reward=16.39 | mean_coverage=91.68% | mean_broadcast=100.00% | q_loss=0.3160
    Eval -> avg_reward=18.16 | avg_final_coverage=97.26% | avg_broadcast=100.00%
    Eval -> avg_reward=17.77 | avg_final_coverage=96.22% | avg_broadcast=100.00%
[DQN] step=5825 | epsilon=0.424 | mean_reward=16.39 | mean_coverage=91.68% | mean_broadcast=100.00% | q_loss=0.2364
    Eval -> avg_reward=18.18 | avg_final_coverage=96.99% | avg_broadcast=100.00%
[DQN] step=5830 | epsilon=0.423 | mean_reward=16.39 | mean_coverage=91.68% | mean_broadcast=100.00% | q_loss=0.2165
    Eval -> avg_reward=18.47 | avg_final_coverage=98.96% | avg_broadcast=100.00%
[DQN] step=5835 | epsilon=0.423 | mean_reward=16.39 | mean_coverage=91.68% | mean_broadcast=100.00% | q_loss=0.2478
    Eval -> avg_reward=18.13 | avg_final_coverage=98.68% | avg_broadcast=100.00%
[DQN] step=5840 | epsilon=0.422 | mean_reward=16.39 | mean_coverage=91.68% | mean_broadcast=100.00% | q_loss=0.8056
    Eval -> avg_reward=15.62 | avg_final_coverage=90.06% | avg_broadcast=100.00%
    Eval -> avg_reward=16.89 | avg_final_coverage=95.50% | avg_broadcast=100.00%
[DQN] step=5845 | epsilon=0.422 | mean_reward=16.18 | mean_coverage=90.87% | mean_broadcast=100.00% | q_loss=0.8662
    Eval -> avg_reward=14.94 | avg_final_coverage=87.43% | avg_broadcast=100.00%
[DQN] step=5850 | epsilon=0.421 | mean_reward=16.18 | mean_coverage=90.87% | mean_broadcast=100.00% | q_loss=0.4535
    Eval -> avg_reward=18.16 | avg_final_coverage=99.21% | avg_broadcast=100.00%
[DQN] step=5855 | epsilon=0.421 | mean_reward=16.18 | mean_coverage=90.87% | mean_broadcast=100.00% | q_loss=0.6393
    Eval -> avg_reward=17.26 | avg_final_coverage=94.84% | avg_broadcast=99.79%
[DQN] step=5860 | epsilon=0.420 | mean_reward=16.18 | mean_coverage=90.87% | mean_broadcast=100.00% | q_loss=0.5089
    Eval -> avg_reward=17.25 | avg_final_coverage=95.47% | avg_broadcast=99.96%
    Eval -> avg_reward=17.95 | avg_final_coverage=98.99% | avg_broadcast=100.00%
[DQN] step=5865 | epsilon=0.420 | mean_reward=16.18 | mean_coverage=90.87% | mean_broadcast=100.00% | q_loss=0.4257
    Eval -> avg_reward=17.01 | avg_final_coverage=94.16% | avg_broadcast=99.91%
[DQN] step=5870 | epsilon=0.419 | mean_reward=16.09 | mean_coverage=91.07% | mean_broadcast=99.96% | q_loss=0.5925
    Eval -> avg_reward=16.70 | avg_final_coverage=92.90% | avg_broadcast=99.87%
[DQN] step=5875 | epsilon=0.419 | mean_reward=16.09 | mean_coverage=91.07% | mean_broadcast=99.96% | q_loss=0.3804
    Eval -> avg_reward=18.46 | avg_final_coverage=99.18% | avg_broadcast=100.00%
[DQN] step=5880 | epsilon=0.418 | mean_reward=16.09 | mean_coverage=91.07% | mean_broadcast=99.96% | q_loss=0.2565
    Eval -> avg_reward=17.04 | avg_final_coverage=93.16% | avg_broadcast=99.85%
    Eval -> avg_reward=17.61 | avg_final_coverage=95.51% | avg_broadcast=99.85%
[DQN] step=5885 | epsilon=0.418 | mean_reward=16.09 | mean_coverage=91.07% | mean_broadcast=99.96% | q_loss=0.3030
    Eval -> avg_reward=17.62 | avg_final_coverage=95.26% | avg_broadcast=100.00%
[DQN] step=5890 | epsilon=0.417 | mean_reward=16.09 | mean_coverage=91.07% | mean_broadcast=99.96% | q_loss=0.3053
    Eval -> avg_reward=17.36 | avg_final_coverage=95.06% | avg_broadcast=100.00%
[DQN] step=5895 | epsilon=0.417 | mean_reward=16.04 | mean_coverage=90.91% | mean_broadcast=99.96% | q_loss=0.3794
    Eval -> avg_reward=16.17 | avg_final_coverage=89.94% | avg_broadcast=100.00%
[DQN] step=5900 | epsilon=0.416 | mean_reward=16.04 | mean_coverage=90.91% | mean_broadcast=99.96% | q_loss=0.3503
    Eval -> avg_reward=15.67 | avg_final_coverage=87.88% | avg_broadcast=100.00%
    Eval -> avg_reward=14.12 | avg_final_coverage=82.53% | avg_broadcast=99.87%
[DQN] step=5905 | epsilon=0.416 | mean_reward=16.04 | mean_coverage=90.91% | mean_broadcast=99.96% | q_loss=0.3359
    Eval -> avg_reward=16.49 | avg_final_coverage=91.90% | avg_broadcast=99.99%
[DQN] step=5910 | epsilon=0.415 | mean_reward=16.04 | mean_coverage=90.91% | mean_broadcast=99.96% | q_loss=0.3625
    Eval -> avg_reward=17.76 | avg_final_coverage=96.65% | avg_broadcast=100.00%
[DQN] step=5915 | epsilon=0.415 | mean_reward=16.04 | mean_coverage=90.91% | mean_broadcast=99.96% | q_loss=0.3249
    Eval -> avg_reward=17.93 | avg_final_coverage=96.40% | avg_broadcast=100.00%
[DQN] step=5920 | epsilon=0.414 | mean_reward=16.54 | mean_coverage=92.63% | mean_broadcast=99.94% | q_loss=0.3241
    Eval -> avg_reward=17.51 | avg_final_coverage=95.90% | avg_broadcast=100.00%
    Eval -> avg_reward=17.48 | avg_final_coverage=95.38% | avg_broadcast=100.00%
[DQN] step=5925 | epsilon=0.414 | mean_reward=16.54 | mean_coverage=92.63% | mean_broadcast=99.94% | q_loss=0.2669
    Eval -> avg_reward=17.46 | avg_final_coverage=94.62% | avg_broadcast=100.00%
[DQN] step=5930 | epsilon=0.413 | mean_reward=16.54 | mean_coverage=92.63% | mean_broadcast=99.94% | q_loss=0.4589
    Eval -> avg_reward=17.29 | avg_final_coverage=95.15% | avg_broadcast=100.00%
[DQN] step=5935 | epsilon=0.413 | mean_reward=16.54 | mean_coverage=92.63% | mean_broadcast=99.94% | q_loss=0.4317
    Eval -> avg_reward=17.24 | avg_final_coverage=95.91% | avg_broadcast=100.00%
[DQN] step=5940 | epsilon=0.412 | mean_reward=16.54 | mean_coverage=92.63% | mean_broadcast=99.94% | q_loss=0.4477
    Eval -> avg_reward=16.95 | avg_final_coverage=94.60% | avg_broadcast=100.00%
    Eval -> avg_reward=17.41 | avg_final_coverage=95.79% | avg_broadcast=100.00%
[DQN] step=5945 | epsilon=0.412 | mean_reward=16.32 | mean_coverage=92.09% | mean_broadcast=99.94% | q_loss=0.4452
    Eval -> avg_reward=17.74 | avg_final_coverage=96.97% | avg_broadcast=100.00%
[DQN] step=5950 | epsilon=0.411 | mean_reward=16.32 | mean_coverage=92.09% | mean_broadcast=99.94% | q_loss=0.8295
    Eval -> avg_reward=17.72 | avg_final_coverage=96.71% | avg_broadcast=100.00%
[DQN] step=5955 | epsilon=0.411 | mean_reward=16.32 | mean_coverage=92.09% | mean_broadcast=99.94% | q_loss=0.4516
    Eval -> avg_reward=17.79 | avg_final_coverage=97.34% | avg_broadcast=100.00%
[DQN] step=5960 | epsilon=0.410 | mean_reward=16.32 | mean_coverage=92.09% | mean_broadcast=99.94% | q_loss=0.2899
    Eval -> avg_reward=17.95 | avg_final_coverage=97.81% | avg_broadcast=100.00%
    Eval -> avg_reward=17.93 | avg_final_coverage=97.79% | avg_broadcast=100.00%
[DQN] step=5965 | epsilon=0.410 | mean_reward=16.32 | mean_coverage=92.09% | mean_broadcast=99.94% | q_loss=0.3208
    Eval -> avg_reward=16.94 | avg_final_coverage=93.49% | avg_broadcast=100.00%
[DQN] step=5970 | epsilon=0.409 | mean_reward=16.50 | mean_coverage=93.03% | mean_broadcast=99.94% | q_loss=0.3002
    Eval -> avg_reward=16.43 | avg_final_coverage=92.19% | avg_broadcast=100.00%
[DQN] step=5975 | epsilon=0.409 | mean_reward=16.50 | mean_coverage=93.03% | mean_broadcast=99.94% | q_loss=0.4339
    Eval -> avg_reward=16.55 | avg_final_coverage=92.75% | avg_broadcast=100.00%
[DQN] step=5980 | epsilon=0.408 | mean_reward=16.50 | mean_coverage=93.03% | mean_broadcast=99.94% | q_loss=0.5000
    Eval -> avg_reward=18.00 | avg_final_coverage=97.94% | avg_broadcast=100.00%
    Eval -> avg_reward=17.28 | avg_final_coverage=95.63% | avg_broadcast=99.99%
[DQN] step=5985 | epsilon=0.408 | mean_reward=16.50 | mean_coverage=93.03% | mean_broadcast=99.94% | q_loss=0.2949
    Eval -> avg_reward=16.51 | avg_final_coverage=92.71% | avg_broadcast=100.00%
[DQN] step=5990 | epsilon=0.407 | mean_reward=16.50 | mean_coverage=93.03% | mean_broadcast=99.94% | q_loss=1.1659
    Eval -> avg_reward=14.81 | avg_final_coverage=86.07% | avg_broadcast=100.00%
[DQN] step=5995 | epsilon=0.407 | mean_reward=16.50 | mean_coverage=93.12% | mean_broadcast=99.99% | q_loss=0.6646
    Eval -> avg_reward=14.51 | avg_final_coverage=85.62% | avg_broadcast=100.00%
[DQN] step=6000 | epsilon=0.406 | mean_reward=16.50 | mean_coverage=93.12% | mean_broadcast=99.99% | q_loss=1.0638
    Eval -> avg_reward=17.39 | avg_final_coverage=96.63% | avg_broadcast=100.00%
    Eval -> avg_reward=16.81 | avg_final_coverage=93.59% | avg_broadcast=100.00%
[DQN] step=6005 | epsilon=0.406 | mean_reward=16.50 | mean_coverage=93.12% | mean_broadcast=99.99% | q_loss=0.8938
    Eval -> avg_reward=17.02 | avg_final_coverage=94.19% | avg_broadcast=100.00%
[DQN] step=6010 | epsilon=0.405 | mean_reward=16.50 | mean_coverage=93.12% | mean_broadcast=99.99% | q_loss=0.9958
    Eval -> avg_reward=18.14 | avg_final_coverage=98.04% | avg_broadcast=100.00%
[DQN] step=6015 | epsilon=0.405 | mean_reward=16.50 | mean_coverage=93.12% | mean_broadcast=99.99% | q_loss=0.7816
    Eval -> avg_reward=17.15 | avg_final_coverage=93.90% | avg_broadcast=99.90%
[DQN] step=6020 | epsilon=0.404 | mean_reward=16.59 | mean_coverage=93.82% | mean_broadcast=99.99% | q_loss=0.5140
    Eval -> avg_reward=15.24 | avg_final_coverage=87.65% | avg_broadcast=100.00%
    Eval -> avg_reward=16.71 | avg_final_coverage=93.63% | avg_broadcast=100.00%
[DQN] step=6025 | epsilon=0.404 | mean_reward=16.59 | mean_coverage=93.82% | mean_broadcast=99.99% | q_loss=0.4744
    Eval -> avg_reward=13.45 | avg_final_coverage=79.91% | avg_broadcast=100.00%
[DQN] step=6030 | epsilon=0.403 | mean_reward=16.59 | mean_coverage=93.82% | mean_broadcast=99.99% | q_loss=0.3768
    Eval -> avg_reward=13.61 | avg_final_coverage=81.16% | avg_broadcast=100.00%
[DQN] step=6035 | epsilon=0.403 | mean_reward=16.59 | mean_coverage=93.82% | mean_broadcast=99.99% | q_loss=0.3275
    Eval -> avg_reward=14.37 | avg_final_coverage=84.34% | avg_broadcast=100.00%
[DQN] step=6040 | epsilon=0.402 | mean_reward=16.59 | mean_coverage=93.82% | mean_broadcast=99.99% | q_loss=0.6209
    Eval -> avg_reward=13.51 | avg_final_coverage=81.71% | avg_broadcast=100.00%
    Eval -> avg_reward=17.58 | avg_final_coverage=98.51% | avg_broadcast=100.00%
[DQN] step=6045 | epsilon=0.402 | mean_reward=16.29 | mean_coverage=92.53% | mean_broadcast=100.00% | q_loss=0.4410
    Eval -> avg_reward=16.40 | avg_final_coverage=94.96% | avg_broadcast=100.00%
[DQN] step=6050 | epsilon=0.401 | mean_reward=16.29 | mean_coverage=92.53% | mean_broadcast=100.00% | q_loss=0.4289
    Eval -> avg_reward=17.53 | avg_final_coverage=98.44% | avg_broadcast=100.00%
[DQN] step=6055 | epsilon=0.401 | mean_reward=16.29 | mean_coverage=92.53% | mean_broadcast=100.00% | q_loss=0.4415
    Eval -> avg_reward=18.08 | avg_final_coverage=99.51% | avg_broadcast=100.00%
[DQN] step=6060 | epsilon=0.400 | mean_reward=16.29 | mean_coverage=92.53% | mean_broadcast=100.00% | q_loss=0.4757
    Eval -> avg_reward=17.30 | avg_final_coverage=98.22% | avg_broadcast=100.00%
    Eval -> avg_reward=17.50 | avg_final_coverage=98.53% | avg_broadcast=100.00%
[DQN] step=6065 | epsilon=0.400 | mean_reward=16.29 | mean_coverage=92.53% | mean_broadcast=100.00% | q_loss=0.3653
    Eval -> avg_reward=17.69 | avg_final_coverage=99.01% | avg_broadcast=100.00%
[DQN] step=6070 | epsilon=0.399 | mean_reward=16.44 | mean_coverage=93.62% | mean_broadcast=100.00% | q_loss=0.2645
    Eval -> avg_reward=19.21 | avg_final_coverage=99.84% | avg_broadcast=100.00%
[DQN] step=6075 | epsilon=0.399 | mean_reward=16.44 | mean_coverage=93.62% | mean_broadcast=100.00% | q_loss=0.3934
    Eval -> avg_reward=19.95 | avg_final_coverage=99.87% | avg_broadcast=100.00%
[DQN] step=6080 | epsilon=0.398 | mean_reward=16.44 | mean_coverage=93.62% | mean_broadcast=100.00% | q_loss=0.2551
    Eval -> avg_reward=20.23 | avg_final_coverage=99.93% | avg_broadcast=100.00%
    Eval -> avg_reward=19.03 | avg_final_coverage=99.44% | avg_broadcast=100.00%
[DQN] step=6085 | epsilon=0.398 | mean_reward=16.44 | mean_coverage=93.62% | mean_broadcast=100.00% | q_loss=0.2620
    Eval -> avg_reward=18.36 | avg_final_coverage=99.13% | avg_broadcast=100.00%
[DQN] step=6090 | epsilon=0.397 | mean_reward=16.97 | mean_coverage=94.07% | mean_broadcast=100.00% | q_loss=0.2023
    Eval -> avg_reward=18.12 | avg_final_coverage=99.54% | avg_broadcast=100.00%
[DQN] step=6095 | epsilon=0.397 | mean_reward=16.97 | mean_coverage=94.07% | mean_broadcast=100.00% | q_loss=0.2335
    Eval -> avg_reward=17.79 | avg_final_coverage=99.51% | avg_broadcast=100.00%
[DQN] step=6100 | epsilon=0.396 | mean_reward=16.97 | mean_coverage=94.07% | mean_broadcast=100.00% | q_loss=0.2146
    Eval -> avg_reward=19.98 | avg_final_coverage=99.90% | avg_broadcast=100.00%
    Eval -> avg_reward=20.53 | avg_final_coverage=99.97% | avg_broadcast=100.00%
[DQN] step=6105 | epsilon=0.396 | mean_reward=16.97 | mean_coverage=94.07% | mean_broadcast=100.00% | q_loss=0.2092
    Eval -> avg_reward=18.81 | avg_final_coverage=99.82% | avg_broadcast=100.00%
[DQN] step=6110 | epsilon=0.395 | mean_reward=16.97 | mean_coverage=94.07% | mean_broadcast=100.00% | q_loss=0.2054
    Eval -> avg_reward=18.45 | avg_final_coverage=99.87% | avg_broadcast=100.00%
[DQN] step=6115 | epsilon=0.395 | mean_reward=17.09 | mean_coverage=95.10% | mean_broadcast=100.00% | q_loss=0.3096
    Eval -> avg_reward=19.16 | avg_final_coverage=99.82% | avg_broadcast=100.00%
[DQN] step=6120 | epsilon=0.394 | mean_reward=17.09 | mean_coverage=95.10% | mean_broadcast=100.00% | q_loss=0.2646
    Eval -> avg_reward=20.60 | avg_final_coverage=99.85% | avg_broadcast=100.00%
    Eval -> avg_reward=18.89 | avg_final_coverage=99.03% | avg_broadcast=100.00%
[DQN] step=6125 | epsilon=0.394 | mean_reward=17.09 | mean_coverage=95.10% | mean_broadcast=100.00% | q_loss=0.1561
    Eval -> avg_reward=18.84 | avg_final_coverage=99.74% | avg_broadcast=100.00%
[DQN] step=6130 | epsilon=0.393 | mean_reward=17.09 | mean_coverage=95.10% | mean_broadcast=100.00% | q_loss=0.2142
    Eval -> avg_reward=18.70 | avg_final_coverage=99.69% | avg_broadcast=100.00%
[DQN] step=6135 | epsilon=0.393 | mean_reward=17.09 | mean_coverage=95.10% | mean_broadcast=100.00% | q_loss=0.2176
    Eval -> avg_reward=18.68 | avg_final_coverage=99.62% | avg_broadcast=100.00%
[DQN] step=6140 | epsilon=0.392 | mean_reward=17.21 | mean_coverage=95.31% | mean_broadcast=100.00% | q_loss=0.2150
    Eval -> avg_reward=19.20 | avg_final_coverage=99.85% | avg_broadcast=100.00%
    Eval -> avg_reward=20.06 | avg_final_coverage=99.88% | avg_broadcast=100.00%
[DQN] step=6145 | epsilon=0.392 | mean_reward=17.21 | mean_coverage=95.31% | mean_broadcast=100.00% | q_loss=0.2600
    Eval -> avg_reward=19.47 | avg_final_coverage=99.93% | avg_broadcast=100.00%
[DQN] step=6150 | epsilon=0.392 | mean_reward=17.21 | mean_coverage=95.31% | mean_broadcast=100.00% | q_loss=0.2047
    Eval -> avg_reward=20.06 | avg_final_coverage=99.94% | avg_broadcast=100.00%
[DQN] step=6155 | epsilon=0.391 | mean_reward=17.21 | mean_coverage=95.31% | mean_broadcast=100.00% | q_loss=0.2341
    Eval -> avg_reward=17.92 | avg_final_coverage=98.31% | avg_broadcast=100.00%
[DQN] step=6160 | epsilon=0.391 | mean_reward=17.21 | mean_coverage=95.31% | mean_broadcast=100.00% | q_loss=0.2016
    Eval -> avg_reward=18.24 | avg_final_coverage=99.66% | avg_broadcast=100.00%
    Eval -> avg_reward=17.75 | avg_final_coverage=98.57% | avg_broadcast=100.00%
[DQN] step=6165 | epsilon=0.390 | mean_reward=18.65 | mean_coverage=99.37% | mean_broadcast=100.00% | q_loss=0.1886
    Eval -> avg_reward=18.00 | avg_final_coverage=98.18% | avg_broadcast=100.00%
[DQN] step=6170 | epsilon=0.390 | mean_reward=18.65 | mean_coverage=99.37% | mean_broadcast=100.00% | q_loss=0.1861
    Eval -> avg_reward=18.45 | avg_final_coverage=99.50% | avg_broadcast=100.00%
[DQN] step=6175 | epsilon=0.389 | mean_reward=18.65 | mean_coverage=99.37% | mean_broadcast=100.00% | q_loss=1.4580
    Eval -> avg_reward=18.32 | avg_final_coverage=99.43% | avg_broadcast=100.00%
[DQN] step=6180 | epsilon=0.389 | mean_reward=18.65 | mean_coverage=99.37% | mean_broadcast=100.00% | q_loss=0.5344
    Eval -> avg_reward=18.70 | avg_final_coverage=99.54% | avg_broadcast=100.00%
    Eval -> avg_reward=18.58 | avg_final_coverage=99.53% | avg_broadcast=100.00%
[DQN] step=6185 | epsilon=0.388 | mean_reward=18.65 | mean_coverage=99.37% | mean_broadcast=100.00% | q_loss=0.5112
    Eval -> avg_reward=18.60 | avg_final_coverage=99.56% | avg_broadcast=100.00%
[DQN] step=6190 | epsilon=0.388 | mean_reward=18.69 | mean_coverage=99.18% | mean_broadcast=100.00% | q_loss=0.3198
    Eval -> avg_reward=18.67 | avg_final_coverage=99.37% | avg_broadcast=100.00%
[DQN] step=6195 | epsilon=0.387 | mean_reward=18.69 | mean_coverage=99.18% | mean_broadcast=100.00% | q_loss=0.3309
    Eval -> avg_reward=18.46 | avg_final_coverage=99.41% | avg_broadcast=100.00%
[DQN] step=6200 | epsilon=0.387 | mean_reward=18.69 | mean_coverage=99.18% | mean_broadcast=100.00% | q_loss=0.2439
    Eval -> avg_reward=18.59 | avg_final_coverage=99.59% | avg_broadcast=100.00%
    Eval -> avg_reward=18.85 | avg_final_coverage=99.62% | avg_broadcast=100.00%
[DQN] step=6205 | epsilon=0.386 | mean_reward=18.69 | mean_coverage=99.18% | mean_broadcast=100.00% | q_loss=0.2131
    Eval -> avg_reward=18.57 | avg_final_coverage=98.51% | avg_broadcast=100.00%
[DQN] step=6210 | epsilon=0.386 | mean_reward=18.69 | mean_coverage=99.18% | mean_broadcast=100.00% | q_loss=0.2438
    Eval -> avg_reward=18.80 | avg_final_coverage=99.44% | avg_broadcast=100.00%
[DQN] step=6215 | epsilon=0.385 | mean_reward=18.31 | mean_coverage=98.90% | mean_broadcast=100.00% | q_loss=0.1880
    Eval -> avg_reward=18.61 | avg_final_coverage=99.09% | avg_broadcast=100.00%
[DQN] step=6220 | epsilon=0.385 | mean_reward=18.31 | mean_coverage=98.90% | mean_broadcast=100.00% | q_loss=0.2457
    Eval -> avg_reward=18.30 | avg_final_coverage=99.49% | avg_broadcast=100.00%
    Eval -> avg_reward=18.54 | avg_final_coverage=99.68% | avg_broadcast=100.00%
[DQN] step=6225 | epsilon=0.384 | mean_reward=18.31 | mean_coverage=98.90% | mean_broadcast=100.00% | q_loss=0.2656
    Eval -> avg_reward=18.55 | avg_final_coverage=99.37% | avg_broadcast=100.00%
[DQN] step=6230 | epsilon=0.384 | mean_reward=18.31 | mean_coverage=98.90% | mean_broadcast=100.00% | q_loss=0.2084
    Eval -> avg_reward=18.66 | avg_final_coverage=99.53% | avg_broadcast=100.00%
[DQN] step=6235 | epsilon=0.383 | mean_reward=18.31 | mean_coverage=98.90% | mean_broadcast=100.00% | q_loss=0.1659
    Eval -> avg_reward=18.66 | avg_final_coverage=99.51% | avg_broadcast=100.00%
[DQN] step=6240 | epsilon=0.383 | mean_reward=18.52 | mean_coverage=99.07% | mean_broadcast=100.00% | q_loss=0.1619
    Eval -> avg_reward=18.30 | avg_final_coverage=99.56% | avg_broadcast=100.00%
    Eval -> avg_reward=18.60 | avg_final_coverage=99.66% | avg_broadcast=100.00%
[DQN] step=6245 | epsilon=0.382 | mean_reward=18.52 | mean_coverage=99.07% | mean_broadcast=100.00% | q_loss=0.2212
    Eval -> avg_reward=18.99 | avg_final_coverage=99.53% | avg_broadcast=100.00%
[DQN] step=6250 | epsilon=0.382 | mean_reward=18.52 | mean_coverage=99.07% | mean_broadcast=100.00% | q_loss=0.1840
    Eval -> avg_reward=18.52 | avg_final_coverage=99.68% | avg_broadcast=100.00%
[DQN] step=6255 | epsilon=0.381 | mean_reward=18.52 | mean_coverage=99.07% | mean_broadcast=100.00% | q_loss=0.1662
    Eval -> avg_reward=18.22 | avg_final_coverage=99.62% | avg_broadcast=100.00%
[DQN] step=6260 | epsilon=0.381 | mean_reward=18.52 | mean_coverage=99.07% | mean_broadcast=100.00% | q_loss=2.8921
    Eval -> avg_reward=18.16 | avg_final_coverage=99.00% | avg_broadcast=100.00%
    Eval -> avg_reward=18.23 | avg_final_coverage=98.97% | avg_broadcast=100.00%
[DQN] step=6265 | epsilon=0.380 | mean_reward=18.52 | mean_coverage=99.01% | mean_broadcast=100.00% | q_loss=2.1813
    Eval -> avg_reward=17.68 | avg_final_coverage=97.41% | avg_broadcast=100.00%
[DQN] step=6270 | epsilon=0.380 | mean_reward=18.52 | mean_coverage=99.01% | mean_broadcast=100.00% | q_loss=1.5726
    Eval -> avg_reward=18.04 | avg_final_coverage=96.88% | avg_broadcast=100.00%
[DQN] step=6275 | epsilon=0.379 | mean_reward=18.52 | mean_coverage=99.01% | mean_broadcast=100.00% | q_loss=1.5331
    Eval -> avg_reward=18.59 | avg_final_coverage=99.38% | avg_broadcast=100.00%
[DQN] step=6280 | epsilon=0.379 | mean_reward=18.52 | mean_coverage=99.01% | mean_broadcast=100.00% | q_loss=1.6117
    Eval -> avg_reward=21.04 | avg_final_coverage=99.94% | avg_broadcast=100.00%
    Eval -> avg_reward=20.67 | avg_final_coverage=99.91% | avg_broadcast=100.00%
[DQN] step=6285 | epsilon=0.378 | mean_reward=18.52 | mean_coverage=99.01% | mean_broadcast=100.00% | q_loss=1.8265
    Eval -> avg_reward=20.51 | avg_final_coverage=99.85% | avg_broadcast=100.00%
[DQN] step=6290 | epsilon=0.378 | mean_reward=18.09 | mean_coverage=98.91% | mean_broadcast=100.00% | q_loss=1.4175
    Eval -> avg_reward=19.61 | avg_final_coverage=99.87% | avg_broadcast=100.00%
[DQN] step=6295 | epsilon=0.377 | mean_reward=18.09 | mean_coverage=98.91% | mean_broadcast=100.00% | q_loss=0.4335
    Eval -> avg_reward=20.45 | avg_final_coverage=99.91% | avg_broadcast=100.00%
[DQN] step=6300 | epsilon=0.377 | mean_reward=18.09 | mean_coverage=98.91% | mean_broadcast=100.00% | q_loss=0.6581
INFO:     114.242.201.65:0 - "POST /api/simulate/scene HTTP/1.1" 200 OK
    Eval -> avg_reward=18.94 | avg_final_coverage=99.53% | avg_broadcast=100.00%
    Eval -> avg_reward=18.66 | avg_final_coverage=99.34% | avg_broadcast=100.00%
[DQN] step=6305 | epsilon=0.376 | mean_reward=18.09 | mean_coverage=98.91% | mean_broadcast=100.00% | q_loss=0.4832
    Eval -> avg_reward=18.71 | avg_final_coverage=99.54% | avg_broadcast=100.00%
[DQN] step=6310 | epsilon=0.376 | mean_reward=18.09 | mean_coverage=98.91% | mean_broadcast=100.00% | q_loss=0.4272
    Eval -> avg_reward=18.10 | avg_final_coverage=98.82% | avg_broadcast=100.00%
[DQN] step=6315 | epsilon=0.375 | mean_reward=18.32 | mean_coverage=99.25% | mean_broadcast=100.00% | q_loss=0.4144
    Eval -> avg_reward=17.71 | avg_final_coverage=97.46% | avg_broadcast=100.00%
[DQN] step=6320 | epsilon=0.375 | mean_reward=18.32 | mean_coverage=99.25% | mean_broadcast=100.00% | q_loss=0.4462
    Eval -> avg_reward=18.40 | avg_final_coverage=99.15% | avg_broadcast=100.00%
    Eval -> avg_reward=18.10 | avg_final_coverage=97.78% | avg_broadcast=100.00%
[DQN] step=6325 | epsilon=0.374 | mean_reward=18.32 | mean_coverage=99.25% | mean_broadcast=100.00% | q_loss=0.4815
    Eval -> avg_reward=18.26 | avg_final_coverage=98.46% | avg_broadcast=100.00%
[DQN] step=6330 | epsilon=0.374 | mean_reward=18.32 | mean_coverage=99.25% | mean_broadcast=100.00% | q_loss=0.3686
    Eval -> avg_reward=18.10 | avg_final_coverage=97.97% | avg_broadcast=100.00%
[DQN] step=6335 | epsilon=0.373 | mean_reward=18.32 | mean_coverage=99.25% | mean_broadcast=100.00% | q_loss=0.2808
    Eval -> avg_reward=17.99 | avg_final_coverage=98.01% | avg_broadcast=100.00%
[DQN] step=6340 | epsilon=0.373 | mean_reward=18.19 | mean_coverage=98.53% | mean_broadcast=99.97% | q_loss=0.3022
    Eval -> avg_reward=17.87 | avg_final_coverage=97.60% | avg_broadcast=100.00%
    Eval -> avg_reward=17.73 | avg_final_coverage=96.62% | avg_broadcast=100.00%
[DQN] step=6345 | epsilon=0.372 | mean_reward=18.19 | mean_coverage=98.53% | mean_broadcast=99.97% | q_loss=0.2307
    Eval -> avg_reward=17.96 | avg_final_coverage=97.99% | avg_broadcast=100.00%
[DQN] step=6350 | epsilon=0.372 | mean_reward=18.19 | mean_coverage=98.53% | mean_broadcast=99.97% | q_loss=0.2895
    Eval -> avg_reward=17.90 | avg_final_coverage=98.07% | avg_broadcast=100.00%
[DQN] step=6355 | epsilon=0.371 | mean_reward=18.19 | mean_coverage=98.53% | mean_broadcast=99.97% | q_loss=0.2102
    Eval -> avg_reward=18.05 | avg_final_coverage=99.06% | avg_broadcast=100.00%
[DQN] step=6360 | epsilon=0.371 | mean_reward=18.19 | mean_coverage=98.53% | mean_broadcast=99.97% | q_loss=0.2328
    Eval -> avg_reward=17.95 | avg_final_coverage=98.53% | avg_broadcast=100.00%
    Eval -> avg_reward=17.93 | avg_final_coverage=98.12% | avg_broadcast=100.00%
[DQN] step=6365 | epsilon=0.370 | mean_reward=18.06 | mean_coverage=98.03% | mean_broadcast=99.97% | q_loss=0.1919
    Eval -> avg_reward=18.31 | avg_final_coverage=98.50% | avg_broadcast=100.00%
[DQN] step=6370 | epsilon=0.370 | mean_reward=18.06 | mean_coverage=98.03% | mean_broadcast=99.97% | q_loss=0.1788
    Eval -> avg_reward=18.17 | avg_final_coverage=98.53% | avg_broadcast=100.00%
[DQN] step=6375 | epsilon=0.369 | mean_reward=18.06 | mean_coverage=98.03% | mean_broadcast=99.97% | q_loss=0.1785
    Eval -> avg_reward=18.37 | avg_final_coverage=99.40% | avg_broadcast=100.00%
[DQN] step=6380 | epsilon=0.369 | mean_reward=18.06 | mean_coverage=98.03% | mean_broadcast=99.97% | q_loss=0.3438
    Eval -> avg_reward=18.28 | avg_final_coverage=99.13% | avg_broadcast=100.00%
    Eval -> avg_reward=18.41 | avg_final_coverage=99.53% | avg_broadcast=100.00%
[DQN] step=6385 | epsilon=0.368 | mean_reward=18.06 | mean_coverage=98.03% | mean_broadcast=99.97% | q_loss=0.2227
    Eval -> avg_reward=18.93 | avg_final_coverage=99.69% | avg_broadcast=100.00%
[DQN] step=6390 | epsilon=0.368 | mean_reward=18.08 | mean_coverage=97.81% | mean_broadcast=99.97% | q_loss=0.2477
    Eval -> avg_reward=19.01 | avg_final_coverage=99.76% | avg_broadcast=100.00%
[DQN] step=6395 | epsilon=0.367 | mean_reward=18.08 | mean_coverage=97.81% | mean_broadcast=99.97% | q_loss=0.2545
    Eval -> avg_reward=18.96 | avg_final_coverage=99.75% | avg_broadcast=100.00%
[DQN] step=6400 | epsilon=0.367 | mean_reward=18.08 | mean_coverage=97.81% | mean_broadcast=99.97% | q_loss=0.2034
    Eval -> avg_reward=19.01 | avg_final_coverage=99.47% | avg_broadcast=100.00%
    Eval -> avg_reward=18.91 | avg_final_coverage=99.01% | avg_broadcast=100.00%
[DQN] step=6405 | epsilon=0.366 | mean_reward=18.08 | mean_coverage=97.81% | mean_broadcast=99.97% | q_loss=0.1842
    Eval -> avg_reward=18.64 | avg_final_coverage=99.62% | avg_broadcast=100.00%
[DQN] step=6410 | epsilon=0.366 | mean_reward=18.08 | mean_coverage=97.81% | mean_broadcast=99.97% | q_loss=0.1918
    Eval -> avg_reward=18.99 | avg_final_coverage=99.15% | avg_broadcast=100.00%
[DQN] step=6415 | epsilon=0.365 | mean_reward=18.09 | mean_coverage=97.79% | mean_broadcast=99.97% | q_loss=0.2008
    Eval -> avg_reward=19.01 | avg_final_coverage=99.25% | avg_broadcast=100.00%
[DQN] step=6420 | epsilon=0.365 | mean_reward=18.09 | mean_coverage=97.79% | mean_broadcast=99.97% | q_loss=0.2178
    Eval -> avg_reward=19.76 | avg_final_coverage=99.85% | avg_broadcast=100.00%
    Eval -> avg_reward=19.12 | avg_final_coverage=99.69% | avg_broadcast=100.00%
[DQN] step=6425 | epsilon=0.364 | mean_reward=18.09 | mean_coverage=97.79% | mean_broadcast=99.97% | q_loss=0.2058
    Eval -> avg_reward=19.55 | avg_final_coverage=99.29% | avg_broadcast=100.00%
[DQN] step=6430 | epsilon=0.364 | mean_reward=18.09 | mean_coverage=97.79% | mean_broadcast=99.97% | q_loss=0.1777
    Eval -> avg_reward=18.70 | avg_final_coverage=99.25% | avg_broadcast=100.00%
[DQN] step=6435 | epsilon=0.363 | mean_reward=18.09 | mean_coverage=97.79% | mean_broadcast=99.97% | q_loss=0.1498
    Eval -> avg_reward=19.66 | avg_final_coverage=99.82% | avg_broadcast=100.00%
[DQN] step=6440 | epsilon=0.363 | mean_reward=18.04 | mean_coverage=97.91% | mean_broadcast=99.97% | q_loss=0.1779
    Eval -> avg_reward=20.78 | avg_final_coverage=99.99% | avg_broadcast=100.00%
    Eval -> avg_reward=20.67 | avg_final_coverage=99.99% | avg_broadcast=100.00%
[DQN] step=6445 | epsilon=0.362 | mean_reward=18.04 | mean_coverage=97.91% | mean_broadcast=99.97% | q_loss=0.1225
    Eval -> avg_reward=20.04 | avg_final_coverage=99.88% | avg_broadcast=100.00%
[DQN] step=6450 | epsilon=0.362 | mean_reward=18.04 | mean_coverage=97.91% | mean_broadcast=99.97% | q_loss=0.1287
    Eval -> avg_reward=19.59 | avg_final_coverage=99.68% | avg_broadcast=100.00%
[DQN] step=6455 | epsilon=0.361 | mean_reward=18.04 | mean_coverage=97.91% | mean_broadcast=99.97% | q_loss=0.1297
    Eval -> avg_reward=19.41 | avg_final_coverage=99.59% | avg_broadcast=100.00%
[DQN] step=6460 | epsilon=0.361 | mean_reward=18.04 | mean_coverage=97.91% | mean_broadcast=99.97% | q_loss=0.1325
    Eval -> avg_reward=21.17 | avg_final_coverage=99.99% | avg_broadcast=100.00%
    Eval -> avg_reward=19.30 | avg_final_coverage=99.51% | avg_broadcast=100.00%
[DQN] step=6465 | epsilon=0.360 | mean_reward=18.27 | mean_coverage=98.81% | mean_broadcast=100.00% | q_loss=0.1253
    Eval -> avg_reward=19.11 | avg_final_coverage=99.84% | avg_broadcast=100.00%
[DQN] step=6470 | epsilon=0.360 | mean_reward=18.27 | mean_coverage=98.81% | mean_broadcast=100.00% | q_loss=0.1290
    Eval -> avg_reward=20.37 | avg_final_coverage=99.88% | avg_broadcast=100.00%
[DQN] step=6475 | epsilon=0.359 | mean_reward=18.27 | mean_coverage=98.81% | mean_broadcast=100.00% | q_loss=0.1490
    Eval -> avg_reward=19.32 | avg_final_coverage=99.28% | avg_broadcast=100.00%
[DQN] step=6480 | epsilon=0.359 | mean_reward=18.27 | mean_coverage=98.81% | mean_broadcast=100.00% | q_loss=0.1324
    Eval -> avg_reward=18.32 | avg_final_coverage=97.81% | avg_broadcast=100.00%
    Eval -> avg_reward=17.58 | avg_final_coverage=95.29% | avg_broadcast=100.00%
[DQN] step=6485 | epsilon=0.358 | mean_reward=18.27 | mean_coverage=98.81% | mean_broadcast=100.00% | q_loss=0.1890
    Eval -> avg_reward=17.56 | avg_final_coverage=95.37% | avg_broadcast=100.00%
[DQN] step=6490 | epsilon=0.358 | mean_reward=18.35 | mean_coverage=99.28% | mean_broadcast=100.00% | q_loss=0.1723
    Eval -> avg_reward=17.45 | avg_final_coverage=95.75% | avg_broadcast=100.00%
[DQN] step=6495 | epsilon=0.357 | mean_reward=18.35 | mean_coverage=99.28% | mean_broadcast=100.00% | q_loss=0.1413
    Eval -> avg_reward=19.22 | avg_final_coverage=99.09% | avg_broadcast=100.00%
[DQN] step=6500 | epsilon=0.357 | mean_reward=18.35 | mean_coverage=99.28% | mean_broadcast=100.00% | q_loss=0.1421
    Eval -> avg_reward=18.36 | avg_final_coverage=98.37% | avg_broadcast=100.00%
    Eval -> avg_reward=18.63 | avg_final_coverage=99.01% | avg_broadcast=100.00%
[DQN] step=6505 | epsilon=0.356 | mean_reward=18.35 | mean_coverage=99.28% | mean_broadcast=100.00% | q_loss=0.2076
    Eval -> avg_reward=19.48 | avg_final_coverage=98.91% | avg_broadcast=100.00%
[DQN] step=6510 | epsilon=0.356 | mean_reward=18.35 | mean_coverage=99.28% | mean_broadcast=100.00% | q_loss=0.2052
    Eval -> avg_reward=18.70 | avg_final_coverage=98.41% | avg_broadcast=100.00%
[DQN] step=6515 | epsilon=0.355 | mean_reward=18.37 | mean_coverage=99.46% | mean_broadcast=100.00% | q_loss=0.1559
    Eval -> avg_reward=18.79 | avg_final_coverage=99.32% | avg_broadcast=100.00%
[DQN] step=6520 | epsilon=0.355 | mean_reward=18.37 | mean_coverage=99.46% | mean_broadcast=100.00% | q_loss=0.1980
    Eval -> avg_reward=18.79 | avg_final_coverage=99.57% | avg_broadcast=100.00%
    Eval -> avg_reward=18.85 | avg_final_coverage=99.69% | avg_broadcast=100.00%
[DQN] step=6525 | epsilon=0.354 | mean_reward=18.37 | mean_coverage=99.46% | mean_broadcast=100.00% | q_loss=0.1731
    Eval -> avg_reward=18.89 | avg_final_coverage=98.62% | avg_broadcast=100.00%
[DQN] step=6530 | epsilon=0.354 | mean_reward=18.37 | mean_coverage=99.46% | mean_broadcast=100.00% | q_loss=0.1526
    Eval -> avg_reward=18.41 | avg_final_coverage=98.62% | avg_broadcast=100.00%
[DQN] step=6535 | epsilon=0.353 | mean_reward=18.75 | mean_coverage=99.57% | mean_broadcast=100.00% | q_loss=0.2927
    Eval -> avg_reward=18.79 | avg_final_coverage=99.24% | avg_broadcast=100.00%
[DQN] step=6540 | epsilon=0.353 | mean_reward=18.75 | mean_coverage=99.57% | mean_broadcast=100.00% | q_loss=0.1527
    Eval -> avg_reward=18.92 | avg_final_coverage=99.40% | avg_broadcast=100.00%
    Eval -> avg_reward=20.28 | avg_final_coverage=99.90% | avg_broadcast=100.00%
[DQN] step=6545 | epsilon=0.352 | mean_reward=18.75 | mean_coverage=99.57% | mean_broadcast=100.00% | q_loss=0.2573
    Eval -> avg_reward=19.58 | avg_final_coverage=99.82% | avg_broadcast=100.00%
[DQN] step=6550 | epsilon=0.352 | mean_reward=18.75 | mean_coverage=99.57% | mean_broadcast=100.00% | q_loss=0.1629
    Eval -> avg_reward=18.98 | avg_final_coverage=99.54% | avg_broadcast=100.00%
[DQN] step=6555 | epsilon=0.351 | mean_reward=18.75 | mean_coverage=99.57% | mean_broadcast=100.00% | q_loss=0.4414
    Eval -> avg_reward=18.88 | avg_final_coverage=99.59% | avg_broadcast=100.00%
[DQN] step=6560 | epsilon=0.351 | mean_reward=18.67 | mean_coverage=99.54% | mean_broadcast=100.00% | q_loss=0.3853
    Eval -> avg_reward=19.04 | avg_final_coverage=99.53% | avg_broadcast=100.00%
    Eval -> avg_reward=19.43 | avg_final_coverage=99.74% | avg_broadcast=100.00%
[DQN] step=6565 | epsilon=0.350 | mean_reward=18.67 | mean_coverage=99.54% | mean_broadcast=100.00% | q_loss=0.2294
    Eval -> avg_reward=18.90 | avg_final_coverage=99.56% | avg_broadcast=100.00%
[DQN] step=6570 | epsilon=0.350 | mean_reward=18.67 | mean_coverage=99.54% | mean_broadcast=100.00% | q_loss=0.4725
    Eval -> avg_reward=18.82 | avg_final_coverage=99.69% | avg_broadcast=100.00%
[DQN] step=6575 | epsilon=0.349 | mean_reward=18.67 | mean_coverage=99.54% | mean_broadcast=100.00% | q_loss=0.7255
    Eval -> avg_reward=19.39 | avg_final_coverage=99.44% | avg_broadcast=100.00%
[DQN] step=6580 | epsilon=0.349 | mean_reward=18.67 | mean_coverage=99.54% | mean_broadcast=100.00% | q_loss=0.6907
    Eval -> avg_reward=18.61 | avg_final_coverage=99.01% | avg_broadcast=100.00%
    Eval -> avg_reward=19.81 | avg_final_coverage=99.81% | avg_broadcast=100.00%
[DQN] step=6585 | epsilon=0.348 | mean_reward=18.50 | mean_coverage=99.07% | mean_broadcast=100.00% | q_loss=0.2357
    Eval -> avg_reward=18.98 | avg_final_coverage=99.69% | avg_broadcast=100.00%
[DQN] step=6590 | epsilon=0.348 | mean_reward=18.50 | mean_coverage=99.07% | mean_broadcast=100.00% | q_loss=0.3350
    Eval -> avg_reward=19.23 | avg_final_coverage=99.34% | avg_broadcast=100.00%
[DQN] step=6595 | epsilon=0.347 | mean_reward=18.50 | mean_coverage=99.07% | mean_broadcast=100.00% | q_loss=0.3241
    Eval -> avg_reward=18.45 | avg_final_coverage=98.88% | avg_broadcast=100.00%
[DQN] step=6600 | epsilon=0.347 | mean_reward=18.50 | mean_coverage=99.07% | mean_broadcast=100.00% | q_loss=0.1880
    Eval -> avg_reward=18.97 | avg_final_coverage=99.75% | avg_broadcast=100.00%
    Eval -> avg_reward=17.98 | avg_final_coverage=98.59% | avg_broadcast=100.00%
[DQN] step=6605 | epsilon=0.346 | mean_reward=18.50 | mean_coverage=99.07% | mean_broadcast=100.00% | q_loss=0.1957
    Eval -> avg_reward=18.22 | avg_final_coverage=99.03% | avg_broadcast=100.00%
[DQN] step=6610 | epsilon=0.346 | mean_reward=18.61 | mean_coverage=98.94% | mean_broadcast=100.00% | q_loss=0.1756
    Eval -> avg_reward=18.31 | avg_final_coverage=99.37% | avg_broadcast=100.00%
[DQN] step=6615 | epsilon=0.345 | mean_reward=18.61 | mean_coverage=98.94% | mean_broadcast=100.00% | q_loss=0.7627
    Eval -> avg_reward=18.58 | avg_final_coverage=99.62% | avg_broadcast=100.00%
[DQN] step=6620 | epsilon=0.345 | mean_reward=18.61 | mean_coverage=98.94% | mean_broadcast=100.00% | q_loss=2.2002
    Eval -> avg_reward=18.69 | avg_final_coverage=99.32% | avg_broadcast=100.00%
    Eval -> avg_reward=18.93 | avg_final_coverage=99.60% | avg_broadcast=100.00%
[DQN] step=6625 | epsilon=0.345 | mean_reward=18.61 | mean_coverage=98.94% | mean_broadcast=100.00% | q_loss=1.4093
    Eval -> avg_reward=18.88 | avg_final_coverage=99.37% | avg_broadcast=100.00%
[DQN] step=6630 | epsilon=0.344 | mean_reward=18.61 | mean_coverage=98.94% | mean_broadcast=100.00% | q_loss=1.1716
    Eval -> avg_reward=18.34 | avg_final_coverage=97.90% | avg_broadcast=99.97%
[DQN] step=6635 | epsilon=0.344 | mean_reward=18.56 | mean_coverage=98.85% | mean_broadcast=100.00% | q_loss=0.6903
    Eval -> avg_reward=18.89 | avg_final_coverage=99.38% | avg_broadcast=100.00%
[DQN] step=6640 | epsilon=0.343 | mean_reward=18.56 | mean_coverage=98.85% | mean_broadcast=100.00% | q_loss=0.6517
    Eval -> avg_reward=18.78 | avg_final_coverage=98.75% | avg_broadcast=100.00%
    Eval -> avg_reward=18.48 | avg_final_coverage=97.56% | avg_broadcast=100.00%
[DQN] step=6645 | epsilon=0.343 | mean_reward=18.56 | mean_coverage=98.85% | mean_broadcast=100.00% | q_loss=0.7277
    Eval -> avg_reward=18.78 | avg_final_coverage=98.07% | avg_broadcast=100.00%
[DQN] step=6650 | epsilon=0.342 | mean_reward=18.56 | mean_coverage=98.85% | mean_broadcast=100.00% | q_loss=0.4830
    Eval -> avg_reward=18.92 | avg_final_coverage=98.54% | avg_broadcast=100.00%
[DQN] step=6655 | epsilon=0.342 | mean_reward=18.56 | mean_coverage=98.85% | mean_broadcast=100.00% | q_loss=0.3946
    Eval -> avg_reward=19.03 | avg_final_coverage=99.16% | avg_broadcast=100.00%
[DQN] step=6660 | epsilon=0.341 | mean_reward=18.20 | mean_coverage=98.71% | mean_broadcast=100.00% | q_loss=0.4247
    Eval -> avg_reward=19.06 | avg_final_coverage=99.60% | avg_broadcast=100.00%
    Eval -> avg_reward=18.93 | avg_final_coverage=99.41% | avg_broadcast=100.00%
[DQN] step=6665 | epsilon=0.341 | mean_reward=18.20 | mean_coverage=98.71% | mean_broadcast=100.00% | q_loss=0.3874
    Eval -> avg_reward=19.78 | avg_final_coverage=99.82% | avg_broadcast=100.00%
[DQN] step=6670 | epsilon=0.340 | mean_reward=18.20 | mean_coverage=98.71% | mean_broadcast=100.00% | q_loss=0.4138
    Eval -> avg_reward=19.06 | avg_final_coverage=99.63% | avg_broadcast=100.00%
[DQN] step=6675 | epsilon=0.340 | mean_reward=18.20 | mean_coverage=98.71% | mean_broadcast=100.00% | q_loss=0.3696
    Eval -> avg_reward=18.98 | avg_final_coverage=99.13% | avg_broadcast=100.00%
[DQN] step=6680 | epsilon=0.339 | mean_reward=18.20 | mean_coverage=98.71% | mean_broadcast=100.00% | q_loss=0.3675
    Eval -> avg_reward=18.92 | avg_final_coverage=99.16% | avg_broadcast=100.00%
    Eval -> avg_reward=18.78 | avg_final_coverage=98.85% | avg_broadcast=100.00%
[DQN] step=6685 | epsilon=0.339 | mean_reward=18.22 | mean_coverage=98.25% | mean_broadcast=100.00% | q_loss=0.4285
    Eval -> avg_reward=18.66 | avg_final_coverage=98.51% | avg_broadcast=100.00%
[DQN] step=6690 | epsilon=0.338 | mean_reward=18.22 | mean_coverage=98.25% | mean_broadcast=100.00% | q_loss=0.4693
    Eval -> avg_reward=18.50 | avg_final_coverage=98.00% | avg_broadcast=100.00%
[DQN] step=6695 | epsilon=0.338 | mean_reward=18.22 | mean_coverage=98.25% | mean_broadcast=100.00% | q_loss=0.6627
    Eval -> avg_reward=19.44 | avg_final_coverage=99.62% | avg_broadcast=100.00%
[DQN] step=6700 | epsilon=0.337 | mean_reward=18.22 | mean_coverage=98.25% | mean_broadcast=100.00% | q_loss=0.5731
    Eval -> avg_reward=19.03 | avg_final_coverage=99.66% | avg_broadcast=100.00%
    Eval -> avg_reward=19.30 | avg_final_coverage=99.84% | avg_broadcast=100.00%
[DQN] step=6705 | epsilon=0.337 | mean_reward=18.22 | mean_coverage=98.25% | mean_broadcast=100.00% | q_loss=0.9795
    Eval -> avg_reward=18.66 | avg_final_coverage=98.94% | avg_broadcast=100.00%
[DQN] step=6710 | epsilon=0.336 | mean_reward=18.21 | mean_coverage=98.34% | mean_broadcast=100.00% | q_loss=0.8264
    Eval -> avg_reward=18.77 | avg_final_coverage=99.18% | avg_broadcast=100.00%
[DQN] step=6715 | epsilon=0.336 | mean_reward=18.21 | mean_coverage=98.34% | mean_broadcast=100.00% | q_loss=0.5468
    Eval -> avg_reward=18.76 | avg_final_coverage=99.21% | avg_broadcast=100.00%
[DQN] step=6720 | epsilon=0.335 | mean_reward=18.21 | mean_coverage=98.34% | mean_broadcast=100.00% | q_loss=1.0733
    Eval -> avg_reward=18.60 | avg_final_coverage=98.19% | avg_broadcast=100.00%
    Eval -> avg_reward=18.95 | avg_final_coverage=99.12% | avg_broadcast=100.00%
[DQN] step=6725 | epsilon=0.335 | mean_reward=18.21 | mean_coverage=98.34% | mean_broadcast=100.00% | q_loss=1.1039
    Eval -> avg_reward=19.42 | avg_final_coverage=99.47% | avg_broadcast=100.00%
[DQN] step=6730 | epsilon=0.334 | mean_reward=18.21 | mean_coverage=98.34% | mean_broadcast=100.00% | q_loss=0.6107
    Eval -> avg_reward=18.69 | avg_final_coverage=99.24% | avg_broadcast=100.00%
[DQN] step=6735 | epsilon=0.334 | mean_reward=18.28 | mean_coverage=98.51% | mean_broadcast=100.00% | q_loss=0.4129
    Eval -> avg_reward=18.87 | avg_final_coverage=99.15% | avg_broadcast=100.00%
[DQN] step=6740 | epsilon=0.333 | mean_reward=18.28 | mean_coverage=98.51% | mean_broadcast=100.00% | q_loss=0.3681
    Eval -> avg_reward=18.50 | avg_final_coverage=99.18% | avg_broadcast=100.00%
    Eval -> avg_reward=18.40 | avg_final_coverage=98.97% | avg_broadcast=100.00%
[DQN] step=6745 | epsilon=0.333 | mean_reward=18.28 | mean_coverage=98.51% | mean_broadcast=100.00% | q_loss=0.2529
    Eval -> avg_reward=17.93 | avg_final_coverage=98.10% | avg_broadcast=100.00%
[DQN] step=6750 | epsilon=0.332 | mean_reward=18.28 | mean_coverage=98.51% | mean_broadcast=100.00% | q_loss=0.2578
    Eval -> avg_reward=17.00 | avg_final_coverage=94.44% | avg_broadcast=100.00%
[DQN] step=6755 | epsilon=0.332 | mean_reward=18.28 | mean_coverage=98.51% | mean_broadcast=100.00% | q_loss=0.1747
    Eval -> avg_reward=17.19 | avg_final_coverage=95.13% | avg_broadcast=100.00%
[DQN] step=6760 | epsilon=0.331 | mean_reward=17.91 | mean_coverage=97.15% | mean_broadcast=100.00% | q_loss=0.2372
    Eval -> avg_reward=17.77 | avg_final_coverage=97.41% | avg_broadcast=100.00%
    Eval -> avg_reward=17.88 | avg_final_coverage=97.19% | avg_broadcast=100.00%
[DQN] step=6765 | epsilon=0.331 | mean_reward=17.91 | mean_coverage=97.15% | mean_broadcast=100.00% | q_loss=0.4671
    Eval -> avg_reward=18.59 | avg_final_coverage=99.29% | avg_broadcast=100.00%
[DQN] step=6770 | epsilon=0.330 | mean_reward=17.91 | mean_coverage=97.15% | mean_broadcast=100.00% | q_loss=0.3665
    Eval -> avg_reward=18.29 | avg_final_coverage=98.26% | avg_broadcast=100.00%
[DQN] step=6775 | epsilon=0.330 | mean_reward=17.91 | mean_coverage=97.15% | mean_broadcast=100.00% | q_loss=0.6812
    Eval -> avg_reward=18.42 | avg_final_coverage=98.47% | avg_broadcast=100.00%
[DQN] step=6780 | epsilon=0.329 | mean_reward=17.91 | mean_coverage=97.15% | mean_broadcast=100.00% | q_loss=0.8200
    Eval -> avg_reward=17.30 | avg_final_coverage=93.43% | avg_broadcast=100.00%
    Eval -> avg_reward=16.78 | avg_final_coverage=90.84% | avg_broadcast=100.00%
[DQN] step=6785 | epsilon=0.329 | mean_reward=18.20 | mean_coverage=97.29% | mean_broadcast=100.00% | q_loss=0.7304
    Eval -> avg_reward=18.48 | avg_final_coverage=98.37% | avg_broadcast=100.00%
[DQN] step=6790 | epsilon=0.328 | mean_reward=18.20 | mean_coverage=97.29% | mean_broadcast=100.00% | q_loss=0.8683
    Eval -> avg_reward=17.86 | avg_final_coverage=96.93% | avg_broadcast=100.00%
[DQN] step=6795 | epsilon=0.328 | mean_reward=18.20 | mean_coverage=97.29% | mean_broadcast=100.00% | q_loss=0.4576
    Eval -> avg_reward=19.56 | avg_final_coverage=99.56% | avg_broadcast=100.00%
[DQN] step=6800 | epsilon=0.327 | mean_reward=18.20 | mean_coverage=97.29% | mean_broadcast=100.00% | q_loss=0.4272
    Eval -> avg_reward=19.55 | avg_final_coverage=99.85% | avg_broadcast=100.00%
    Eval -> avg_reward=19.59 | avg_final_coverage=99.68% | avg_broadcast=100.00%
[DQN] step=6805 | epsilon=0.327 | mean_reward=18.20 | mean_coverage=97.29% | mean_broadcast=100.00% | q_loss=0.3145
    Eval -> avg_reward=19.08 | avg_final_coverage=99.29% | avg_broadcast=100.00%
[DQN] step=6810 | epsilon=0.326 | mean_reward=18.04 | mean_coverage=96.99% | mean_broadcast=100.00% | q_loss=0.3102
    Eval -> avg_reward=18.41 | avg_final_coverage=99.31% | avg_broadcast=100.00%
[DQN] step=6815 | epsilon=0.326 | mean_reward=18.04 | mean_coverage=96.99% | mean_broadcast=100.00% | q_loss=0.2634
    Eval -> avg_reward=18.45 | avg_final_coverage=99.32% | avg_broadcast=100.00%
[DQN] step=6820 | epsilon=0.325 | mean_reward=18.04 | mean_coverage=96.99% | mean_broadcast=100.00% | q_loss=0.2104
    Eval -> avg_reward=18.55 | avg_final_coverage=99.59% | avg_broadcast=100.00%
    Eval -> avg_reward=19.74 | avg_final_coverage=99.90% | avg_broadcast=100.00%
[DQN] step=6825 | epsilon=0.325 | mean_reward=18.04 | mean_coverage=96.99% | mean_broadcast=100.00% | q_loss=0.2289
    Eval -> avg_reward=19.43 | avg_final_coverage=99.85% | avg_broadcast=100.00%
[DQN] step=6830 | epsilon=0.324 | mean_reward=18.04 | mean_coverage=96.99% | mean_broadcast=100.00% | q_loss=0.2269
    Eval -> avg_reward=19.19 | avg_final_coverage=99.78% | avg_broadcast=100.00%
[DQN] step=6835 | epsilon=0.324 | mean_reward=18.10 | mean_coverage=97.44% | mean_broadcast=100.00% | q_loss=0.2523
    Eval -> avg_reward=19.02 | avg_final_coverage=99.88% | avg_broadcast=100.00%
[DQN] step=6840 | epsilon=0.323 | mean_reward=18.10 | mean_coverage=97.44% | mean_broadcast=100.00% | q_loss=0.2337
    Eval -> avg_reward=19.66 | avg_final_coverage=99.87% | avg_broadcast=100.00%
    Eval -> avg_reward=19.13 | avg_final_coverage=99.84% | avg_broadcast=100.00%
[DQN] step=6845 | epsilon=0.323 | mean_reward=18.10 | mean_coverage=97.44% | mean_broadcast=100.00% | q_loss=0.3683
    Eval -> avg_reward=20.62 | avg_final_coverage=99.93% | avg_broadcast=100.00%
[DQN] step=6850 | epsilon=0.322 | mean_reward=18.10 | mean_coverage=97.44% | mean_broadcast=100.00% | q_loss=0.2756
    Eval -> avg_reward=19.88 | avg_final_coverage=99.87% | avg_broadcast=100.00%
[DQN] step=6855 | epsilon=0.322 | mean_reward=18.10 | mean_coverage=97.44% | mean_broadcast=100.00% | q_loss=0.2830
    Eval -> avg_reward=19.47 | avg_final_coverage=99.76% | avg_broadcast=100.00%
[DQN] step=6860 | epsilon=0.321 | mean_reward=18.01 | mean_coverage=97.37% | mean_broadcast=100.00% | q_loss=0.2661
    Eval -> avg_reward=18.91 | avg_final_coverage=99.76% | avg_broadcast=100.00%
    Eval -> avg_reward=18.66 | avg_final_coverage=99.40% | avg_broadcast=100.00%
[DQN] step=6865 | epsilon=0.321 | mean_reward=18.01 | mean_coverage=97.37% | mean_broadcast=100.00% | q_loss=0.1952
    Eval -> avg_reward=19.03 | avg_final_coverage=99.31% | avg_broadcast=100.00%
[DQN] step=6870 | epsilon=0.320 | mean_reward=18.01 | mean_coverage=97.37% | mean_broadcast=100.00% | q_loss=0.1763
    Eval -> avg_reward=18.37 | avg_final_coverage=99.35% | avg_broadcast=100.00%
[DQN] step=6875 | epsilon=0.320 | mean_reward=18.01 | mean_coverage=97.37% | mean_broadcast=100.00% | q_loss=0.1555
    Eval -> avg_reward=18.82 | avg_final_coverage=99.35% | avg_broadcast=100.00%
[DQN] step=6880 | epsilon=0.319 | mean_reward=18.01 | mean_coverage=97.37% | mean_broadcast=100.00% | q_loss=0.1554
    Eval -> avg_reward=18.11 | avg_final_coverage=99.09% | avg_broadcast=100.00%
    Eval -> avg_reward=18.15 | avg_final_coverage=99.07% | avg_broadcast=100.00%
[DQN] step=6885 | epsilon=0.319 | mean_reward=18.30 | mean_coverage=98.37% | mean_broadcast=100.00% | q_loss=0.1349
    Eval -> avg_reward=18.97 | avg_final_coverage=99.57% | avg_broadcast=100.00%
[DQN] step=6890 | epsilon=0.318 | mean_reward=18.30 | mean_coverage=98.37% | mean_broadcast=100.00% | q_loss=0.1719
    Eval -> avg_reward=17.87 | avg_final_coverage=96.87% | avg_broadcast=100.00%
[DQN] step=6895 | epsilon=0.318 | mean_reward=18.30 | mean_coverage=98.37% | mean_broadcast=100.00% | q_loss=0.1800
    Eval -> avg_reward=17.64 | avg_final_coverage=95.62% | avg_broadcast=100.00%
[DQN] step=6900 | epsilon=0.317 | mean_reward=18.30 | mean_coverage=98.37% | mean_broadcast=100.00% | q_loss=0.1736
    Eval -> avg_reward=17.63 | avg_final_coverage=96.43% | avg_broadcast=100.00%
    Eval -> avg_reward=17.92 | avg_final_coverage=98.90% | avg_broadcast=100.00%
[DQN] step=6905 | epsilon=0.317 | mean_reward=18.30 | mean_coverage=98.37% | mean_broadcast=100.00% | q_loss=0.1533
    Eval -> avg_reward=18.48 | avg_final_coverage=99.34% | avg_broadcast=100.00%
[DQN] step=6910 | epsilon=0.316 | mean_reward=17.82 | mean_coverage=97.66% | mean_broadcast=100.00% | q_loss=0.1399
    Eval -> avg_reward=17.87 | avg_final_coverage=98.07% | avg_broadcast=100.00%
[DQN] step=6915 | epsilon=0.316 | mean_reward=17.82 | mean_coverage=97.66% | mean_broadcast=100.00% | q_loss=0.1172
    Eval -> avg_reward=17.52 | avg_final_coverage=96.10% | avg_broadcast=100.00%
[DQN] step=6920 | epsilon=0.315 | mean_reward=17.82 | mean_coverage=97.66% | mean_broadcast=100.00% | q_loss=0.1124
    Eval -> avg_reward=17.76 | avg_final_coverage=97.31% | avg_broadcast=100.00%
    Eval -> avg_reward=16.76 | avg_final_coverage=92.47% | avg_broadcast=100.00%
[DQN] step=6925 | epsilon=0.315 | mean_reward=17.82 | mean_coverage=97.66% | mean_broadcast=100.00% | q_loss=0.1248
    Eval -> avg_reward=17.11 | avg_final_coverage=93.63% | avg_broadcast=100.00%
[DQN] step=6930 | epsilon=0.314 | mean_reward=17.82 | mean_coverage=97.66% | mean_broadcast=100.00% | q_loss=0.1648
    Eval -> avg_reward=16.91 | avg_final_coverage=93.35% | avg_broadcast=100.00%
[DQN] step=6935 | epsilon=0.314 | mean_reward=17.45 | mean_coverage=96.49% | mean_broadcast=100.00% | q_loss=0.1698
    Eval -> avg_reward=17.25 | avg_final_coverage=94.51% | avg_broadcast=100.00%
[DQN] step=6940 | epsilon=0.313 | mean_reward=17.45 | mean_coverage=96.49% | mean_broadcast=100.00% | q_loss=0.1392
    Eval -> avg_reward=17.85 | avg_final_coverage=96.76% | avg_broadcast=100.00%
    Eval -> avg_reward=18.32 | avg_final_coverage=98.15% | avg_broadcast=100.00%
[DQN] step=6945 | epsilon=0.313 | mean_reward=17.45 | mean_coverage=96.49% | mean_broadcast=100.00% | q_loss=0.1305
    Eval -> avg_reward=18.23 | avg_final_coverage=97.97% | avg_broadcast=100.00%
[DQN] step=6950 | epsilon=0.312 | mean_reward=17.45 | mean_coverage=96.49% | mean_broadcast=100.00% | q_loss=0.1374
    Eval -> avg_reward=18.05 | avg_final_coverage=97.97% | avg_broadcast=100.00%
[DQN] step=6955 | epsilon=0.312 | mean_reward=17.45 | mean_coverage=96.49% | mean_broadcast=100.00% | q_loss=0.1020
    Eval -> avg_reward=17.98 | avg_final_coverage=97.71% | avg_broadcast=100.00%
[DQN] step=6960 | epsilon=0.311 | mean_reward=17.44 | mean_coverage=96.38% | mean_broadcast=100.00% | q_loss=0.1273
    Eval -> avg_reward=17.84 | avg_final_coverage=97.07% | avg_broadcast=100.00%
    Eval -> avg_reward=18.47 | avg_final_coverage=98.72% | avg_broadcast=100.00%
[DQN] step=6965 | epsilon=0.311 | mean_reward=17.44 | mean_coverage=96.38% | mean_broadcast=100.00% | q_loss=0.1479
    Eval -> avg_reward=18.46 | avg_final_coverage=98.84% | avg_broadcast=100.00%
[DQN] step=6970 | epsilon=0.310 | mean_reward=17.44 | mean_coverage=96.38% | mean_broadcast=100.00% | q_loss=0.1520
    Eval -> avg_reward=18.30 | avg_final_coverage=98.41% | avg_broadcast=100.00%
[DQN] step=6975 | epsilon=0.310 | mean_reward=17.44 | mean_coverage=96.38% | mean_broadcast=100.00% | q_loss=0.1600
    Eval -> avg_reward=18.39 | avg_final_coverage=98.65% | avg_broadcast=100.00%
[DQN] step=6980 | epsilon=0.309 | mean_reward=17.44 | mean_coverage=96.38% | mean_broadcast=100.00% | q_loss=0.1198
    Eval -> avg_reward=18.43 | avg_final_coverage=99.46% | avg_broadcast=100.00%
    Eval -> avg_reward=18.29 | avg_final_coverage=99.15% | avg_broadcast=100.00%
[DQN] step=6985 | epsilon=0.309 | mean_reward=17.43 | mean_coverage=96.10% | mean_broadcast=100.00% | q_loss=0.1084
    Eval -> avg_reward=18.16 | avg_final_coverage=98.76% | avg_broadcast=100.00%
[DQN] step=6990 | epsilon=0.308 | mean_reward=17.43 | mean_coverage=96.10% | mean_broadcast=100.00% | q_loss=0.1879
    Eval -> avg_reward=18.18 | avg_final_coverage=98.78% | avg_broadcast=100.00%
[DQN] step=6995 | epsilon=0.308 | mean_reward=17.43 | mean_coverage=96.10% | mean_broadcast=100.00% | q_loss=0.1425
    Eval -> avg_reward=18.63 | avg_final_coverage=98.81% | avg_broadcast=100.00%
[DQN] step=7000 | epsilon=0.307 | mean_reward=17.43 | mean_coverage=96.10% | mean_broadcast=100.00% | q_loss=0.1195
    Eval -> avg_reward=19.11 | avg_final_coverage=99.34% | avg_broadcast=100.00%
    Eval -> avg_reward=18.10 | avg_final_coverage=97.76% | avg_broadcast=100.00%
[DQN] step=7005 | epsilon=0.307 | mean_reward=17.43 | mean_coverage=96.10% | mean_broadcast=100.00% | q_loss=0.5815
    Eval -> avg_reward=17.67 | avg_final_coverage=96.41% | avg_broadcast=100.00%
[DQN] step=7010 | epsilon=0.306 | mean_reward=17.58 | mean_coverage=96.46% | mean_broadcast=100.00% | q_loss=0.2634
    Eval -> avg_reward=18.23 | avg_final_coverage=97.66% | avg_broadcast=100.00%
[DQN] step=7015 | epsilon=0.306 | mean_reward=17.58 | mean_coverage=96.46% | mean_broadcast=100.00% | q_loss=0.2383
    Eval -> avg_reward=15.91 | avg_final_coverage=89.96% | avg_broadcast=100.00%
[DQN] step=7020 | epsilon=0.305 | mean_reward=17.58 | mean_coverage=96.46% | mean_broadcast=100.00% | q_loss=0.1933
    Eval -> avg_reward=17.31 | avg_final_coverage=95.90% | avg_broadcast=100.00%
    Eval -> avg_reward=17.21 | avg_final_coverage=94.54% | avg_broadcast=100.00%
[DQN] step=7025 | epsilon=0.305 | mean_reward=17.58 | mean_coverage=96.46% | mean_broadcast=100.00% | q_loss=0.1433
    Eval -> avg_reward=15.79 | avg_final_coverage=89.53% | avg_broadcast=100.00%
[DQN] step=7030 | epsilon=0.304 | mean_reward=17.58 | mean_coverage=96.46% | mean_broadcast=100.00% | q_loss=0.1494
    Eval -> avg_reward=14.68 | avg_final_coverage=85.40% | avg_broadcast=100.00%
[DQN] step=7035 | epsilon=0.304 | mean_reward=17.48 | mean_coverage=96.13% | mean_broadcast=100.00% | q_loss=0.1651
    Eval -> avg_reward=14.19 | avg_final_coverage=83.60% | avg_broadcast=100.00%
[DQN] step=7040 | epsilon=0.303 | mean_reward=17.48 | mean_coverage=96.13% | mean_broadcast=100.00% | q_loss=0.2927
    Eval -> avg_reward=12.64 | avg_final_coverage=78.19% | avg_broadcast=100.00%
    Eval -> avg_reward=13.58 | avg_final_coverage=80.60% | avg_broadcast=100.00%
[DQN] step=7045 | epsilon=0.303 | mean_reward=17.48 | mean_coverage=96.13% | mean_broadcast=100.00% | q_loss=0.2741
    Eval -> avg_reward=13.77 | avg_final_coverage=82.50% | avg_broadcast=100.00%
[DQN] step=7050 | epsilon=0.302 | mean_reward=17.48 | mean_coverage=96.13% | mean_broadcast=100.00% | q_loss=0.1564
    Eval -> avg_reward=12.88 | avg_final_coverage=78.12% | avg_broadcast=100.00%
[DQN] step=7055 | epsilon=0.302 | mean_reward=17.48 | mean_coverage=96.13% | mean_broadcast=100.00% | q_loss=0.1487
    Eval -> avg_reward=18.16 | avg_final_coverage=97.34% | avg_broadcast=100.00%
[DQN] step=7060 | epsilon=0.301 | mean_reward=17.15 | mean_coverage=94.91% | mean_broadcast=100.00% | q_loss=0.1526
    Eval -> avg_reward=16.47 | avg_final_coverage=90.88% | avg_broadcast=100.00%
    Eval -> avg_reward=19.46 | avg_final_coverage=99.29% | avg_broadcast=100.00%
[DQN] step=7065 | epsilon=0.301 | mean_reward=17.15 | mean_coverage=94.91% | mean_broadcast=100.00% | q_loss=1.5249
    Eval -> avg_reward=18.80 | avg_final_coverage=97.51% | avg_broadcast=100.00%
[DQN] step=7070 | epsilon=0.300 | mean_reward=17.15 | mean_coverage=94.91% | mean_broadcast=100.00% | q_loss=0.7421
    Eval -> avg_reward=18.96 | avg_final_coverage=99.87% | avg_broadcast=100.00%
[DQN] step=7075 | epsilon=0.300 | mean_reward=17.15 | mean_coverage=94.91% | mean_broadcast=100.00% | q_loss=0.3367
    Eval -> avg_reward=19.46 | avg_final_coverage=99.62% | avg_broadcast=100.00%
[DQN] step=7080 | epsilon=0.299 | mean_reward=17.15 | mean_coverage=94.91% | mean_broadcast=100.00% | q_loss=0.1650
    Eval -> avg_reward=20.84 | avg_final_coverage=99.96% | avg_broadcast=100.00%
    Eval -> avg_reward=18.28 | avg_final_coverage=99.66% | avg_broadcast=100.00%
[DQN] step=7085 | epsilon=0.299 | mean_reward=16.57 | mean_coverage=92.32% | mean_broadcast=100.00% | q_loss=0.2126
    Eval -> avg_reward=18.60 | avg_final_coverage=98.65% | avg_broadcast=100.00%
[DQN] step=7090 | epsilon=0.298 | mean_reward=16.57 | mean_coverage=92.32% | mean_broadcast=100.00% | q_loss=0.1554
    Eval -> avg_reward=17.02 | avg_final_coverage=95.76% | avg_broadcast=100.00%
[DQN] step=7095 | epsilon=0.298 | mean_reward=16.57 | mean_coverage=92.32% | mean_broadcast=100.00% | q_loss=0.1974
    Eval -> avg_reward=15.32 | avg_final_coverage=89.85% | avg_broadcast=100.00%
[DQN] step=7100 | epsilon=0.297 | mean_reward=16.57 | mean_coverage=92.32% | mean_broadcast=100.00% | q_loss=0.2013
    Eval -> avg_reward=14.88 | avg_final_coverage=87.04% | avg_broadcast=100.00%
    Eval -> avg_reward=16.86 | avg_final_coverage=93.66% | avg_broadcast=100.00%
[DQN] step=7105 | epsilon=0.297 | mean_reward=16.57 | mean_coverage=92.32% | mean_broadcast=100.00% | q_loss=0.2159
    Eval -> avg_reward=16.98 | avg_final_coverage=93.50% | avg_broadcast=100.00%
[DQN] step=7110 | epsilon=0.297 | mean_reward=16.63 | mean_coverage=92.50% | mean_broadcast=100.00% | q_loss=0.2506
    Eval -> avg_reward=17.42 | avg_final_coverage=95.60% | avg_broadcast=100.00%
[DQN] step=7115 | epsilon=0.296 | mean_reward=16.63 | mean_coverage=92.50% | mean_broadcast=100.00% | q_loss=0.1922
    Eval -> avg_reward=17.78 | avg_final_coverage=97.07% | avg_broadcast=100.00%
[DQN] step=7120 | epsilon=0.296 | mean_reward=16.63 | mean_coverage=92.50% | mean_broadcast=100.00% | q_loss=0.1529
    Eval -> avg_reward=18.23 | avg_final_coverage=96.66% | avg_broadcast=100.00%
    Eval -> avg_reward=19.05 | avg_final_coverage=99.32% | avg_broadcast=100.00%
[DQN] step=7125 | epsilon=0.295 | mean_reward=16.63 | mean_coverage=92.50% | mean_broadcast=100.00% | q_loss=0.2044
    Eval -> avg_reward=18.64 | avg_final_coverage=98.41% | avg_broadcast=100.00%
[DQN] step=7130 | epsilon=0.295 | mean_reward=16.63 | mean_coverage=92.50% | mean_broadcast=100.00% | q_loss=0.1231
    Eval -> avg_reward=17.18 | avg_final_coverage=94.41% | avg_broadcast=100.00%
[DQN] step=7135 | epsilon=0.294 | mean_reward=16.55 | mean_coverage=92.13% | mean_broadcast=100.00% | q_loss=0.1754
    Eval -> avg_reward=16.19 | avg_final_coverage=90.34% | avg_broadcast=100.00%
[DQN] step=7140 | epsilon=0.294 | mean_reward=16.55 | mean_coverage=92.13% | mean_broadcast=100.00% | q_loss=0.0958
    Eval -> avg_reward=17.99 | avg_final_coverage=96.87% | avg_broadcast=100.00%
    Eval -> avg_reward=17.50 | avg_final_coverage=95.81% | avg_broadcast=100.00%
[DQN] step=7145 | epsilon=0.293 | mean_reward=16.55 | mean_coverage=92.13% | mean_broadcast=100.00% | q_loss=0.0915
    Eval -> avg_reward=19.37 | avg_final_coverage=99.63% | avg_broadcast=100.00%
[DQN] step=7150 | epsilon=0.293 | mean_reward=16.55 | mean_coverage=92.13% | mean_broadcast=100.00% | q_loss=0.0853
    Eval -> avg_reward=17.22 | avg_final_coverage=91.91% | avg_broadcast=100.00%
[DQN] step=7155 | epsilon=0.292 | mean_reward=16.55 | mean_coverage=92.13% | mean_broadcast=100.00% | q_loss=0.0992
    Eval -> avg_reward=19.66 | avg_final_coverage=99.07% | avg_broadcast=100.00%
[DQN] step=7160 | epsilon=0.292 | mean_reward=16.71 | mean_coverage=92.93% | mean_broadcast=99.99% | q_loss=0.0886
    Eval -> avg_reward=16.45 | avg_final_coverage=90.41% | avg_broadcast=100.00%
    Eval -> avg_reward=17.70 | avg_final_coverage=93.19% | avg_broadcast=100.00%
[DQN] step=7165 | epsilon=0.291 | mean_reward=16.71 | mean_coverage=92.93% | mean_broadcast=99.99% | q_loss=0.0875
    Eval -> avg_reward=17.73 | avg_final_coverage=95.37% | avg_broadcast=100.00%
[DQN] step=7170 | epsilon=0.291 | mean_reward=16.71 | mean_coverage=92.93% | mean_broadcast=99.99% | q_loss=0.1159
    Eval -> avg_reward=19.11 | avg_final_coverage=98.34% | avg_broadcast=100.00%
[DQN] step=7175 | epsilon=0.290 | mean_reward=16.71 | mean_coverage=92.93% | mean_broadcast=99.99% | q_loss=0.0714
    Eval -> avg_reward=18.30 | avg_final_coverage=98.21% | avg_broadcast=100.00%
[DQN] step=7180 | epsilon=0.290 | mean_reward=16.71 | mean_coverage=92.93% | mean_broadcast=99.99% | q_loss=0.1101
    Eval -> avg_reward=18.52 | avg_final_coverage=98.85% | avg_broadcast=100.00%
    Eval -> avg_reward=18.94 | avg_final_coverage=99.28% | avg_broadcast=100.00%
[DQN] step=7185 | epsilon=0.289 | mean_reward=17.69 | mean_coverage=96.15% | mean_broadcast=99.99% | q_loss=0.1082
    Eval -> avg_reward=20.35 | avg_final_coverage=99.88% | avg_broadcast=100.00%
[DQN] step=7190 | epsilon=0.289 | mean_reward=17.69 | mean_coverage=96.15% | mean_broadcast=99.99% | q_loss=0.1639
    Eval -> avg_reward=19.34 | avg_final_coverage=99.90% | avg_broadcast=100.00%
[DQN] step=7195 | epsilon=0.288 | mean_reward=17.69 | mean_coverage=96.15% | mean_broadcast=99.99% | q_loss=0.1265
    Eval -> avg_reward=19.03 | avg_final_coverage=99.59% | avg_broadcast=100.00%
[DQN] step=7200 | epsilon=0.288 | mean_reward=17.69 | mean_coverage=96.15% | mean_broadcast=99.99% | q_loss=0.0933
    Eval -> avg_reward=17.80 | avg_final_coverage=95.72% | avg_broadcast=100.00%
    Eval -> avg_reward=18.49 | avg_final_coverage=97.26% | avg_broadcast=100.00%
[DQN] step=7205 | epsilon=0.287 | mean_reward=17.69 | mean_coverage=96.15% | mean_broadcast=99.99% | q_loss=0.1314
    Eval -> avg_reward=17.42 | avg_final_coverage=94.34% | avg_broadcast=100.00%
[DQN] step=7210 | epsilon=0.287 | mean_reward=18.29 | mean_coverage=98.47% | mean_broadcast=99.99% | q_loss=0.0821
    Eval -> avg_reward=17.13 | avg_final_coverage=93.51% | avg_broadcast=100.00%
[DQN] step=7215 | epsilon=0.286 | mean_reward=18.29 | mean_coverage=98.47% | mean_broadcast=99.99% | q_loss=0.1004
    Eval -> avg_reward=16.63 | avg_final_coverage=91.79% | avg_broadcast=100.00%
[DQN] step=7220 | epsilon=0.286 | mean_reward=18.29 | mean_coverage=98.47% | mean_broadcast=99.99% | q_loss=0.1460
    Eval -> avg_reward=17.23 | avg_final_coverage=93.97% | avg_broadcast=100.00%
    Eval -> avg_reward=17.28 | avg_final_coverage=94.94% | avg_broadcast=100.00%
[DQN] step=7225 | epsilon=0.285 | mean_reward=18.29 | mean_coverage=98.47% | mean_broadcast=99.99% | q_loss=0.1150
    Eval -> avg_reward=19.46 | avg_final_coverage=99.72% | avg_broadcast=100.00%
[DQN] step=7230 | epsilon=0.285 | mean_reward=18.29 | mean_coverage=98.47% | mean_broadcast=99.99% | q_loss=0.1296
    Eval -> avg_reward=18.72 | avg_final_coverage=99.19% | avg_broadcast=100.00%
[DQN] step=7235 | epsilon=0.284 | mean_reward=17.97 | mean_coverage=97.37% | mean_broadcast=99.99% | q_loss=0.1043
    Eval -> avg_reward=18.77 | avg_final_coverage=99.24% | avg_broadcast=100.00%
[DQN] step=7240 | epsilon=0.284 | mean_reward=17.97 | mean_coverage=97.37% | mean_broadcast=99.99% | q_loss=0.0963
    Eval -> avg_reward=19.09 | avg_final_coverage=99.57% | avg_broadcast=100.00%
    Eval -> avg_reward=18.70 | avg_final_coverage=99.07% | avg_broadcast=100.00%
[DQN] step=7245 | epsilon=0.283 | mean_reward=17.97 | mean_coverage=97.37% | mean_broadcast=99.99% | q_loss=0.0962
    Eval -> avg_reward=18.62 | avg_final_coverage=99.43% | avg_broadcast=100.00%
[DQN] step=7250 | epsilon=0.283 | mean_reward=17.97 | mean_coverage=97.37% | mean_broadcast=99.99% | q_loss=0.0947
    Eval -> avg_reward=18.68 | avg_final_coverage=99.13% | avg_broadcast=100.00%
[DQN] step=7255 | epsilon=0.282 | mean_reward=17.97 | mean_coverage=97.37% | mean_broadcast=99.99% | q_loss=0.0769
    Eval -> avg_reward=19.42 | avg_final_coverage=99.47% | avg_broadcast=100.00%
[DQN] step=7260 | epsilon=0.282 | mean_reward=18.11 | mean_coverage=97.94% | mean_broadcast=99.99% | q_loss=0.0926
    Eval -> avg_reward=18.41 | avg_final_coverage=98.53% | avg_broadcast=100.00%
    Eval -> avg_reward=17.86 | avg_final_coverage=97.07% | avg_broadcast=100.00%
[DQN] step=7265 | epsilon=0.281 | mean_reward=18.11 | mean_coverage=97.94% | mean_broadcast=99.99% | q_loss=0.0833
    Eval -> avg_reward=18.52 | avg_final_coverage=99.10% | avg_broadcast=100.00%
[DQN] step=7270 | epsilon=0.281 | mean_reward=18.11 | mean_coverage=97.94% | mean_broadcast=99.99% | q_loss=0.1049
    Eval -> avg_reward=18.71 | avg_final_coverage=99.19% | avg_broadcast=100.00%
[DQN] step=7275 | epsilon=0.280 | mean_reward=18.11 | mean_coverage=97.94% | mean_broadcast=99.99% | q_loss=0.0967
    Eval -> avg_reward=18.39 | avg_final_coverage=98.96% | avg_broadcast=100.00%
[DQN] step=7280 | epsilon=0.280 | mean_reward=18.11 | mean_coverage=97.94% | mean_broadcast=99.99% | q_loss=0.0841
    Eval -> avg_reward=17.84 | avg_final_coverage=97.56% | avg_broadcast=100.00%
    Eval -> avg_reward=16.44 | avg_final_coverage=93.12% | avg_broadcast=100.00%
[DQN] step=7285 | epsilon=0.279 | mean_reward=18.14 | mean_coverage=97.71% | mean_broadcast=100.00% | q_loss=0.1059
    Eval -> avg_reward=16.48 | avg_final_coverage=93.41% | avg_broadcast=100.00%
[DQN] step=7290 | epsilon=0.279 | mean_reward=18.14 | mean_coverage=97.71% | mean_broadcast=100.00% | q_loss=0.0700
    Eval -> avg_reward=18.08 | avg_final_coverage=98.56% | avg_broadcast=100.00%
[DQN] step=7295 | epsilon=0.278 | mean_reward=18.14 | mean_coverage=97.71% | mean_broadcast=100.00% | q_loss=0.0596
    Eval -> avg_reward=18.35 | avg_final_coverage=99.29% | avg_broadcast=100.00%
[DQN] step=7300 | epsilon=0.278 | mean_reward=18.14 | mean_coverage=97.71% | mean_broadcast=100.00% | q_loss=0.0636
    Eval -> avg_reward=20.18 | avg_final_coverage=99.62% | avg_broadcast=100.00%
    Eval -> avg_reward=18.04 | avg_final_coverage=97.32% | avg_broadcast=100.00%
[DQN] step=7305 | epsilon=0.277 | mean_reward=18.14 | mean_coverage=97.71% | mean_broadcast=100.00% | q_loss=0.0728
    Eval -> avg_reward=18.80 | avg_final_coverage=97.56% | avg_broadcast=100.00%
[DQN] step=7310 | epsilon=0.277 | mean_reward=17.99 | mean_coverage=97.37% | mean_broadcast=100.00% | q_loss=0.5788
    Eval -> avg_reward=18.17 | avg_final_coverage=96.44% | avg_broadcast=100.00%
[DQN] step=7315 | epsilon=0.276 | mean_reward=17.99 | mean_coverage=97.37% | mean_broadcast=100.00% | q_loss=0.3710
    Eval -> avg_reward=18.64 | avg_final_coverage=96.97% | avg_broadcast=100.00%
[DQN] step=7320 | epsilon=0.276 | mean_reward=17.99 | mean_coverage=97.37% | mean_broadcast=100.00% | q_loss=0.5119
    Eval -> avg_reward=18.80 | avg_final_coverage=98.40% | avg_broadcast=100.00%
    Eval -> avg_reward=17.58 | avg_final_coverage=95.53% | avg_broadcast=100.00%
[DQN] step=7325 | epsilon=0.275 | mean_reward=17.99 | mean_coverage=97.37% | mean_broadcast=100.00% | q_loss=0.2994
    Eval -> avg_reward=18.63 | avg_final_coverage=97.60% | avg_broadcast=100.00%
[DQN] step=7330 | epsilon=0.275 | mean_reward=17.99 | mean_coverage=97.37% | mean_broadcast=100.00% | q_loss=0.2891
    Eval -> avg_reward=18.47 | avg_final_coverage=97.44% | avg_broadcast=100.00%
[DQN] step=7335 | epsilon=0.274 | mean_reward=17.90 | mean_coverage=96.97% | mean_broadcast=100.00% | q_loss=0.2267
    Eval -> avg_reward=20.05 | avg_final_coverage=99.13% | avg_broadcast=100.00%
[DQN] step=7340 | epsilon=0.274 | mean_reward=17.90 | mean_coverage=96.97% | mean_broadcast=100.00% | q_loss=0.2449
    Eval -> avg_reward=19.27 | avg_final_coverage=98.71% | avg_broadcast=100.00%
    Eval -> avg_reward=18.96 | avg_final_coverage=99.46% | avg_broadcast=100.00%
[DQN] step=7345 | epsilon=0.273 | mean_reward=17.90 | mean_coverage=96.97% | mean_broadcast=100.00% | q_loss=0.1581
    Eval -> avg_reward=18.90 | avg_final_coverage=99.51% | avg_broadcast=100.00%
[DQN] step=7350 | epsilon=0.273 | mean_reward=17.90 | mean_coverage=96.97% | mean_broadcast=100.00% | q_loss=0.1777
    Eval -> avg_reward=19.12 | avg_final_coverage=99.65% | avg_broadcast=100.00%
[DQN] step=7355 | epsilon=0.272 | mean_reward=17.90 | mean_coverage=96.97% | mean_broadcast=100.00% | q_loss=0.1434
INFO:     114.242.201.65:0 - "POST /api/simulate/scene HTTP/1.1" 200 OK
    Eval -> avg_reward=20.45 | avg_final_coverage=99.93% | avg_broadcast=100.00%
[DQN] step=7360 | epsilon=0.272 | mean_reward=18.25 | mean_coverage=98.18% | mean_broadcast=100.00% | q_loss=0.1170
    Eval -> avg_reward=21.15 | avg_final_coverage=99.78% | avg_broadcast=100.00%
    Eval -> avg_reward=18.64 | avg_final_coverage=99.16% | avg_broadcast=100.00%
[DQN] step=7365 | epsilon=0.271 | mean_reward=18.25 | mean_coverage=98.18% | mean_broadcast=100.00% | q_loss=0.2031
    Eval -> avg_reward=19.00 | avg_final_coverage=99.56% | avg_broadcast=100.00%
[DQN] step=7370 | epsilon=0.271 | mean_reward=18.25 | mean_coverage=98.18% | mean_broadcast=100.00% | q_loss=0.1106
    Eval -> avg_reward=18.38 | avg_final_coverage=99.47% | avg_broadcast=100.00%
[DQN] step=7375 | epsilon=0.270 | mean_reward=18.25 | mean_coverage=98.18% | mean_broadcast=100.00% | q_loss=0.1259
    Eval -> avg_reward=18.46 | avg_final_coverage=99.44% | avg_broadcast=100.00%
[DQN] step=7380 | epsilon=0.270 | mean_reward=18.25 | mean_coverage=98.18% | mean_broadcast=100.00% | q_loss=0.1226
    Eval -> avg_reward=18.60 | avg_final_coverage=99.62% | avg_broadcast=100.00%
    Eval -> avg_reward=18.47 | avg_final_coverage=98.41% | avg_broadcast=100.00%
[DQN] step=7385 | epsilon=0.269 | mean_reward=18.16 | mean_coverage=98.03% | mean_broadcast=100.00% | q_loss=0.1641
    Eval -> avg_reward=17.52 | avg_final_coverage=94.97% | avg_broadcast=100.00%
[DQN] step=7390 | epsilon=0.269 | mean_reward=18.16 | mean_coverage=98.03% | mean_broadcast=100.00% | q_loss=0.1822
    Eval -> avg_reward=17.85 | avg_final_coverage=96.66% | avg_broadcast=100.00%
[DQN] step=7395 | epsilon=0.268 | mean_reward=18.16 | mean_coverage=98.03% | mean_broadcast=100.00% | q_loss=2.4977
    Eval -> avg_reward=17.67 | avg_final_coverage=96.29% | avg_broadcast=100.00%
[DQN] step=7400 | epsilon=0.268 | mean_reward=18.16 | mean_coverage=98.03% | mean_broadcast=100.00% | q_loss=1.6291
    Eval -> avg_reward=17.99 | avg_final_coverage=96.71% | avg_broadcast=100.00%
    Eval -> avg_reward=14.79 | avg_final_coverage=84.75% | avg_broadcast=100.00%
[DQN] step=7405 | epsilon=0.267 | mean_reward=18.16 | mean_coverage=98.03% | mean_broadcast=100.00% | q_loss=0.9079
    Eval -> avg_reward=14.34 | avg_final_coverage=82.37% | avg_broadcast=100.00%
[DQN] step=7410 | epsilon=0.267 | mean_reward=17.59 | mean_coverage=95.96% | mean_broadcast=100.00% | q_loss=0.7153
    Eval -> avg_reward=17.25 | avg_final_coverage=93.75% | avg_broadcast=100.00%
[DQN] step=7415 | epsilon=0.266 | mean_reward=17.59 | mean_coverage=95.96% | mean_broadcast=100.00% | q_loss=0.6335
    Eval -> avg_reward=17.94 | avg_final_coverage=97.18% | avg_broadcast=100.00%
[DQN] step=7420 | epsilon=0.266 | mean_reward=17.59 | mean_coverage=95.96% | mean_broadcast=100.00% | q_loss=0.3752
    Eval -> avg_reward=18.03 | avg_final_coverage=96.63% | avg_broadcast=100.00%
    Eval -> avg_reward=18.45 | avg_final_coverage=98.21% | avg_broadcast=100.00%
[DQN] step=7425 | epsilon=0.265 | mean_reward=17.59 | mean_coverage=95.96% | mean_broadcast=100.00% | q_loss=0.2179
    Eval -> avg_reward=18.04 | avg_final_coverage=96.94% | avg_broadcast=100.00%
[DQN] step=7430 | epsilon=0.265 | mean_reward=17.59 | mean_coverage=95.96% | mean_broadcast=100.00% | q_loss=0.2713
    Eval -> avg_reward=17.77 | avg_final_coverage=95.82% | avg_broadcast=100.00%
[DQN] step=7435 | epsilon=0.264 | mean_reward=17.56 | mean_coverage=95.72% | mean_broadcast=100.00% | q_loss=0.1946
    Eval -> avg_reward=17.86 | avg_final_coverage=95.75% | avg_broadcast=100.00%
[DQN] step=7440 | epsilon=0.264 | mean_reward=17.56 | mean_coverage=95.72% | mean_broadcast=100.00% | q_loss=0.1648
INFO:     114.242.201.65:0 - "POST /api/simulate/scene HTTP/1.1" 200 OK
    Eval -> avg_reward=18.60 | avg_final_coverage=99.34% | avg_broadcast=100.00%
    Eval -> avg_reward=18.50 | avg_final_coverage=99.35% | avg_broadcast=100.00%
[DQN] step=7445 | epsilon=0.263 | mean_reward=17.56 | mean_coverage=95.72% | mean_broadcast=100.00% | q_loss=0.1403
    Eval -> avg_reward=18.34 | avg_final_coverage=98.43% | avg_broadcast=100.00%
[DQN] step=7450 | epsilon=0.263 | mean_reward=17.56 | mean_coverage=95.72% | mean_broadcast=100.00% | q_loss=0.0978
    Eval -> avg_reward=18.23 | avg_final_coverage=98.32% | avg_broadcast=100.00%
[DQN] step=7455 | epsilon=0.262 | mean_reward=17.56 | mean_coverage=95.72% | mean_broadcast=100.00% | q_loss=0.1257
    Eval -> avg_reward=18.94 | avg_final_coverage=98.91% | avg_broadcast=100.00%
[DQN] step=7460 | epsilon=0.262 | mean_reward=17.50 | mean_coverage=95.37% | mean_broadcast=100.00% | q_loss=0.0928
    Eval -> avg_reward=17.95 | avg_final_coverage=97.56% | avg_broadcast=100.00%
    Eval -> avg_reward=17.78 | avg_final_coverage=96.78% | avg_broadcast=99.99%
[DQN] step=7465 | epsilon=0.261 | mean_reward=17.50 | mean_coverage=95.37% | mean_broadcast=100.00% | q_loss=0.0992
    Eval -> avg_reward=17.40 | avg_final_coverage=95.19% | avg_broadcast=100.00%
[DQN] step=7470 | epsilon=0.261 | mean_reward=17.50 | mean_coverage=95.37% | mean_broadcast=100.00% | q_loss=0.1020
    Eval -> avg_reward=18.16 | avg_final_coverage=97.37% | avg_broadcast=100.00%
[DQN] step=7475 | epsilon=0.260 | mean_reward=17.50 | mean_coverage=95.37% | mean_broadcast=100.00% | q_loss=0.1446
    Eval -> avg_reward=18.45 | avg_final_coverage=98.49% | avg_broadcast=100.00%
[DQN] step=7480 | epsilon=0.260 | mean_reward=17.50 | mean_coverage=95.37% | mean_broadcast=100.00% | q_loss=0.1498
    Eval -> avg_reward=18.48 | avg_final_coverage=98.69% | avg_broadcast=100.00%
    Eval -> avg_reward=17.82 | avg_final_coverage=97.40% | avg_broadcast=100.00%
[DQN] step=7485 | epsilon=0.259 | mean_reward=17.33 | mean_coverage=94.90% | mean_broadcast=100.00% | q_loss=0.0968
    Eval -> avg_reward=17.25 | avg_final_coverage=95.04% | avg_broadcast=100.00%
[DQN] step=7490 | epsilon=0.259 | mean_reward=17.33 | mean_coverage=94.90% | mean_broadcast=100.00% | q_loss=0.0954
    Eval -> avg_reward=18.23 | avg_final_coverage=96.60% | avg_broadcast=100.00%
[DQN] step=7495 | epsilon=0.258 | mean_reward=17.33 | mean_coverage=94.90% | mean_broadcast=100.00% | q_loss=0.1257
    Eval -> avg_reward=17.52 | avg_final_coverage=96.26% | avg_broadcast=100.00%
[DQN] step=7500 | epsilon=0.258 | mean_reward=17.33 | mean_coverage=94.90% | mean_broadcast=100.00% | q_loss=0.2983
    Eval -> avg_reward=17.17 | avg_final_coverage=94.19% | avg_broadcast=100.00%
    Eval -> avg_reward=16.14 | avg_final_coverage=89.59% | avg_broadcast=100.00%
[DQN] step=7505 | epsilon=0.257 | mean_reward=17.33 | mean_coverage=94.90% | mean_broadcast=100.00% | q_loss=0.1586
    Eval -> avg_reward=17.57 | avg_final_coverage=93.65% | avg_broadcast=100.00%
[DQN] step=7510 | epsilon=0.257 | mean_reward=17.13 | mean_coverage=94.50% | mean_broadcast=100.00% | q_loss=0.1020
    Eval -> avg_reward=15.66 | avg_final_coverage=89.03% | avg_broadcast=100.00%
[DQN] step=7515 | epsilon=0.256 | mean_reward=17.13 | mean_coverage=94.50% | mean_broadcast=100.00% | q_loss=0.0958
    Eval -> avg_reward=15.89 | avg_final_coverage=90.46% | avg_broadcast=100.00%
[DQN] step=7520 | epsilon=0.256 | mean_reward=17.13 | mean_coverage=94.50% | mean_broadcast=100.00% | q_loss=0.1343
    Eval -> avg_reward=17.69 | avg_final_coverage=96.68% | avg_broadcast=100.00%
    Eval -> avg_reward=18.58 | avg_final_coverage=98.78% | avg_broadcast=100.00%
[DQN] step=7525 | epsilon=0.255 | mean_reward=17.13 | mean_coverage=94.50% | mean_broadcast=100.00% | q_loss=0.0892
INFO:     114.242.201.65:0 - "POST /api/simulate/stream HTTP/1.1" 200 OK
    Eval -> avg_reward=15.95 | avg_final_coverage=91.50% | avg_broadcast=100.00%
[DQN] step=7530 | epsilon=0.255 | mean_reward=17.13 | mean_coverage=94.50% | mean_broadcast=100.00% | q_loss=0.0768
    Eval -> avg_reward=18.11 | avg_final_coverage=97.87% | avg_broadcast=100.00%
[DQN] step=7535 | epsilon=0.254 | mean_reward=17.52 | mean_coverage=95.87% | mean_broadcast=100.00% | q_loss=0.0864
    Eval -> avg_reward=18.54 | avg_final_coverage=99.00% | avg_broadcast=100.00%
[DQN] step=7540 | epsilon=0.254 | mean_reward=17.52 | mean_coverage=95.87% | mean_broadcast=100.00% | q_loss=0.0799
    Eval -> avg_reward=18.59 | avg_final_coverage=99.04% | avg_broadcast=100.00%
    Eval -> avg_reward=18.45 | avg_final_coverage=98.19% | avg_broadcast=100.00%
[DQN] step=7545 | epsilon=0.253 | mean_reward=17.52 | mean_coverage=95.87% | mean_broadcast=100.00% | q_loss=0.0858
    Eval -> avg_reward=18.27 | avg_final_coverage=97.31% | avg_broadcast=100.00%
[DQN] step=7550 | epsilon=0.253 | mean_reward=17.52 | mean_coverage=95.87% | mean_broadcast=100.00% | q_loss=0.1246
    Eval -> avg_reward=20.24 | avg_final_coverage=99.81% | avg_broadcast=100.00%
[DQN] step=7555 | epsilon=0.252 | mean_reward=17.52 | mean_coverage=95.87% | mean_broadcast=100.00% | q_loss=0.0706
    Eval -> avg_reward=19.14 | avg_final_coverage=97.91% | avg_broadcast=100.00%
[DQN] step=7560 | epsilon=0.252 | mean_reward=17.59 | mean_coverage=96.29% | mean_broadcast=100.00% | q_loss=0.0952
    Eval -> avg_reward=19.96 | avg_final_coverage=99.38% | avg_broadcast=100.00%
    Eval -> avg_reward=19.06 | avg_final_coverage=99.04% | avg_broadcast=100.00%
[DQN] step=7565 | epsilon=0.251 | mean_reward=17.59 | mean_coverage=96.29% | mean_broadcast=100.00% | q_loss=0.6578
    Eval -> avg_reward=18.72 | avg_final_coverage=98.47% | avg_broadcast=100.00%
[DQN] step=7570 | epsilon=0.251 | mean_reward=17.59 | mean_coverage=96.29% | mean_broadcast=100.00% | q_loss=2.0637
    Eval -> avg_reward=19.16 | avg_final_coverage=99.46% | avg_broadcast=100.00%
[DQN] step=7575 | epsilon=0.250 | mean_reward=17.59 | mean_coverage=96.29% | mean_broadcast=100.00% | q_loss=1.5677
    Eval -> avg_reward=18.11 | avg_final_coverage=97.69% | avg_broadcast=100.00%
[DQN] step=7580 | epsilon=0.250 | mean_reward=17.59 | mean_coverage=96.29% | mean_broadcast=100.00% | q_loss=1.0008
    Eval -> avg_reward=18.66 | avg_final_coverage=98.84% | avg_broadcast=100.00%
    Eval -> avg_reward=16.74 | avg_final_coverage=93.34% | avg_broadcast=100.00%
[DQN] step=7585 | epsilon=0.250 | mean_reward=17.57 | mean_coverage=96.26% | mean_broadcast=100.00% | q_loss=0.7217
    Eval -> avg_reward=18.29 | avg_final_coverage=98.65% | avg_broadcast=100.00%
[DQN] step=7590 | epsilon=0.249 | mean_reward=17.57 | mean_coverage=96.26% | mean_broadcast=100.00% | q_loss=0.7545
    Eval -> avg_reward=18.87 | avg_final_coverage=99.40% | avg_broadcast=100.00%
[DQN] step=7595 | epsilon=0.249 | mean_reward=17.57 | mean_coverage=96.26% | mean_broadcast=100.00% | q_loss=0.7300
    Eval -> avg_reward=19.83 | avg_final_coverage=99.76% | avg_broadcast=100.00%
[DQN] step=7600 | epsilon=0.248 | mean_reward=17.57 | mean_coverage=96.26% | mean_broadcast=100.00% | q_loss=0.5012
    Eval -> avg_reward=18.98 | avg_final_coverage=99.32% | avg_broadcast=100.00%
    Eval -> avg_reward=18.89 | avg_final_coverage=99.26% | avg_broadcast=100.00%
[DQN] step=7605 | epsilon=0.248 | mean_reward=17.57 | mean_coverage=96.26% | mean_broadcast=100.00% | q_loss=0.4886
    Eval -> avg_reward=18.98 | avg_final_coverage=99.43% | avg_broadcast=100.00%
[DQN] step=7610 | epsilon=0.247 | mean_reward=17.84 | mean_coverage=96.81% | mean_broadcast=100.00% | q_loss=0.3433
    Eval -> avg_reward=18.96 | avg_final_coverage=99.28% | avg_broadcast=100.00%
INFO:     114.242.201.65:0 - "POST /api/simulate/scene HTTP/1.1" 200 OK
[DQN] step=7615 | epsilon=0.247 | mean_reward=17.84 | mean_coverage=96.81% | mean_broadcast=100.00% | q_loss=0.3986
    Eval -> avg_reward=19.04 | avg_final_coverage=99.56% | avg_broadcast=100.00%
[DQN] step=7620 | epsilon=0.246 | mean_reward=17.84 | mean_coverage=96.81% | mean_broadcast=100.00% | q_loss=0.3569
    Eval -> avg_reward=19.06 | avg_final_coverage=99.60% | avg_broadcast=100.00%
    Eval -> avg_reward=19.13 | avg_final_coverage=99.65% | avg_broadcast=100.00%
[DQN] step=7625 | epsilon=0.246 | mean_reward=17.84 | mean_coverage=96.81% | mean_broadcast=100.00% | q_loss=0.3383
    Eval -> avg_reward=19.56 | avg_final_coverage=99.69% | avg_broadcast=100.00%
[DQN] step=7630 | epsilon=0.245 | mean_reward=17.84 | mean_coverage=96.81% | mean_broadcast=100.00% | q_loss=0.3128
    Eval -> avg_reward=19.00 | avg_final_coverage=99.51% | avg_broadcast=100.00%
[DQN] step=7635 | epsilon=0.245 | mean_reward=18.14 | mean_coverage=97.25% | mean_broadcast=100.00% | q_loss=0.2309
    Eval -> avg_reward=19.00 | avg_final_coverage=99.62% | avg_broadcast=100.00%
INFO:     114.242.201.65:0 - "POST /api/simulate/stream HTTP/1.1" 200 OK
[DQN] step=7640 | epsilon=0.244 | mean_reward=18.14 | mean_coverage=97.25% | mean_broadcast=100.00% | q_loss=0.2579
    Eval -> avg_reward=20.09 | avg_final_coverage=99.90% | avg_broadcast=100.00%
    Eval -> avg_reward=21.03 | avg_final_coverage=99.96% | avg_broadcast=100.00%
[DQN] step=7645 | epsilon=0.244 | mean_reward=18.14 | mean_coverage=97.25% | mean_broadcast=100.00% | q_loss=0.3489
    Eval -> avg_reward=20.72 | avg_final_coverage=99.96% | avg_broadcast=100.00%
[DQN] step=7650 | epsilon=0.243 | mean_reward=18.14 | mean_coverage=97.25% | mean_broadcast=100.00% | q_loss=0.2267
    Eval -> avg_reward=18.56 | avg_final_coverage=98.50% | avg_broadcast=100.00%
[DQN] step=7655 | epsilon=0.243 | mean_reward=18.14 | mean_coverage=97.25% | mean_broadcast=100.00% | q_loss=0.2181
    Eval -> avg_reward=18.75 | avg_final_coverage=99.46% | avg_broadcast=100.00%
[DQN] step=7660 | epsilon=0.242 | mean_reward=18.56 | mean_coverage=98.41% | mean_broadcast=100.00% | q_loss=0.2069
    Eval -> avg_reward=18.62 | avg_final_coverage=99.16% | avg_broadcast=100.00%
    Eval -> avg_reward=18.67 | avg_final_coverage=99.49% | avg_broadcast=100.00%
[DQN] step=7665 | epsilon=0.242 | mean_reward=18.56 | mean_coverage=98.41% | mean_broadcast=100.00% | q_loss=0.1872
    Eval -> avg_reward=18.62 | avg_final_coverage=99.37% | avg_broadcast=100.00%
[DQN] step=7670 | epsilon=0.241 | mean_reward=18.56 | mean_coverage=98.41% | mean_broadcast=100.00% | q_loss=0.1812
    Eval -> avg_reward=18.54 | avg_final_coverage=99.47% | avg_broadcast=100.00%
[DQN] step=7675 | epsilon=0.241 | mean_reward=18.56 | mean_coverage=98.41% | mean_broadcast=100.00% | q_loss=0.2134
    Eval -> avg_reward=18.61 | avg_final_coverage=99.59% | avg_broadcast=100.00%
[DQN] step=7680 | epsilon=0.240 | mean_reward=18.56 | mean_coverage=98.41% | mean_broadcast=100.00% | q_loss=0.1632
    Eval -> avg_reward=18.68 | avg_final_coverage=99.63% | avg_broadcast=100.00%
    Eval -> avg_reward=20.60 | avg_final_coverage=99.93% | avg_broadcast=100.00%
[DQN] step=7685 | epsilon=0.240 | mean_reward=18.57 | mean_coverage=98.46% | mean_broadcast=100.00% | q_loss=0.3716
    Eval -> avg_reward=18.99 | avg_final_coverage=99.71% | avg_broadcast=100.00%
[DQN] step=7690 | epsilon=0.239 | mean_reward=18.57 | mean_coverage=98.46% | mean_broadcast=100.00% | q_loss=0.2352
    Eval -> avg_reward=18.68 | avg_final_coverage=99.34% | avg_broadcast=100.00%
[DQN] step=7695 | epsilon=0.239 | mean_reward=19.47 | mean_coverage=99.62% | mean_broadcast=100.00% | q_loss=0.2023
    Eval -> avg_reward=18.73 | avg_final_coverage=99.54% | avg_broadcast=100.00%
[DQN] step=7700 | epsilon=0.238 | mean_reward=19.47 | mean_coverage=99.62% | mean_broadcast=100.00% | q_loss=0.1155
    Eval -> avg_reward=18.68 | avg_final_coverage=99.49% | avg_broadcast=100.00%
    Eval -> avg_reward=18.30 | avg_final_coverage=99.40% | avg_broadcast=100.00%
[DQN] step=7705 | epsilon=0.238 | mean_reward=19.47 | mean_coverage=99.62% | mean_broadcast=100.00% | q_loss=0.1985
    Eval -> avg_reward=20.27 | avg_final_coverage=99.87% | avg_broadcast=100.00%
[DQN] step=7710 | epsilon=0.237 | mean_reward=19.47 | mean_coverage=99.62% | mean_broadcast=100.00% | q_loss=0.1559
    Eval -> avg_reward=18.75 | avg_final_coverage=98.66% | avg_broadcast=100.00%
[DQN] step=7715 | epsilon=0.237 | mean_reward=19.47 | mean_coverage=99.62% | mean_broadcast=100.00% | q_loss=0.2228
    Eval -> avg_reward=17.89 | avg_final_coverage=98.54% | avg_broadcast=100.00%
[DQN] step=7720 | epsilon=0.236 | mean_reward=19.32 | mean_coverage=99.60% | mean_broadcast=100.00% | q_loss=0.1842
    Eval -> avg_reward=18.02 | avg_final_coverage=98.59% | avg_broadcast=100.00%
    Eval -> avg_reward=19.18 | avg_final_coverage=99.40% | avg_broadcast=100.00%
[DQN] step=7725 | epsilon=0.236 | mean_reward=19.32 | mean_coverage=99.60% | mean_broadcast=100.00% | q_loss=0.1339
    Eval -> avg_reward=19.67 | avg_final_coverage=99.85% | avg_broadcast=100.00%
[DQN] step=7730 | epsilon=0.235 | mean_reward=19.32 | mean_coverage=99.60% | mean_broadcast=100.00% | q_loss=0.3642
    Eval -> avg_reward=19.63 | avg_final_coverage=99.66% | avg_broadcast=100.00%
[DQN] step=7735 | epsilon=0.235 | mean_reward=19.32 | mean_coverage=99.60% | mean_broadcast=100.00% | q_loss=0.5545
    Eval -> avg_reward=19.46 | avg_final_coverage=99.69% | avg_broadcast=100.00%
[DQN] step=7740 | epsilon=0.234 | mean_reward=19.32 | mean_coverage=99.60% | mean_broadcast=100.00% | q_loss=0.4772
    Eval -> avg_reward=19.97 | avg_final_coverage=99.87% | avg_broadcast=100.00%
    Eval -> avg_reward=19.39 | avg_final_coverage=99.38% | avg_broadcast=100.00%
[DQN] step=7745 | epsilon=0.234 | mean_reward=19.21 | mean_coverage=99.75% | mean_broadcast=100.00% | q_loss=0.2285
    Eval -> avg_reward=18.66 | avg_final_coverage=99.56% | avg_broadcast=100.00%
[DQN] step=7750 | epsilon=0.233 | mean_reward=19.21 | mean_coverage=99.75% | mean_broadcast=100.00% | q_loss=0.2629
    Eval -> avg_reward=18.60 | avg_final_coverage=99.29% | avg_broadcast=100.00%
[DQN] step=7755 | epsilon=0.233 | mean_reward=19.21 | mean_coverage=99.75% | mean_broadcast=100.00% | q_loss=0.1519
    Eval -> avg_reward=18.55 | avg_final_coverage=99.03% | avg_broadcast=100.00%
[DQN] step=7760 | epsilon=0.232 | mean_reward=19.21 | mean_coverage=99.75% | mean_broadcast=100.00% | q_loss=0.1242
    Eval -> avg_reward=19.00 | avg_final_coverage=99.66% | avg_broadcast=100.00%
    Eval -> avg_reward=20.42 | avg_final_coverage=99.93% | avg_broadcast=100.00%
[DQN] step=7765 | epsilon=0.232 | mean_reward=19.21 | mean_coverage=99.75% | mean_broadcast=100.00% | q_loss=0.1521
    Eval -> avg_reward=20.47 | avg_final_coverage=99.96% | avg_broadcast=100.00%
[DQN] step=7770 | epsilon=0.231 | mean_reward=19.10 | mean_coverage=99.72% | mean_broadcast=100.00% | q_loss=0.1845
    Eval -> avg_reward=19.28 | avg_final_coverage=99.56% | avg_broadcast=100.00%
[DQN] step=7775 | epsilon=0.231 | mean_reward=19.10 | mean_coverage=99.72% | mean_broadcast=100.00% | q_loss=0.1310
    Eval -> avg_reward=18.23 | avg_final_coverage=97.28% | avg_broadcast=100.00%
[DQN] step=7780 | epsilon=0.230 | mean_reward=19.10 | mean_coverage=99.72% | mean_broadcast=100.00% | q_loss=0.1025
    Eval -> avg_reward=18.41 | avg_final_coverage=98.07% | avg_broadcast=100.00%
    Eval -> avg_reward=18.02 | avg_final_coverage=97.09% | avg_broadcast=100.00%
[DQN] step=7785 | epsilon=0.230 | mean_reward=19.10 | mean_coverage=99.72% | mean_broadcast=100.00% | q_loss=0.0857
    Eval -> avg_reward=18.80 | avg_final_coverage=98.04% | avg_broadcast=100.00%
[DQN] step=7790 | epsilon=0.229 | mean_reward=19.10 | mean_coverage=99.72% | mean_broadcast=100.00% | q_loss=0.1244
    Eval -> avg_reward=19.23 | avg_final_coverage=99.75% | avg_broadcast=100.00%
[DQN] step=7795 | epsilon=0.229 | mean_reward=19.08 | mean_coverage=99.66% | mean_broadcast=100.00% | q_loss=0.5185
    Eval -> avg_reward=18.30 | avg_final_coverage=98.37% | avg_broadcast=100.00%
[DQN] step=7800 | epsilon=0.228 | mean_reward=19.08 | mean_coverage=99.66% | mean_broadcast=100.00% | q_loss=0.6528
    Eval -> avg_reward=18.30 | avg_final_coverage=98.91% | avg_broadcast=100.00%
    Eval -> avg_reward=18.59 | avg_final_coverage=99.63% | avg_broadcast=100.00%
[DQN] step=7805 | epsilon=0.228 | mean_reward=19.08 | mean_coverage=99.66% | mean_broadcast=100.00% | q_loss=0.2469
    Eval -> avg_reward=18.08 | avg_final_coverage=98.19% | avg_broadcast=100.00%
[DQN] step=7810 | epsilon=0.227 | mean_reward=19.08 | mean_coverage=99.66% | mean_broadcast=100.00% | q_loss=0.1399
    Eval -> avg_reward=18.16 | avg_final_coverage=98.78% | avg_broadcast=100.00%
[DQN] step=7815 | epsilon=0.227 | mean_reward=19.08 | mean_coverage=99.66% | mean_broadcast=100.00% | q_loss=0.1857
    Eval -> avg_reward=18.34 | avg_final_coverage=99.12% | avg_broadcast=100.00%
[DQN] step=7820 | epsilon=0.226 | mean_reward=18.46 | mean_coverage=99.47% | mean_broadcast=100.00% | q_loss=0.1437
    Eval -> avg_reward=18.20 | avg_final_coverage=97.79% | avg_broadcast=100.00%
    Eval -> avg_reward=18.50 | avg_final_coverage=99.38% | avg_broadcast=100.00%
[DQN] step=7825 | epsilon=0.226 | mean_reward=18.46 | mean_coverage=99.47% | mean_broadcast=100.00% | q_loss=0.1547
    Eval -> avg_reward=18.32 | avg_final_coverage=99.38% | avg_broadcast=100.00%
[DQN] step=7830 | epsilon=0.225 | mean_reward=18.46 | mean_coverage=99.47% | mean_broadcast=100.00% | q_loss=0.2864
    Eval -> avg_reward=17.97 | avg_final_coverage=97.53% | avg_broadcast=100.00%
[DQN] step=7835 | epsilon=0.225 | mean_reward=18.46 | mean_coverage=99.47% | mean_broadcast=100.00% | q_loss=0.5672
    Eval -> avg_reward=17.88 | avg_final_coverage=96.88% | avg_broadcast=100.00%
[DQN] step=7840 | epsilon=0.224 | mean_reward=18.46 | mean_coverage=99.47% | mean_broadcast=100.00% | q_loss=0.9107
    Eval -> avg_reward=17.80 | avg_final_coverage=96.41% | avg_broadcast=100.00%
    Eval -> avg_reward=18.25 | avg_final_coverage=99.47% | avg_broadcast=100.00%
[DQN] step=7845 | epsilon=0.224 | mean_reward=18.36 | mean_coverage=99.31% | mean_broadcast=100.00% | q_loss=0.5983
    Eval -> avg_reward=18.30 | avg_final_coverage=99.40% | avg_broadcast=100.00%
[DQN] step=7850 | epsilon=0.223 | mean_reward=18.36 | mean_coverage=99.31% | mean_broadcast=100.00% | q_loss=0.5698
    Eval -> avg_reward=18.60 | avg_final_coverage=99.49% | avg_broadcast=100.00%
[DQN] step=7855 | epsilon=0.223 | mean_reward=18.36 | mean_coverage=99.31% | mean_broadcast=100.00% | q_loss=0.4017
    Eval -> avg_reward=18.42 | avg_final_coverage=99.15% | avg_broadcast=100.00%
[DQN] step=7860 | epsilon=0.222 | mean_reward=18.36 | mean_coverage=99.31% | mean_broadcast=100.00% | q_loss=0.1753
    Eval -> avg_reward=18.47 | avg_final_coverage=98.88% | avg_broadcast=100.00%
    Eval -> avg_reward=18.56 | avg_final_coverage=99.15% | avg_broadcast=100.00%
[DQN] step=7865 | epsilon=0.222 | mean_reward=18.36 | mean_coverage=99.31% | mean_broadcast=100.00% | q_loss=0.2561
    Eval -> avg_reward=19.96 | avg_final_coverage=99.88% | avg_broadcast=100.00%
[DQN] step=7870 | epsilon=0.221 | mean_reward=18.26 | mean_coverage=98.85% | mean_broadcast=100.00% | q_loss=0.2041
    Eval -> avg_reward=18.62 | avg_final_coverage=99.56% | avg_broadcast=100.00%
[DQN] step=7875 | epsilon=0.221 | mean_reward=18.26 | mean_coverage=98.85% | mean_broadcast=100.00% | q_loss=0.1469
    Eval -> avg_reward=18.93 | avg_final_coverage=99.57% | avg_broadcast=100.00%
[DQN] step=7880 | epsilon=0.220 | mean_reward=18.26 | mean_coverage=98.85% | mean_broadcast=100.00% | q_loss=0.1848
    Eval -> avg_reward=18.39 | avg_final_coverage=99.18% | avg_broadcast=100.00%
    Eval -> avg_reward=18.36 | avg_final_coverage=99.43% | avg_broadcast=100.00%
[DQN] step=7885 | epsilon=0.220 | mean_reward=18.26 | mean_coverage=98.85% | mean_broadcast=100.00% | q_loss=0.1204
    Eval -> avg_reward=19.48 | avg_final_coverage=99.49% | avg_broadcast=100.00%
[DQN] step=7890 | epsilon=0.219 | mean_reward=18.26 | mean_coverage=98.85% | mean_broadcast=100.00% | q_loss=0.1708
    Eval -> avg_reward=18.46 | avg_final_coverage=97.12% | avg_broadcast=100.00%
[DQN] step=7895 | epsilon=0.219 | mean_reward=18.15 | mean_coverage=98.72% | mean_broadcast=100.00% | q_loss=0.1446
    Eval -> avg_reward=18.67 | avg_final_coverage=98.93% | avg_broadcast=100.00%
[DQN] step=7900 | epsilon=0.218 | mean_reward=18.15 | mean_coverage=98.72% | mean_broadcast=100.00% | q_loss=0.0881
    Eval -> avg_reward=18.57 | avg_final_coverage=99.12% | avg_broadcast=100.00%
    Eval -> avg_reward=18.60 | avg_final_coverage=99.09% | avg_broadcast=100.00%
[DQN] step=7905 | epsilon=0.218 | mean_reward=18.15 | mean_coverage=98.72% | mean_broadcast=100.00% | q_loss=0.0973
    Eval -> avg_reward=18.61 | avg_final_coverage=98.85% | avg_broadcast=100.00%
[DQN] step=7910 | epsilon=0.217 | mean_reward=18.15 | mean_coverage=98.72% | mean_broadcast=100.00% | q_loss=0.2253
    Eval -> avg_reward=18.81 | avg_final_coverage=98.82% | avg_broadcast=100.00%
[DQN] step=7915 | epsilon=0.217 | mean_reward=18.15 | mean_coverage=98.72% | mean_broadcast=100.00% | q_loss=0.4222
    Eval -> avg_reward=19.30 | avg_final_coverage=99.60% | avg_broadcast=100.00%
[DQN] step=7920 | epsilon=0.216 | mean_reward=18.15 | mean_coverage=98.49% | mean_broadcast=100.00% | q_loss=0.2912
    Eval -> avg_reward=19.36 | avg_final_coverage=99.51% | avg_broadcast=100.00%
    Eval -> avg_reward=19.01 | avg_final_coverage=99.63% | avg_broadcast=100.00%
[DQN] step=7925 | epsilon=0.216 | mean_reward=18.15 | mean_coverage=98.49% | mean_broadcast=100.00% | q_loss=0.2246
    Eval -> avg_reward=19.71 | avg_final_coverage=99.78% | avg_broadcast=100.00%
[DQN] step=7930 | epsilon=0.215 | mean_reward=18.15 | mean_coverage=98.49% | mean_broadcast=100.00% | q_loss=0.1884
    Eval -> avg_reward=20.54 | avg_final_coverage=99.85% | avg_broadcast=100.00%
[DQN] step=7935 | epsilon=0.215 | mean_reward=18.15 | mean_coverage=98.49% | mean_broadcast=100.00% | q_loss=0.1658
    Eval -> avg_reward=19.13 | avg_final_coverage=99.68% | avg_broadcast=100.00%
[DQN] step=7940 | epsilon=0.214 | mean_reward=18.15 | mean_coverage=98.49% | mean_broadcast=100.00% | q_loss=0.1417
    Eval -> avg_reward=19.56 | avg_final_coverage=99.68% | avg_broadcast=100.00%
    Eval -> avg_reward=18.72 | avg_final_coverage=99.72% | avg_broadcast=100.00%
[DQN] step=7945 | epsilon=0.214 | mean_reward=18.10 | mean_coverage=98.44% | mean_broadcast=100.00% | q_loss=0.1548
    Eval -> avg_reward=18.75 | avg_final_coverage=98.84% | avg_broadcast=100.00%
[DQN] step=7950 | epsilon=0.213 | mean_reward=18.10 | mean_coverage=98.44% | mean_broadcast=100.00% | q_loss=0.1111
    Eval -> avg_reward=16.82 | avg_final_coverage=92.82% | avg_broadcast=100.00%
[DQN] step=7955 | epsilon=0.213 | mean_reward=18.10 | mean_coverage=98.44% | mean_broadcast=100.00% | q_loss=0.1277
    Eval -> avg_reward=18.71 | avg_final_coverage=99.74% | avg_broadcast=100.00%
[DQN] step=7960 | epsilon=0.212 | mean_reward=18.10 | mean_coverage=98.44% | mean_broadcast=100.00% | q_loss=1.3024
    Eval -> avg_reward=18.80 | avg_final_coverage=99.12% | avg_broadcast=100.00%
    Eval -> avg_reward=19.35 | avg_final_coverage=99.50% | avg_broadcast=100.00%
[DQN] step=7965 | epsilon=0.212 | mean_reward=18.10 | mean_coverage=98.44% | mean_broadcast=100.00% | q_loss=0.7705
INFO:     114.242.201.65:0 - "POST /api/simulate/scene HTTP/1.1" 200 OK
    Eval -> avg_reward=18.76 | avg_final_coverage=98.53% | avg_broadcast=100.00%
[DQN] step=7970 | epsilon=0.211 | mean_reward=18.17 | mean_coverage=98.31% | mean_broadcast=100.00% | q_loss=1.0234
    Eval -> avg_reward=18.42 | avg_final_coverage=97.74% | avg_broadcast=100.00%
[DQN] step=7975 | epsilon=0.211 | mean_reward=18.17 | mean_coverage=98.31% | mean_broadcast=100.00% | q_loss=1.0020
    Eval -> avg_reward=19.11 | avg_final_coverage=98.74% | avg_broadcast=100.00%
INFO:     114.242.201.65:0 - "POST /api/simulate/stream HTTP/1.1" 200 OK
[DQN] step=7980 | epsilon=0.210 | mean_reward=18.17 | mean_coverage=98.31% | mean_broadcast=100.00% | q_loss=0.6051
    Eval -> avg_reward=19.65 | avg_final_coverage=98.38% | avg_broadcast=100.00%
INFO:     114.242.201.65:0 - "POST /api/simulate/scene HTTP/1.1" 200 OK
    Eval -> avg_reward=20.05 | avg_final_coverage=99.22% | avg_broadcast=100.00%
[DQN] step=7985 | epsilon=0.210 | mean_reward=18.17 | mean_coverage=98.31% | mean_broadcast=100.00% | q_loss=0.3160
    Eval -> avg_reward=18.17 | avg_final_coverage=96.91% | avg_broadcast=100.00%
[DQN] step=7990 | epsilon=0.209 | mean_reward=18.17 | mean_coverage=98.31% | mean_broadcast=100.00% | q_loss=1.1169
    Eval -> avg_reward=18.46 | avg_final_coverage=98.78% | avg_broadcast=100.00%
[DQN] step=7995 | epsilon=0.209 | mean_reward=18.34 | mean_coverage=98.76% | mean_broadcast=100.00% | q_loss=1.2740
    Eval -> avg_reward=18.45 | avg_final_coverage=97.32% | avg_broadcast=100.00%
[DQN] step=8000 | epsilon=0.208 | mean_reward=18.34 | mean_coverage=98.76% | mean_broadcast=100.00% | q_loss=0.6511
    Eval -> avg_reward=18.82 | avg_final_coverage=98.56% | avg_broadcast=100.00%
    Eval -> avg_reward=17.41 | avg_final_coverage=95.13% | avg_broadcast=100.00%
[DQN] step=8005 | epsilon=0.208 | mean_reward=18.34 | mean_coverage=98.76% | mean_broadcast=100.00% | q_loss=0.8883
    Eval -> avg_reward=16.76 | avg_final_coverage=92.15% | avg_broadcast=100.00%
[DQN] step=8010 | epsilon=0.207 | mean_reward=18.34 | mean_coverage=98.76% | mean_broadcast=100.00% | q_loss=0.7150
    Eval -> avg_reward=18.04 | avg_final_coverage=95.85% | avg_broadcast=100.00%
[DQN] step=8015 | epsilon=0.207 | mean_reward=18.34 | mean_coverage=98.76% | mean_broadcast=100.00% | q_loss=0.5500
    Eval -> avg_reward=19.69 | avg_final_coverage=98.43% | avg_broadcast=100.00%
[DQN] step=8020 | epsilon=0.206 | mean_reward=17.78 | mean_coverage=96.84% | mean_broadcast=100.00% | q_loss=0.2027
    Eval -> avg_reward=20.90 | avg_final_coverage=99.93% | avg_broadcast=100.00%
    Eval -> avg_reward=18.02 | avg_final_coverage=95.74% | avg_broadcast=100.00%
[DQN] step=8025 | epsilon=0.206 | mean_reward=17.78 | mean_coverage=96.84% | mean_broadcast=100.00% | q_loss=0.2644
    Eval -> avg_reward=18.95 | avg_final_coverage=99.19% | avg_broadcast=100.00%
[DQN] step=8030 | epsilon=0.205 | mean_reward=17.78 | mean_coverage=96.84% | mean_broadcast=100.00% | q_loss=0.1385
    Eval -> avg_reward=18.15 | avg_final_coverage=97.31% | avg_broadcast=100.00%
[DQN] step=8035 | epsilon=0.205 | mean_reward=17.78 | mean_coverage=96.84% | mean_broadcast=100.00% | q_loss=0.1702
    Eval -> avg_reward=17.53 | avg_final_coverage=96.41% | avg_broadcast=100.00%
[DQN] step=8040 | epsilon=0.204 | mean_reward=17.78 | mean_coverage=96.84% | mean_broadcast=100.00% | q_loss=0.1511
    Eval -> avg_reward=18.35 | avg_final_coverage=98.22% | avg_broadcast=100.00%
    Eval -> avg_reward=18.51 | avg_final_coverage=97.96% | avg_broadcast=100.00%
[DQN] step=8045 | epsilon=0.204 | mean_reward=17.79 | mean_coverage=97.06% | mean_broadcast=100.00% | q_loss=0.1098
    Eval -> avg_reward=19.45 | avg_final_coverage=99.81% | avg_broadcast=100.00%
[DQN] step=8050 | epsilon=0.203 | mean_reward=17.79 | mean_coverage=97.06% | mean_broadcast=100.00% | q_loss=0.1558
    Eval -> avg_reward=19.19 | avg_final_coverage=99.68% | avg_broadcast=100.00%
[DQN] step=8055 | epsilon=0.203 | mean_reward=17.79 | mean_coverage=97.06% | mean_broadcast=100.00% | q_loss=0.1723
    Eval -> avg_reward=19.50 | avg_final_coverage=99.31% | avg_broadcast=100.00%
[DQN] step=8060 | epsilon=0.202 | mean_reward=17.79 | mean_coverage=97.06% | mean_broadcast=100.00% | q_loss=0.1134
    Eval -> avg_reward=20.64 | avg_final_coverage=99.84% | avg_broadcast=100.00%
    Eval -> avg_reward=19.06 | avg_final_coverage=99.78% | avg_broadcast=100.00%
[DQN] step=8065 | epsilon=0.202 | mean_reward=17.79 | mean_coverage=97.06% | mean_broadcast=100.00% | q_loss=0.1482
    Eval -> avg_reward=18.59 | avg_final_coverage=98.85% | avg_broadcast=100.00%
[DQN] step=8070 | epsilon=0.202 | mean_reward=17.87 | mean_coverage=97.19% | mean_broadcast=100.00% | q_loss=0.1036
    Eval -> avg_reward=19.56 | avg_final_coverage=99.69% | avg_broadcast=100.00%
[DQN] step=8075 | epsilon=0.201 | mean_reward=17.87 | mean_coverage=97.19% | mean_broadcast=100.00% | q_loss=0.0905
    Eval -> avg_reward=18.82 | avg_final_coverage=99.54% | avg_broadcast=100.00%
[DQN] step=8080 | epsilon=0.201 | mean_reward=17.87 | mean_coverage=97.19% | mean_broadcast=100.00% | q_loss=0.0902
    Eval -> avg_reward=18.76 | avg_final_coverage=98.35% | avg_broadcast=100.00%
    Eval -> avg_reward=18.41 | avg_final_coverage=98.74% | avg_broadcast=100.00%
[DQN] step=8085 | epsilon=0.200 | mean_reward=17.87 | mean_coverage=97.19% | mean_broadcast=100.00% | q_loss=0.1023
    Eval -> avg_reward=18.17 | avg_final_coverage=97.44% | avg_broadcast=100.00%
[DQN] step=8090 | epsilon=0.200 | mean_reward=17.87 | mean_coverage=97.19% | mean_broadcast=100.00% | q_loss=0.4093
    Eval -> avg_reward=18.67 | avg_final_coverage=99.04% | avg_broadcast=100.00%
[DQN] step=8095 | epsilon=0.199 | mean_reward=17.89 | mean_coverage=97.32% | mean_broadcast=100.00% | q_loss=0.4411
    Eval -> avg_reward=18.62 | avg_final_coverage=99.00% | avg_broadcast=100.00%
[DQN] step=8100 | epsilon=0.199 | mean_reward=17.89 | mean_coverage=97.32% | mean_broadcast=100.00% | q_loss=0.2512
    Eval -> avg_reward=18.79 | avg_final_coverage=99.37% | avg_broadcast=100.00%
    Eval -> avg_reward=18.94 | avg_final_coverage=98.94% | avg_broadcast=100.00%
[DQN] step=8105 | epsilon=0.198 | mean_reward=17.89 | mean_coverage=97.32% | mean_broadcast=100.00% | q_loss=0.1634
    Eval -> avg_reward=19.29 | avg_final_coverage=99.47% | avg_broadcast=100.00%
[DQN] step=8110 | epsilon=0.198 | mean_reward=17.89 | mean_coverage=97.32% | mean_broadcast=100.00% | q_loss=0.1841
    Eval -> avg_reward=19.46 | avg_final_coverage=99.18% | avg_broadcast=100.00%
[DQN] step=8115 | epsilon=0.197 | mean_reward=17.89 | mean_coverage=97.32% | mean_broadcast=100.00% | q_loss=0.3429
    Eval -> avg_reward=18.70 | avg_final_coverage=98.72% | avg_broadcast=100.00%
[DQN] step=8120 | epsilon=0.197 | mean_reward=17.86 | mean_coverage=96.91% | mean_broadcast=100.00% | q_loss=0.2374
    Eval -> avg_reward=19.65 | avg_final_coverage=99.03% | avg_broadcast=100.00%
    Eval -> avg_reward=18.63 | avg_final_coverage=98.46% | avg_broadcast=100.00%
[DQN] step=8125 | epsilon=0.196 | mean_reward=17.86 | mean_coverage=96.91% | mean_broadcast=100.00% | q_loss=0.2452
    Eval -> avg_reward=19.49 | avg_final_coverage=99.18% | avg_broadcast=100.00%
[DQN] step=8130 | epsilon=0.196 | mean_reward=17.86 | mean_coverage=96.91% | mean_broadcast=100.00% | q_loss=0.3083
    Eval -> avg_reward=18.75 | avg_final_coverage=99.34% | avg_broadcast=100.00%
[DQN] step=8135 | epsilon=0.195 | mean_reward=17.86 | mean_coverage=96.91% | mean_broadcast=100.00% | q_loss=0.2768
    Eval -> avg_reward=19.11 | avg_final_coverage=99.49% | avg_broadcast=100.00%
[DQN] step=8140 | epsilon=0.195 | mean_reward=17.86 | mean_coverage=96.91% | mean_broadcast=100.00% | q_loss=0.2743
    Eval -> avg_reward=18.74 | avg_final_coverage=99.38% | avg_broadcast=100.00%
    Eval -> avg_reward=18.72 | avg_final_coverage=97.91% | avg_broadcast=100.00%
[DQN] step=8145 | epsilon=0.194 | mean_reward=18.47 | mean_coverage=98.78% | mean_broadcast=100.00% | q_loss=0.2370
    Eval -> avg_reward=18.59 | avg_final_coverage=98.96% | avg_broadcast=100.00%
[DQN] step=8150 | epsilon=0.194 | mean_reward=18.47 | mean_coverage=98.78% | mean_broadcast=100.00% | q_loss=0.1671
    Eval -> avg_reward=18.16 | avg_final_coverage=97.63% | avg_broadcast=100.00%
[DQN] step=8155 | epsilon=0.193 | mean_reward=18.47 | mean_coverage=98.78% | mean_broadcast=100.00% | q_loss=0.1521
    Eval -> avg_reward=18.01 | avg_final_coverage=96.74% | avg_broadcast=100.00%
[DQN] step=8160 | epsilon=0.193 | mean_reward=18.47 | mean_coverage=98.78% | mean_broadcast=100.00% | q_loss=0.3678
    Eval -> avg_reward=18.52 | avg_final_coverage=98.54% | avg_broadcast=100.00%
    Eval -> avg_reward=18.21 | avg_final_coverage=97.62% | avg_broadcast=100.00%
[DQN] step=8165 | epsilon=0.192 | mean_reward=18.47 | mean_coverage=98.78% | mean_broadcast=100.00% | q_loss=0.3195
    Eval -> avg_reward=18.16 | avg_final_coverage=98.31% | avg_broadcast=100.00%
[DQN] step=8170 | epsilon=0.192 | mean_reward=18.44 | mean_coverage=98.60% | mean_broadcast=100.00% | q_loss=0.3612
    Eval -> avg_reward=18.00 | avg_final_coverage=97.07% | avg_broadcast=100.00%
[DQN] step=8175 | epsilon=0.191 | mean_reward=18.44 | mean_coverage=98.60% | mean_broadcast=100.00% | q_loss=0.1851
    Eval -> avg_reward=18.13 | avg_final_coverage=98.19% | avg_broadcast=100.00%
[DQN] step=8180 | epsilon=0.191 | mean_reward=18.44 | mean_coverage=98.60% | mean_broadcast=100.00% | q_loss=0.1907
    Eval -> avg_reward=18.11 | avg_final_coverage=98.19% | avg_broadcast=100.00%
    Eval -> avg_reward=17.91 | avg_final_coverage=97.87% | avg_broadcast=100.00%
[DQN] step=8185 | epsilon=0.190 | mean_reward=18.44 | mean_coverage=98.60% | mean_broadcast=100.00% | q_loss=0.1740
    Eval -> avg_reward=18.17 | avg_final_coverage=97.81% | avg_broadcast=100.00%
[DQN] step=8190 | epsilon=0.190 | mean_reward=18.44 | mean_coverage=98.60% | mean_broadcast=100.00% | q_loss=0.1379
    Eval -> avg_reward=18.38 | avg_final_coverage=98.56% | avg_broadcast=100.00%
[DQN] step=8195 | epsilon=0.189 | mean_reward=18.40 | mean_coverage=98.44% | mean_broadcast=100.00% | q_loss=0.1208
    Eval -> avg_reward=18.47 | avg_final_coverage=98.81% | avg_broadcast=100.00%
[DQN] step=8200 | epsilon=0.189 | mean_reward=18.40 | mean_coverage=98.44% | mean_broadcast=100.00% | q_loss=0.1001
    Eval -> avg_reward=17.91 | avg_final_coverage=95.79% | avg_broadcast=100.00%
    Eval -> avg_reward=18.16 | avg_final_coverage=96.66% | avg_broadcast=100.00%
[DQN] step=8205 | epsilon=0.188 | mean_reward=18.40 | mean_coverage=98.44% | mean_broadcast=100.00% | q_loss=0.0896
    Eval -> avg_reward=18.36 | avg_final_coverage=97.94% | avg_broadcast=100.00%
[DQN] step=8210 | epsilon=0.188 | mean_reward=18.40 | mean_coverage=98.44% | mean_broadcast=100.00% | q_loss=0.0798
    Eval -> avg_reward=18.39 | avg_final_coverage=97.96% | avg_broadcast=100.00%
[DQN] step=8215 | epsilon=0.187 | mean_reward=18.40 | mean_coverage=98.44% | mean_broadcast=100.00% | q_loss=0.0921
    Eval -> avg_reward=18.77 | avg_final_coverage=98.97% | avg_broadcast=100.00%
[DQN] step=8220 | epsilon=0.187 | mean_reward=18.30 | mean_coverage=98.35% | mean_broadcast=100.00% | q_loss=0.0831
    Eval -> avg_reward=19.12 | avg_final_coverage=99.82% | avg_broadcast=100.00%
    Eval -> avg_reward=18.85 | avg_final_coverage=99.65% | avg_broadcast=100.00%
[DQN] step=8225 | epsilon=0.186 | mean_reward=18.30 | mean_coverage=98.35% | mean_broadcast=100.00% | q_loss=0.5140
    Eval -> avg_reward=19.30 | avg_final_coverage=99.78% | avg_broadcast=100.00%
[DQN] step=8230 | epsilon=0.186 | mean_reward=18.30 | mean_coverage=98.35% | mean_broadcast=100.00% | q_loss=0.2715
    Eval -> avg_reward=20.35 | avg_final_coverage=99.84% | avg_broadcast=100.00%
[DQN] step=8235 | epsilon=0.185 | mean_reward=18.30 | mean_coverage=98.35% | mean_broadcast=100.00% | q_loss=0.2230
    Eval -> avg_reward=19.70 | avg_final_coverage=99.75% | avg_broadcast=100.00%
[DQN] step=8240 | epsilon=0.185 | mean_reward=18.30 | mean_coverage=98.35% | mean_broadcast=100.00% | q_loss=0.2646
    Eval -> avg_reward=18.84 | avg_final_coverage=99.15% | avg_broadcast=100.00%
    Eval -> avg_reward=18.86 | avg_final_coverage=99.13% | avg_broadcast=100.00%
[DQN] step=8245 | epsilon=0.184 | mean_reward=18.39 | mean_coverage=98.63% | mean_broadcast=100.00% | q_loss=0.1665
    Eval -> avg_reward=18.85 | avg_final_coverage=99.10% | avg_broadcast=100.00%
[DQN] step=8250 | epsilon=0.184 | mean_reward=18.39 | mean_coverage=98.63% | mean_broadcast=100.00% | q_loss=0.1851
    Eval -> avg_reward=18.68 | avg_final_coverage=98.59% | avg_broadcast=100.00%
[DQN] step=8255 | epsilon=0.183 | mean_reward=18.39 | mean_coverage=98.63% | mean_broadcast=100.00% | q_loss=0.1716
INFO:     114.242.201.65:0 - "POST /api/simulate/scene HTTP/1.1" 200 OK
    Eval -> avg_reward=18.55 | avg_final_coverage=98.38% | avg_broadcast=100.00%
[DQN] step=8260 | epsilon=0.183 | mean_reward=18.39 | mean_coverage=98.63% | mean_broadcast=100.00% | q_loss=0.1032
    Eval -> avg_reward=18.90 | avg_final_coverage=98.69% | avg_broadcast=100.00%
    Eval -> avg_reward=18.90 | avg_final_coverage=98.87% | avg_broadcast=100.00%
[DQN] step=8265 | epsilon=0.182 | mean_reward=18.39 | mean_coverage=98.63% | mean_broadcast=100.00% | q_loss=0.1349
INFO:     114.242.201.65:0 - "POST /api/simulate/stream HTTP/1.1" 200 OK
    Eval -> avg_reward=19.27 | avg_final_coverage=99.62% | avg_broadcast=100.00%
[DQN] step=8270 | epsilon=0.182 | mean_reward=18.46 | mean_coverage=98.84% | mean_broadcast=100.00% | q_loss=0.2590
INFO:     114.242.201.65:0 - "POST /api/simulate/scene HTTP/1.1" 200 OK
    Eval -> avg_reward=19.26 | avg_final_coverage=99.71% | avg_broadcast=100.00%
[DQN] step=8275 | epsilon=0.181 | mean_reward=18.46 | mean_coverage=98.84% | mean_broadcast=100.00% | q_loss=0.1679
    Eval -> avg_reward=19.17 | avg_final_coverage=99.54% | avg_broadcast=100.00%
[DQN] step=8280 | epsilon=0.181 | mean_reward=18.46 | mean_coverage=98.84% | mean_broadcast=100.00% | q_loss=0.1289
    Eval -> avg_reward=19.13 | avg_final_coverage=99.34% | avg_broadcast=100.00%
    Eval -> avg_reward=19.32 | avg_final_coverage=99.43% | avg_broadcast=100.00%
[DQN] step=8285 | epsilon=0.180 | mean_reward=18.46 | mean_coverage=98.84% | mean_broadcast=100.00% | q_loss=0.1402
    Eval -> avg_reward=19.71 | avg_final_coverage=99.78% | avg_broadcast=100.00%
[DQN] step=8290 | epsilon=0.180 | mean_reward=18.46 | mean_coverage=98.84% | mean_broadcast=100.00% | q_loss=0.0861
    Eval -> avg_reward=19.29 | avg_final_coverage=99.81% | avg_broadcast=100.00%
[DQN] step=8295 | epsilon=0.179 | mean_reward=18.62 | mean_coverage=99.12% | mean_broadcast=100.00% | q_loss=0.1168
    Eval -> avg_reward=19.85 | avg_final_coverage=99.59% | avg_broadcast=100.00%
[DQN] step=8300 | epsilon=0.179 | mean_reward=18.62 | mean_coverage=99.12% | mean_broadcast=100.00% | q_loss=0.1333
    Eval -> avg_reward=19.34 | avg_final_coverage=99.74% | avg_broadcast=100.00%
    Eval -> avg_reward=19.97 | avg_final_coverage=99.87% | avg_broadcast=100.00%
[DQN] step=8305 | epsilon=0.178 | mean_reward=18.62 | mean_coverage=99.12% | mean_broadcast=100.00% | q_loss=0.1337
    Eval -> avg_reward=20.70 | avg_final_coverage=99.87% | avg_broadcast=100.00%
[DQN] step=8310 | epsilon=0.178 | mean_reward=18.62 | mean_coverage=99.12% | mean_broadcast=100.00% | q_loss=0.1292
    Eval -> avg_reward=19.48 | avg_final_coverage=99.78% | avg_broadcast=100.00%
[DQN] step=8315 | epsilon=0.177 | mean_reward=18.62 | mean_coverage=99.12% | mean_broadcast=100.00% | q_loss=0.1043
    Eval -> avg_reward=20.67 | avg_final_coverage=99.93% | avg_broadcast=100.00%
[DQN] step=8320 | epsilon=0.177 | mean_reward=18.67 | mean_coverage=99.29% | mean_broadcast=100.00% | q_loss=0.1431
    Eval -> avg_reward=20.15 | avg_final_coverage=99.87% | avg_broadcast=100.00%
    Eval -> avg_reward=19.96 | avg_final_coverage=99.91% | avg_broadcast=100.00%
[DQN] step=8325 | epsilon=0.176 | mean_reward=18.67 | mean_coverage=99.29% | mean_broadcast=100.00% | q_loss=0.1159
    Eval -> avg_reward=19.84 | avg_final_coverage=99.44% | avg_broadcast=100.00%
[DQN] step=8330 | epsilon=0.176 | mean_reward=18.67 | mean_coverage=99.29% | mean_broadcast=100.00% | q_loss=0.0988
    Eval -> avg_reward=18.26 | avg_final_coverage=97.46% | avg_broadcast=100.00%
[DQN] step=8335 | epsilon=0.175 | mean_reward=18.67 | mean_coverage=99.29% | mean_broadcast=100.00% | q_loss=0.1372
    Eval -> avg_reward=20.52 | avg_final_coverage=99.91% | avg_broadcast=100.00%
[DQN] step=8340 | epsilon=0.175 | mean_reward=18.67 | mean_coverage=99.29% | mean_broadcast=100.00% | q_loss=0.1144
    Eval -> avg_reward=20.75 | avg_final_coverage=99.85% | avg_broadcast=100.00%
    Eval -> avg_reward=18.62 | avg_final_coverage=98.71% | avg_broadcast=100.00%
[DQN] step=8345 | epsilon=0.174 | mean_reward=18.90 | mean_coverage=99.38% | mean_broadcast=100.00% | q_loss=0.1525
    Eval -> avg_reward=19.16 | avg_final_coverage=99.78% | avg_broadcast=100.00%
[DQN] step=8350 | epsilon=0.174 | mean_reward=18.90 | mean_coverage=99.38% | mean_broadcast=100.00% | q_loss=0.1344
    Eval -> avg_reward=18.75 | avg_final_coverage=97.93% | avg_broadcast=100.00%
[DQN] step=8355 | epsilon=0.173 | mean_reward=18.90 | mean_coverage=99.38% | mean_broadcast=100.00% | q_loss=0.0974
    Eval -> avg_reward=18.98 | avg_final_coverage=99.07% | avg_broadcast=100.00%
[DQN] step=8360 | epsilon=0.173 | mean_reward=18.90 | mean_coverage=99.38% | mean_broadcast=100.00% | q_loss=0.1041
    Eval -> avg_reward=18.40 | avg_final_coverage=98.81% | avg_broadcast=100.00%
    Eval -> avg_reward=18.94 | avg_final_coverage=99.28% | avg_broadcast=100.00%
[DQN] step=8365 | epsilon=0.172 | mean_reward=19.26 | mean_coverage=99.54% | mean_broadcast=100.00% | q_loss=0.1236
    Eval -> avg_reward=19.64 | avg_final_coverage=99.19% | avg_broadcast=100.00%
[DQN] step=8370 | epsilon=0.172 | mean_reward=19.26 | mean_coverage=99.54% | mean_broadcast=100.00% | q_loss=0.0996
    Eval -> avg_reward=21.02 | avg_final_coverage=99.97% | avg_broadcast=100.00%
[DQN] step=8375 | epsilon=0.171 | mean_reward=19.26 | mean_coverage=99.54% | mean_broadcast=100.00% | q_loss=0.0929
    Eval -> avg_reward=18.12 | avg_final_coverage=98.74% | avg_broadcast=100.00%
[DQN] step=8380 | epsilon=0.171 | mean_reward=19.26 | mean_coverage=99.54% | mean_broadcast=100.00% | q_loss=0.0938
    Eval -> avg_reward=18.33 | avg_final_coverage=99.34% | avg_broadcast=100.00%
    Eval -> avg_reward=18.45 | avg_final_coverage=99.29% | avg_broadcast=100.00%
[DQN] step=8385 | epsilon=0.170 | mean_reward=19.26 | mean_coverage=99.54% | mean_broadcast=100.00% | q_loss=0.0655
    Eval -> avg_reward=18.02 | avg_final_coverage=98.53% | avg_broadcast=100.00%
[DQN] step=8390 | epsilon=0.170 | mean_reward=19.17 | mean_coverage=99.46% | mean_broadcast=100.00% | q_loss=0.0846
    Eval -> avg_reward=19.62 | avg_final_coverage=99.59% | avg_broadcast=100.00%
[DQN] step=8395 | epsilon=0.169 | mean_reward=19.17 | mean_coverage=99.46% | mean_broadcast=100.00% | q_loss=0.1212
    Eval -> avg_reward=18.72 | avg_final_coverage=99.71% | avg_broadcast=100.00%
[DQN] step=8400 | epsilon=0.169 | mean_reward=19.17 | mean_coverage=99.46% | mean_broadcast=100.00% | q_loss=0.0875
    Eval -> avg_reward=20.29 | avg_final_coverage=99.88% | avg_broadcast=100.00%
    Eval -> avg_reward=21.05 | avg_final_coverage=99.96% | avg_broadcast=100.00%
[DQN] step=8405 | epsilon=0.168 | mean_reward=19.17 | mean_coverage=99.46% | mean_broadcast=100.00% | q_loss=0.0933
    Eval -> avg_reward=21.47 | avg_final_coverage=99.99% | avg_broadcast=100.00%
[DQN] step=8410 | epsilon=0.168 | mean_reward=19.17 | mean_coverage=99.46% | mean_broadcast=100.00% | q_loss=0.0987
    Eval -> avg_reward=21.65 | avg_final_coverage=100.00% | avg_broadcast=100.00%
[DQN] step=8415 | epsilon=0.167 | mean_reward=19.08 | mean_coverage=99.49% | mean_broadcast=100.00% | q_loss=0.1331
    Eval -> avg_reward=21.54 | avg_final_coverage=99.96% | avg_broadcast=100.00%
[DQN] step=8420 | epsilon=0.167 | mean_reward=19.08 | mean_coverage=99.49% | mean_broadcast=100.00% | q_loss=0.0897
    Eval -> avg_reward=21.59 | avg_final_coverage=99.96% | avg_broadcast=100.00%
    Eval -> avg_reward=19.89 | avg_final_coverage=99.62% | avg_broadcast=100.00%
[DQN] step=8425 | epsilon=0.166 | mean_reward=19.08 | mean_coverage=99.49% | mean_broadcast=100.00% | q_loss=0.0814
    Eval -> avg_reward=19.96 | avg_final_coverage=99.90% | avg_broadcast=100.00%
[DQN] step=8430 | epsilon=0.166 | mean_reward=19.08 | mean_coverage=99.49% | mean_broadcast=100.00% | q_loss=0.0672
    Eval -> avg_reward=20.06 | avg_final_coverage=99.90% | avg_broadcast=100.00%
[DQN] step=8435 | epsilon=0.165 | mean_reward=19.08 | mean_coverage=99.49% | mean_broadcast=100.00% | q_loss=0.0817
    Eval -> avg_reward=18.33 | avg_final_coverage=99.54% | avg_broadcast=100.00%
[DQN] step=8440 | epsilon=0.165 | mean_reward=19.50 | mean_coverage=99.59% | mean_broadcast=100.00% | q_loss=0.0645
    Eval -> avg_reward=18.33 | avg_final_coverage=99.50% | avg_broadcast=100.00%
    Eval -> avg_reward=18.62 | avg_final_coverage=99.53% | avg_broadcast=100.00%
[DQN] step=8445 | epsilon=0.164 | mean_reward=19.50 | mean_coverage=99.59% | mean_broadcast=100.00% | q_loss=0.0838
    Eval -> avg_reward=19.77 | avg_final_coverage=99.91% | avg_broadcast=100.00%
[DQN] step=8450 | epsilon=0.164 | mean_reward=19.50 | mean_coverage=99.59% | mean_broadcast=100.00% | q_loss=0.0847
    Eval -> avg_reward=19.00 | avg_final_coverage=99.25% | avg_broadcast=100.00%
[DQN] step=8455 | epsilon=0.163 | mean_reward=19.50 | mean_coverage=99.59% | mean_broadcast=100.00% | q_loss=0.0692
    Eval -> avg_reward=19.25 | avg_final_coverage=99.72% | avg_broadcast=100.00%
[DQN] step=8460 | epsilon=0.163 | mean_reward=19.50 | mean_coverage=99.59% | mean_broadcast=100.00% | q_loss=0.0685
    Eval -> avg_reward=18.72 | avg_final_coverage=99.18% | avg_broadcast=100.00%
    Eval -> avg_reward=19.44 | avg_final_coverage=99.40% | avg_broadcast=100.00%
[DQN] step=8465 | epsilon=0.162 | mean_reward=19.46 | mean_coverage=99.76% | mean_broadcast=100.00% | q_loss=0.0713
    Eval -> avg_reward=19.63 | avg_final_coverage=99.47% | avg_broadcast=100.00%
[DQN] step=8470 | epsilon=0.162 | mean_reward=19.46 | mean_coverage=99.76% | mean_broadcast=100.00% | q_loss=0.0660
    Eval -> avg_reward=19.42 | avg_final_coverage=99.35% | avg_broadcast=100.00%
[DQN] step=8475 | epsilon=0.161 | mean_reward=19.46 | mean_coverage=99.76% | mean_broadcast=100.00% | q_loss=0.1716
    Eval -> avg_reward=19.91 | avg_final_coverage=99.68% | avg_broadcast=100.00%
[DQN] step=8480 | epsilon=0.161 | mean_reward=19.46 | mean_coverage=99.76% | mean_broadcast=100.00% | q_loss=1.5536
    Eval -> avg_reward=20.01 | avg_final_coverage=99.82% | avg_broadcast=100.00%
    Eval -> avg_reward=18.90 | avg_final_coverage=99.15% | avg_broadcast=100.00%
[DQN] step=8485 | epsilon=0.160 | mean_reward=19.46 | mean_coverage=99.76% | mean_broadcast=100.00% | q_loss=1.2843
    Eval -> avg_reward=18.83 | avg_final_coverage=98.91% | avg_broadcast=100.00%
[DQN] step=8490 | epsilon=0.160 | mean_reward=19.07 | mean_coverage=99.68% | mean_broadcast=100.00% | q_loss=1.2040
    Eval -> avg_reward=18.85 | avg_final_coverage=98.76% | avg_broadcast=100.00%
[DQN] step=8495 | epsilon=0.159 | mean_reward=19.07 | mean_coverage=99.68% | mean_broadcast=100.00% | q_loss=0.5785
    Eval -> avg_reward=19.45 | avg_final_coverage=99.49% | avg_broadcast=100.00%
[DQN] step=8500 | epsilon=0.159 | mean_reward=19.07 | mean_coverage=99.68% | mean_broadcast=100.00% | q_loss=0.6954
    Eval -> avg_reward=18.18 | avg_final_coverage=98.59% | avg_broadcast=100.00%
    Eval -> avg_reward=18.91 | avg_final_coverage=99.04% | avg_broadcast=100.00%
[DQN] step=8505 | epsilon=0.158 | mean_reward=19.07 | mean_coverage=99.68% | mean_broadcast=100.00% | q_loss=0.9818
    Eval -> avg_reward=18.79 | avg_final_coverage=98.71% | avg_broadcast=100.00%
[DQN] step=8510 | epsilon=0.158 | mean_reward=19.07 | mean_coverage=99.68% | mean_broadcast=100.00% | q_loss=1.4027
    Eval -> avg_reward=19.45 | avg_final_coverage=99.46% | avg_broadcast=100.00%
[DQN] step=8515 | epsilon=0.157 | mean_reward=19.15 | mean_coverage=99.65% | mean_broadcast=100.00% | q_loss=0.9430
    Eval -> avg_reward=18.94 | avg_final_coverage=99.46% | avg_broadcast=100.00%
[DQN] step=8520 | epsilon=0.157 | mean_reward=19.15 | mean_coverage=99.65% | mean_broadcast=100.00% | q_loss=0.7026
    Eval -> avg_reward=19.16 | avg_final_coverage=99.60% | avg_broadcast=100.00%
    Eval -> avg_reward=18.74 | avg_final_coverage=99.51% | avg_broadcast=100.00%
[DQN] step=8525 | epsilon=0.156 | mean_reward=19.15 | mean_coverage=99.65% | mean_broadcast=100.00% | q_loss=0.6348
    Eval -> avg_reward=18.96 | avg_final_coverage=99.78% | avg_broadcast=100.00%
[DQN] step=8530 | epsilon=0.156 | mean_reward=19.15 | mean_coverage=99.65% | mean_broadcast=100.00% | q_loss=0.5333
    Eval -> avg_reward=18.78 | avg_final_coverage=99.56% | avg_broadcast=100.00%
[DQN] step=8535 | epsilon=0.155 | mean_reward=19.15 | mean_coverage=99.65% | mean_broadcast=100.00% | q_loss=0.3146
    Eval -> avg_reward=18.11 | avg_final_coverage=97.50% | avg_broadcast=100.00%
[DQN] step=8540 | epsilon=0.155 | mean_reward=19.02 | mean_coverage=99.40% | mean_broadcast=100.00% | q_loss=0.3574
    Eval -> avg_reward=18.02 | avg_final_coverage=97.19% | avg_broadcast=100.00%
    Eval -> avg_reward=18.58 | avg_final_coverage=99.09% | avg_broadcast=100.00%
[DQN] step=8545 | epsilon=0.155 | mean_reward=19.02 | mean_coverage=99.40% | mean_broadcast=100.00% | q_loss=0.3180
    Eval -> avg_reward=18.22 | avg_final_coverage=97.44% | avg_broadcast=100.00%
[DQN] step=8550 | epsilon=0.154 | mean_reward=19.02 | mean_coverage=99.40% | mean_broadcast=100.00% | q_loss=0.2824
    Eval -> avg_reward=18.24 | avg_final_coverage=97.50% | avg_broadcast=100.00%
[DQN] step=8555 | epsilon=0.154 | mean_reward=19.02 | mean_coverage=99.40% | mean_broadcast=100.00% | q_loss=0.2111
    Eval -> avg_reward=18.64 | avg_final_coverage=98.90% | avg_broadcast=100.00%
[DQN] step=8560 | epsilon=0.153 | mean_reward=19.02 | mean_coverage=99.40% | mean_broadcast=100.00% | q_loss=0.2075
    Eval -> avg_reward=18.83 | avg_final_coverage=99.18% | avg_broadcast=100.00%
    Eval -> avg_reward=19.00 | avg_final_coverage=99.22% | avg_broadcast=100.00%
[DQN] step=8565 | epsilon=0.153 | mean_reward=18.63 | mean_coverage=99.19% | mean_broadcast=100.00% | q_loss=0.1978
    Eval -> avg_reward=18.89 | avg_final_coverage=99.06% | avg_broadcast=100.00%
[DQN] step=8570 | epsilon=0.152 | mean_reward=18.63 | mean_coverage=99.19% | mean_broadcast=100.00% | q_loss=0.1950
    Eval -> avg_reward=18.85 | avg_final_coverage=99.19% | avg_broadcast=100.00%
[DQN] step=8575 | epsilon=0.152 | mean_reward=18.63 | mean_coverage=99.19% | mean_broadcast=100.00% | q_loss=0.1924
    Eval -> avg_reward=18.75 | avg_final_coverage=99.26% | avg_broadcast=100.00%
[DQN] step=8580 | epsilon=0.151 | mean_reward=18.63 | mean_coverage=99.19% | mean_broadcast=100.00% | q_loss=0.1804
    Eval -> avg_reward=18.95 | avg_final_coverage=99.31% | avg_broadcast=100.00%
    Eval -> avg_reward=18.91 | avg_final_coverage=99.41% | avg_broadcast=100.00%
[DQN] step=8585 | epsilon=0.151 | mean_reward=18.63 | mean_coverage=99.19% | mean_broadcast=100.00% | q_loss=0.1594
    Eval -> avg_reward=18.92 | avg_final_coverage=99.10% | avg_broadcast=100.00%
[DQN] step=8590 | epsilon=0.150 | mean_reward=18.53 | mean_coverage=98.96% | mean_broadcast=100.00% | q_loss=0.1344
    Eval -> avg_reward=19.00 | avg_final_coverage=99.18% | avg_broadcast=100.00%
INFO:     1.202.219.84:0 - "POST /api/simulate/scene HTTP/1.1" 200 OK
[DQN] step=8595 | epsilon=0.150 | mean_reward=18.53 | mean_coverage=98.96% | mean_broadcast=100.00% | q_loss=0.3053
    Eval -> avg_reward=19.32 | avg_final_coverage=99.62% | avg_broadcast=100.00%
[DQN] step=8600 | epsilon=0.149 | mean_reward=18.53 | mean_coverage=98.96% | mean_broadcast=100.00% | q_loss=0.2430
    Eval -> avg_reward=18.86 | avg_final_coverage=99.51% | avg_broadcast=100.00%
    Eval -> avg_reward=20.15 | avg_final_coverage=99.88% | avg_broadcast=100.00%
[DQN] step=8605 | epsilon=0.149 | mean_reward=18.53 | mean_coverage=98.96% | mean_broadcast=100.00% | q_loss=0.3216
    Eval -> avg_reward=20.06 | avg_final_coverage=99.85% | avg_broadcast=100.00%
[DQN] step=8610 | epsilon=0.148 | mean_reward=18.53 | mean_coverage=98.96% | mean_broadcast=100.00% | q_loss=0.3965
    Eval -> avg_reward=18.95 | avg_final_coverage=99.37% | avg_broadcast=100.00%
[DQN] step=8615 | epsilon=0.148 | mean_reward=18.60 | mean_coverage=98.97% | mean_broadcast=100.00% | q_loss=0.3536
    Eval -> avg_reward=19.37 | avg_final_coverage=99.66% | avg_broadcast=100.00%
[DQN] step=8620 | epsilon=0.147 | mean_reward=18.60 | mean_coverage=98.97% | mean_broadcast=100.00% | q_loss=0.2204
    Eval -> avg_reward=19.00 | avg_final_coverage=99.29% | avg_broadcast=100.00%
    Eval -> avg_reward=18.99 | avg_final_coverage=99.21% | avg_broadcast=100.00%
[DQN] step=8625 | epsilon=0.147 | mean_reward=18.60 | mean_coverage=98.97% | mean_broadcast=100.00% | q_loss=0.2484
    Eval -> avg_reward=19.02 | avg_final_coverage=99.25% | avg_broadcast=100.00%
[DQN] step=8630 | epsilon=0.146 | mean_reward=18.60 | mean_coverage=98.97% | mean_broadcast=100.00% | q_loss=0.1854
    Eval -> avg_reward=19.12 | avg_final_coverage=99.19% | avg_broadcast=100.00%
[DQN] step=8635 | epsilon=0.146 | mean_reward=18.60 | mean_coverage=98.97% | mean_broadcast=100.00% | q_loss=0.2093
    Eval -> avg_reward=19.04 | avg_final_coverage=98.59% | avg_broadcast=100.00%
[DQN] step=8640 | epsilon=0.145 | mean_reward=18.61 | mean_coverage=98.82% | mean_broadcast=100.00% | q_loss=0.2630
    Eval -> avg_reward=19.05 | avg_final_coverage=98.69% | avg_broadcast=100.00%
    Eval -> avg_reward=19.04 | avg_final_coverage=99.24% | avg_broadcast=100.00%
[DQN] step=8645 | epsilon=0.145 | mean_reward=18.61 | mean_coverage=98.82% | mean_broadcast=100.00% | q_loss=0.1542
    Eval -> avg_reward=19.14 | avg_final_coverage=99.43% | avg_broadcast=100.00%
[DQN] step=8650 | epsilon=0.144 | mean_reward=18.61 | mean_coverage=98.82% | mean_broadcast=100.00% | q_loss=0.5052
    Eval -> avg_reward=19.47 | avg_final_coverage=99.60% | avg_broadcast=100.00%
[DQN] step=8655 | epsilon=0.144 | mean_reward=18.61 | mean_coverage=98.82% | mean_broadcast=100.00% | q_loss=0.2934
    Eval -> avg_reward=18.95 | avg_final_coverage=99.07% | avg_broadcast=100.00%
[DQN] step=8660 | epsilon=0.143 | mean_reward=18.61 | mean_coverage=98.82% | mean_broadcast=100.00% | q_loss=0.5745
    Eval -> avg_reward=18.68 | avg_final_coverage=98.68% | avg_broadcast=100.00%
    Eval -> avg_reward=18.75 | avg_final_coverage=99.31% | avg_broadcast=100.00%
[DQN] step=8665 | epsilon=0.143 | mean_reward=18.80 | mean_coverage=99.06% | mean_broadcast=100.00% | q_loss=0.2735
    Eval -> avg_reward=18.97 | avg_final_coverage=99.34% | avg_broadcast=100.00%
[DQN] step=8670 | epsilon=0.142 | mean_reward=18.80 | mean_coverage=99.06% | mean_broadcast=100.00% | q_loss=0.1702
    Eval -> avg_reward=18.56 | avg_final_coverage=98.66% | avg_broadcast=100.00%
[DQN] step=8675 | epsilon=0.142 | mean_reward=18.80 | mean_coverage=99.06% | mean_broadcast=100.00% | q_loss=0.1929
    Eval -> avg_reward=18.16 | avg_final_coverage=97.81% | avg_broadcast=100.00%
[DQN] step=8680 | epsilon=0.141 | mean_reward=18.80 | mean_coverage=99.06% | mean_broadcast=100.00% | q_loss=0.1342
    Eval -> avg_reward=18.36 | avg_final_coverage=98.43% | avg_broadcast=100.00%
    Eval -> avg_reward=18.43 | avg_final_coverage=98.37% | avg_broadcast=100.00%
[DQN] step=8685 | epsilon=0.141 | mean_reward=18.80 | mean_coverage=99.06% | mean_broadcast=100.00% | q_loss=0.1669
    Eval -> avg_reward=18.49 | avg_final_coverage=98.13% | avg_broadcast=100.00%
[DQN] step=8690 | epsilon=0.140 | mean_reward=18.77 | mean_coverage=99.12% | mean_broadcast=100.00% | q_loss=0.1293
    Eval -> avg_reward=18.59 | avg_final_coverage=98.84% | avg_broadcast=100.00%
[DQN] step=8695 | epsilon=0.140 | mean_reward=18.77 | mean_coverage=99.12% | mean_broadcast=100.00% | q_loss=0.1480
    Eval -> avg_reward=18.55 | avg_final_coverage=99.43% | avg_broadcast=100.00%
[DQN] step=8700 | epsilon=0.139 | mean_reward=18.77 | mean_coverage=99.12% | mean_broadcast=100.00% | q_loss=0.1122
    Eval -> avg_reward=18.17 | avg_final_coverage=96.22% | avg_broadcast=100.00%
    Eval -> avg_reward=16.18 | avg_final_coverage=89.82% | avg_broadcast=100.00%
[DQN] step=8705 | epsilon=0.139 | mean_reward=18.77 | mean_coverage=99.12% | mean_broadcast=100.00% | q_loss=0.0963
    Eval -> avg_reward=14.47 | avg_final_coverage=84.37% | avg_broadcast=100.00%
[DQN] step=8710 | epsilon=0.138 | mean_reward=18.77 | mean_coverage=99.12% | mean_broadcast=100.00% | q_loss=0.1052
    Eval -> avg_reward=14.24 | avg_final_coverage=83.32% | avg_broadcast=100.00%
[DQN] step=8715 | epsilon=0.138 | mean_reward=18.70 | mean_coverage=99.09% | mean_broadcast=100.00% | q_loss=0.1249
    Eval -> avg_reward=16.08 | avg_final_coverage=89.69% | avg_broadcast=100.00%
[DQN] step=8720 | epsilon=0.137 | mean_reward=18.70 | mean_coverage=99.09% | mean_broadcast=100.00% | q_loss=0.0764
    Eval -> avg_reward=16.05 | avg_final_coverage=89.01% | avg_broadcast=100.00%
    Eval -> avg_reward=17.58 | avg_final_coverage=95.56% | avg_broadcast=100.00%
[DQN] step=8725 | epsilon=0.137 | mean_reward=18.70 | mean_coverage=99.09% | mean_broadcast=100.00% | q_loss=0.1672
    Eval -> avg_reward=16.45 | avg_final_coverage=91.53% | avg_broadcast=100.00%
[DQN] step=8730 | epsilon=0.136 | mean_reward=18.70 | mean_coverage=99.09% | mean_broadcast=100.00% | q_loss=0.0996
    Eval -> avg_reward=16.82 | avg_final_coverage=92.38% | avg_broadcast=100.00%
[DQN] step=8735 | epsilon=0.136 | mean_reward=18.70 | mean_coverage=99.09% | mean_broadcast=100.00% | q_loss=0.1433
    Eval -> avg_reward=18.36 | avg_final_coverage=98.34% | avg_broadcast=100.00%
[DQN] step=8740 | epsilon=0.135 | mean_reward=17.74 | mean_coverage=95.74% | mean_broadcast=100.00% | q_loss=0.1181
    Eval -> avg_reward=18.23 | avg_final_coverage=98.03% | avg_broadcast=100.00%
    Eval -> avg_reward=18.48 | avg_final_coverage=97.62% | avg_broadcast=100.00%
[DQN] step=8745 | epsilon=0.135 | mean_reward=17.74 | mean_coverage=95.74% | mean_broadcast=100.00% | q_loss=0.1552
    Eval -> avg_reward=18.25 | avg_final_coverage=98.43% | avg_broadcast=100.00%
[DQN] step=8750 | epsilon=0.134 | mean_reward=17.74 | mean_coverage=95.74% | mean_broadcast=100.00% | q_loss=0.2636
    Eval -> avg_reward=17.79 | avg_final_coverage=96.56% | avg_broadcast=100.00%
[DQN] step=8755 | epsilon=0.134 | mean_reward=17.74 | mean_coverage=95.74% | mean_broadcast=100.00% | q_loss=0.1366
    Eval -> avg_reward=18.51 | avg_final_coverage=98.24% | avg_broadcast=100.00%
[DQN] step=8760 | epsilon=0.133 | mean_reward=17.74 | mean_coverage=95.74% | mean_broadcast=100.00% | q_loss=0.1560
    Eval -> avg_reward=18.25 | avg_final_coverage=97.22% | avg_broadcast=100.00%
    Eval -> avg_reward=19.23 | avg_final_coverage=99.47% | avg_broadcast=100.00%
[DQN] step=8765 | epsilon=0.133 | mean_reward=17.50 | mean_coverage=94.93% | mean_broadcast=100.00% | q_loss=0.1404
    Eval -> avg_reward=18.21 | avg_final_coverage=97.54% | avg_broadcast=100.00%
[DQN] step=8770 | epsilon=0.132 | mean_reward=17.50 | mean_coverage=94.93% | mean_broadcast=100.00% | q_loss=0.1025
    Eval -> avg_reward=18.97 | avg_final_coverage=99.37% | avg_broadcast=100.00%
[DQN] step=8775 | epsilon=0.132 | mean_reward=17.50 | mean_coverage=94.93% | mean_broadcast=100.00% | q_loss=0.1364
    Eval -> avg_reward=18.53 | avg_final_coverage=98.10% | avg_broadcast=100.00%
[DQN] step=8780 | epsilon=0.131 | mean_reward=17.50 | mean_coverage=94.93% | mean_broadcast=100.00% | q_loss=0.1578
    Eval -> avg_reward=18.67 | avg_final_coverage=99.32% | avg_broadcast=100.00%
    Eval -> avg_reward=19.13 | avg_final_coverage=99.69% | avg_broadcast=100.00%
[DQN] step=8785 | epsilon=0.131 | mean_reward=17.50 | mean_coverage=94.93% | mean_broadcast=100.00% | q_loss=0.1336
    Eval -> avg_reward=18.21 | avg_final_coverage=98.13% | avg_broadcast=100.00%
[DQN] step=8790 | epsilon=0.130 | mean_reward=17.34 | mean_coverage=94.60% | mean_broadcast=100.00% | q_loss=0.1218
    Eval -> avg_reward=18.26 | avg_final_coverage=97.75% | avg_broadcast=100.00%
[DQN] step=8795 | epsilon=0.130 | mean_reward=17.34 | mean_coverage=94.60% | mean_broadcast=100.00% | q_loss=0.1134
    Eval -> avg_reward=18.72 | avg_final_coverage=99.59% | avg_broadcast=100.00%
[DQN] step=8800 | epsilon=0.129 | mean_reward=17.34 | mean_coverage=94.60% | mean_broadcast=100.00% | q_loss=0.1077
    Eval -> avg_reward=18.62 | avg_final_coverage=99.62% | avg_broadcast=100.00%
    Eval -> avg_reward=17.39 | avg_final_coverage=95.41% | avg_broadcast=100.00%
[DQN] step=8805 | epsilon=0.129 | mean_reward=17.34 | mean_coverage=94.60% | mean_broadcast=100.00% | q_loss=0.1746
    Eval -> avg_reward=16.80 | avg_final_coverage=93.96% | avg_broadcast=100.00%
[DQN] step=8810 | epsilon=0.128 | mean_reward=17.34 | mean_coverage=94.60% | mean_broadcast=100.00% | q_loss=0.0984
    Eval -> avg_reward=17.72 | avg_final_coverage=96.63% | avg_broadcast=100.00%
[DQN] step=8815 | epsilon=0.128 | mean_reward=17.23 | mean_coverage=94.29% | mean_broadcast=100.00% | q_loss=0.1039
    Eval -> avg_reward=16.98 | avg_final_coverage=94.28% | avg_broadcast=100.00%
[DQN] step=8820 | epsilon=0.127 | mean_reward=17.23 | mean_coverage=94.29% | mean_broadcast=100.00% | q_loss=0.1124
    Eval -> avg_reward=17.57 | avg_final_coverage=96.50% | avg_broadcast=100.00%
    Eval -> avg_reward=17.63 | avg_final_coverage=96.78% | avg_broadcast=100.00%
[DQN] step=8825 | epsilon=0.127 | mean_reward=17.23 | mean_coverage=94.29% | mean_broadcast=100.00% | q_loss=0.1186
    Eval -> avg_reward=18.41 | avg_final_coverage=98.75% | avg_broadcast=100.00%
[DQN] step=8830 | epsilon=0.126 | mean_reward=17.23 | mean_coverage=94.29% | mean_broadcast=100.00% | q_loss=0.0848
    Eval -> avg_reward=17.33 | avg_final_coverage=95.46% | avg_broadcast=100.00%
[DQN] step=8835 | epsilon=0.126 | mean_reward=17.23 | mean_coverage=94.29% | mean_broadcast=100.00% | q_loss=0.1993
    Eval -> avg_reward=18.01 | avg_final_coverage=96.76% | avg_broadcast=100.00%
[DQN] step=8840 | epsilon=0.125 | mean_reward=17.02 | mean_coverage=93.41% | mean_broadcast=100.00% | q_loss=0.1423
    Eval -> avg_reward=15.99 | avg_final_coverage=91.18% | avg_broadcast=100.00%
    Eval -> avg_reward=16.86 | avg_final_coverage=94.24% | avg_broadcast=100.00%
[DQN] step=8845 | epsilon=0.125 | mean_reward=17.02 | mean_coverage=93.41% | mean_broadcast=100.00% | q_loss=0.1069
    Eval -> avg_reward=18.61 | avg_final_coverage=99.60% | avg_broadcast=100.00%
[DQN] step=8850 | epsilon=0.124 | mean_reward=17.02 | mean_coverage=93.41% | mean_broadcast=100.00% | q_loss=0.0719
    Eval -> avg_reward=18.49 | avg_final_coverage=99.01% | avg_broadcast=100.00%
[DQN] step=8855 | epsilon=0.124 | mean_reward=17.02 | mean_coverage=93.41% | mean_broadcast=100.00% | q_loss=0.1009
    Eval -> avg_reward=17.80 | avg_final_coverage=96.85% | avg_broadcast=100.00%
[DQN] step=8860 | epsilon=0.123 | mean_reward=17.02 | mean_coverage=93.41% | mean_broadcast=100.00% | q_loss=0.0969
    Eval -> avg_reward=17.40 | avg_final_coverage=95.43% | avg_broadcast=100.00%
    Eval -> avg_reward=18.22 | avg_final_coverage=98.26% | avg_broadcast=100.00%
[DQN] step=8865 | epsilon=0.123 | mean_reward=17.84 | mean_coverage=96.74% | mean_broadcast=100.00% | q_loss=0.0855
    Eval -> avg_reward=18.15 | avg_final_coverage=98.22% | avg_broadcast=100.00%
[DQN] step=8870 | epsilon=0.122 | mean_reward=17.84 | mean_coverage=96.74% | mean_broadcast=100.00% | q_loss=0.0874
    Eval -> avg_reward=17.79 | avg_final_coverage=96.94% | avg_broadcast=100.00%
[DQN] step=8875 | epsilon=0.122 | mean_reward=17.84 | mean_coverage=96.74% | mean_broadcast=100.00% | q_loss=0.0902
    Eval -> avg_reward=17.32 | avg_final_coverage=95.63% | avg_broadcast=100.00%
[DQN] step=8880 | epsilon=0.121 | mean_reward=17.84 | mean_coverage=96.74% | mean_broadcast=100.00% | q_loss=0.0895
    Eval -> avg_reward=18.71 | avg_final_coverage=97.60% | avg_broadcast=100.00%
    Eval -> avg_reward=17.50 | avg_final_coverage=95.57% | avg_broadcast=100.00%
[DQN] step=8885 | epsilon=0.121 | mean_reward=17.84 | mean_coverage=96.74% | mean_broadcast=100.00% | q_loss=0.0790
    Eval -> avg_reward=17.47 | avg_final_coverage=95.91% | avg_broadcast=100.00%
[DQN] step=8890 | epsilon=0.120 | mean_reward=17.90 | mean_coverage=97.24% | mean_broadcast=100.00% | q_loss=0.0759
    Eval -> avg_reward=17.94 | avg_final_coverage=97.38% | avg_broadcast=100.00%
[DQN] step=8895 | epsilon=0.120 | mean_reward=17.90 | mean_coverage=97.24% | mean_broadcast=100.00% | q_loss=0.0745
    Eval -> avg_reward=18.06 | avg_final_coverage=98.04% | avg_broadcast=100.00%
[DQN] step=8900 | epsilon=0.119 | mean_reward=17.90 | mean_coverage=97.24% | mean_broadcast=100.00% | q_loss=0.0637
    Eval -> avg_reward=18.82 | avg_final_coverage=99.62% | avg_broadcast=100.00%
    Eval -> avg_reward=18.99 | avg_final_coverage=99.69% | avg_broadcast=100.00%
[DQN] step=8905 | epsilon=0.119 | mean_reward=17.90 | mean_coverage=97.24% | mean_broadcast=100.00% | q_loss=0.0765
    Eval -> avg_reward=18.77 | avg_final_coverage=99.41% | avg_broadcast=100.00%
[DQN] step=8910 | epsilon=0.118 | mean_reward=17.90 | mean_coverage=97.24% | mean_broadcast=100.00% | q_loss=0.0659
    Eval -> avg_reward=20.28 | avg_final_coverage=99.84% | avg_broadcast=100.00%
[DQN] step=8915 | epsilon=0.118 | mean_reward=17.82 | mean_coverage=97.28% | mean_broadcast=100.00% | q_loss=0.0750
    Eval -> avg_reward=18.85 | avg_final_coverage=98.69% | avg_broadcast=100.00%
[DQN] step=8920 | epsilon=0.117 | mean_reward=17.82 | mean_coverage=97.28% | mean_broadcast=100.00% | q_loss=0.5645
    Eval -> avg_reward=17.47 | avg_final_coverage=94.66% | avg_broadcast=100.00%
    Eval -> avg_reward=18.24 | avg_final_coverage=98.66% | avg_broadcast=100.00%
[DQN] step=8925 | epsilon=0.117 | mean_reward=17.82 | mean_coverage=97.28% | mean_broadcast=100.00% | q_loss=0.2524
    Eval -> avg_reward=18.81 | avg_final_coverage=99.18% | avg_broadcast=100.00%
[DQN] step=8930 | epsilon=0.116 | mean_reward=17.82 | mean_coverage=97.28% | mean_broadcast=100.00% | q_loss=0.2396
    Eval -> avg_reward=18.11 | avg_final_coverage=98.00% | avg_broadcast=100.00%
[DQN] step=8935 | epsilon=0.116 | mean_reward=17.82 | mean_coverage=97.28% | mean_broadcast=100.00% | q_loss=0.3070
    Eval -> avg_reward=18.74 | avg_final_coverage=98.18% | avg_broadcast=100.00%
[DQN] step=8940 | epsilon=0.115 | mean_reward=18.28 | mean_coverage=97.72% | mean_broadcast=100.00% | q_loss=0.2260
    Eval -> avg_reward=18.45 | avg_final_coverage=98.85% | avg_broadcast=100.00%
    Eval -> avg_reward=19.04 | avg_final_coverage=99.04% | avg_broadcast=100.00%
[DQN] step=8945 | epsilon=0.115 | mean_reward=18.28 | mean_coverage=97.72% | mean_broadcast=100.00% | q_loss=0.2272
    Eval -> avg_reward=18.91 | avg_final_coverage=98.71% | avg_broadcast=100.00%
[DQN] step=8950 | epsilon=0.114 | mean_reward=18.28 | mean_coverage=97.72% | mean_broadcast=100.00% | q_loss=0.2186
    Eval -> avg_reward=19.68 | avg_final_coverage=99.19% | avg_broadcast=100.00%
[DQN] step=8955 | epsilon=0.114 | mean_reward=18.28 | mean_coverage=97.72% | mean_broadcast=100.00% | q_loss=0.1803
    Eval -> avg_reward=19.29 | avg_final_coverage=97.97% | avg_broadcast=99.99%
[DQN] step=8960 | epsilon=0.113 | mean_reward=18.28 | mean_coverage=97.72% | mean_broadcast=100.00% | q_loss=0.2062
    Eval -> avg_reward=19.46 | avg_final_coverage=98.66% | avg_broadcast=100.00%
    Eval -> avg_reward=17.80 | avg_final_coverage=96.38% | avg_broadcast=99.97%
[DQN] step=8965 | epsilon=0.113 | mean_reward=18.62 | mean_coverage=98.85% | mean_broadcast=100.00% | q_loss=0.1469
    Eval -> avg_reward=17.63 | avg_final_coverage=95.78% | avg_broadcast=100.00%
[DQN] step=8970 | epsilon=0.112 | mean_reward=18.62 | mean_coverage=98.85% | mean_broadcast=100.00% | q_loss=0.1884
    Eval -> avg_reward=18.75 | avg_final_coverage=98.24% | avg_broadcast=100.00%
[DQN] step=8975 | epsilon=0.112 | mean_reward=18.62 | mean_coverage=98.85% | mean_broadcast=100.00% | q_loss=0.2339
    Eval -> avg_reward=18.25 | avg_final_coverage=97.82% | avg_broadcast=100.00%
[DQN] step=8980 | epsilon=0.111 | mean_reward=18.62 | mean_coverage=98.85% | mean_broadcast=100.00% | q_loss=0.1609
    Eval -> avg_reward=18.49 | avg_final_coverage=98.21% | avg_broadcast=100.00%
    Eval -> avg_reward=18.37 | avg_final_coverage=97.96% | avg_broadcast=100.00%
[DQN] step=8985 | epsilon=0.111 | mean_reward=18.62 | mean_coverage=98.85% | mean_broadcast=100.00% | q_loss=0.1522
    Eval -> avg_reward=18.46 | avg_final_coverage=98.22% | avg_broadcast=100.00%
[DQN] step=8990 | epsilon=0.110 | mean_reward=18.66 | mean_coverage=98.81% | mean_broadcast=100.00% | q_loss=0.0957
    Eval -> avg_reward=17.34 | avg_final_coverage=93.31% | avg_broadcast=100.00%
[DQN] step=8995 | epsilon=0.110 | mean_reward=18.66 | mean_coverage=98.81% | mean_broadcast=100.00% | q_loss=0.1620
    Eval -> avg_reward=16.14 | avg_final_coverage=89.01% | avg_broadcast=99.68%
[DQN] step=9000 | epsilon=0.109 | mean_reward=18.66 | mean_coverage=98.81% | mean_broadcast=100.00% | q_loss=0.1010
    Eval -> avg_reward=17.17 | avg_final_coverage=90.32% | avg_broadcast=99.78%
    Eval -> avg_reward=19.76 | avg_final_coverage=98.79% | avg_broadcast=100.00%
[DQN] step=9005 | epsilon=0.109 | mean_reward=18.66 | mean_coverage=98.81% | mean_broadcast=100.00% | q_loss=0.2852
    Eval -> avg_reward=19.81 | avg_final_coverage=99.18% | avg_broadcast=100.00%
[DQN] step=9010 | epsilon=0.108 | mean_reward=19.24 | mean_coverage=99.41% | mean_broadcast=100.00% | q_loss=0.1819
    Eval -> avg_reward=18.43 | avg_final_coverage=96.15% | avg_broadcast=100.00%
[DQN] step=9015 | epsilon=0.108 | mean_reward=19.24 | mean_coverage=99.41% | mean_broadcast=100.00% | q_loss=0.2259
    Eval -> avg_reward=17.77 | avg_final_coverage=95.50% | avg_broadcast=100.00%
[DQN] step=9020 | epsilon=0.107 | mean_reward=19.24 | mean_coverage=99.41% | mean_broadcast=100.00% | q_loss=0.1314
    Eval -> avg_reward=18.23 | avg_final_coverage=97.50% | avg_broadcast=100.00%
    Eval -> avg_reward=17.56 | avg_final_coverage=96.85% | avg_broadcast=100.00%
[DQN] step=9025 | epsilon=0.107 | mean_reward=19.24 | mean_coverage=99.41% | mean_broadcast=100.00% | q_loss=0.1451
    Eval -> avg_reward=17.50 | avg_final_coverage=97.59% | avg_broadcast=100.00%
[DQN] step=9030 | epsilon=0.107 | mean_reward=19.24 | mean_coverage=99.41% | mean_broadcast=100.00% | q_loss=0.0968
    Eval -> avg_reward=17.30 | avg_final_coverage=97.34% | avg_broadcast=100.00%
[DQN] step=9035 | epsilon=0.106 | mean_reward=19.37 | mean_coverage=99.31% | mean_broadcast=100.00% | q_loss=0.1256
    Eval -> avg_reward=14.18 | avg_final_coverage=85.01% | avg_broadcast=100.00%
[DQN] step=9040 | epsilon=0.106 | mean_reward=19.37 | mean_coverage=99.31% | mean_broadcast=100.00% | q_loss=0.0960
    Eval -> avg_reward=12.82 | avg_final_coverage=79.59% | avg_broadcast=100.00%
    Eval -> avg_reward=16.72 | avg_final_coverage=92.13% | avg_broadcast=100.00%
[DQN] step=9045 | epsilon=0.105 | mean_reward=19.37 | mean_coverage=99.31% | mean_broadcast=100.00% | q_loss=0.1021
    Eval -> avg_reward=15.18 | avg_final_coverage=87.91% | avg_broadcast=100.00%
[DQN] step=9050 | epsilon=0.105 | mean_reward=19.37 | mean_coverage=99.31% | mean_broadcast=100.00% | q_loss=0.1289
    Eval -> avg_reward=16.21 | avg_final_coverage=92.38% | avg_broadcast=100.00%
[DQN] step=9055 | epsilon=0.104 | mean_reward=19.37 | mean_coverage=99.31% | mean_broadcast=100.00% | q_loss=0.1075
    Eval -> avg_reward=16.64 | avg_final_coverage=94.46% | avg_broadcast=100.00%
[DQN] step=9060 | epsilon=0.104 | mean_reward=17.92 | mean_coverage=95.75% | mean_broadcast=100.00% | q_loss=0.1340
    Eval -> avg_reward=19.58 | avg_final_coverage=99.93% | avg_broadcast=100.00%
    Eval -> avg_reward=16.54 | avg_final_coverage=93.94% | avg_broadcast=100.00%
[DQN] step=9065 | epsilon=0.103 | mean_reward=17.92 | mean_coverage=95.75% | mean_broadcast=100.00% | q_loss=0.1197
    Eval -> avg_reward=16.66 | avg_final_coverage=94.07% | avg_broadcast=100.00%
[DQN] step=9070 | epsilon=0.103 | mean_reward=17.92 | mean_coverage=95.75% | mean_broadcast=100.00% | q_loss=0.1154
    Eval -> avg_reward=13.27 | avg_final_coverage=82.24% | avg_broadcast=100.00%
[DQN] step=9075 | epsilon=0.102 | mean_reward=17.92 | mean_coverage=95.75% | mean_broadcast=100.00% | q_loss=0.1213
    Eval -> avg_reward=11.75 | avg_final_coverage=77.01% | avg_broadcast=100.00%
[DQN] step=9080 | epsilon=0.102 | mean_reward=17.92 | mean_coverage=95.75% | mean_broadcast=100.00% | q_loss=0.0961
    Eval -> avg_reward=11.76 | avg_final_coverage=77.29% | avg_broadcast=100.00%
    Eval -> avg_reward=12.43 | avg_final_coverage=77.93% | avg_broadcast=100.00%
[DQN] step=9085 | epsilon=0.101 | mean_reward=16.47 | mean_coverage=90.59% | mean_broadcast=100.00% | q_loss=0.0955
    Eval -> avg_reward=11.05 | avg_final_coverage=73.00% | avg_broadcast=100.00%
[DQN] step=9090 | epsilon=0.101 | mean_reward=16.47 | mean_coverage=90.59% | mean_broadcast=100.00% | q_loss=0.1146
    Eval -> avg_reward=10.65 | avg_final_coverage=70.25% | avg_broadcast=100.00%
[DQN] step=9095 | epsilon=0.100 | mean_reward=16.47 | mean_coverage=90.59% | mean_broadcast=100.00% | q_loss=0.1028
    Eval -> avg_reward=9.54 | avg_final_coverage=66.82% | avg_broadcast=100.00%
[DQN] step=9100 | epsilon=0.100 | mean_reward=16.47 | mean_coverage=90.59% | mean_broadcast=100.00% | q_loss=0.0785
    Eval -> avg_reward=8.98 | avg_final_coverage=63.84% | avg_broadcast=99.82%
    Eval -> avg_reward=8.35 | avg_final_coverage=61.54% | avg_broadcast=100.00%
[DQN] step=9105 | epsilon=0.099 | mean_reward=16.47 | mean_coverage=90.59% | mean_broadcast=100.00% | q_loss=0.1037
    Eval -> avg_reward=12.13 | avg_final_coverage=75.41% | avg_broadcast=100.00%
[DQN] step=9110 | epsilon=0.099 | mean_reward=15.29 | mean_coverage=86.54% | mean_broadcast=100.00% | q_loss=0.0997
    Eval -> avg_reward=17.73 | avg_final_coverage=96.16% | avg_broadcast=100.00%
[DQN] step=9115 | epsilon=0.098 | mean_reward=15.29 | mean_coverage=86.54% | mean_broadcast=100.00% | q_loss=0.1498
    Eval -> avg_reward=18.86 | avg_final_coverage=97.94% | avg_broadcast=100.00%
[DQN] step=9120 | epsilon=0.098 | mean_reward=15.29 | mean_coverage=86.54% | mean_broadcast=100.00% | q_loss=0.0922
    Eval -> avg_reward=13.40 | avg_final_coverage=79.91% | avg_broadcast=100.00%
    Eval -> avg_reward=18.97 | avg_final_coverage=96.29% | avg_broadcast=100.00%
[DQN] step=9125 | epsilon=0.097 | mean_reward=15.29 | mean_coverage=86.54% | mean_broadcast=100.00% | q_loss=0.1094
    Eval -> avg_reward=19.94 | avg_final_coverage=99.87% | avg_broadcast=100.00%
[DQN] step=9130 | epsilon=0.097 | mean_reward=15.29 | mean_coverage=86.54% | mean_broadcast=100.00% | q_loss=0.1218
    Eval -> avg_reward=20.91 | avg_final_coverage=99.90% | avg_broadcast=100.00%
[DQN] step=9135 | epsilon=0.096 | mean_reward=14.64 | mean_coverage=85.75% | mean_broadcast=100.00% | q_loss=0.0849
    Eval -> avg_reward=21.15 | avg_final_coverage=99.96% | avg_broadcast=100.00%
[DQN] step=9140 | epsilon=0.096 | mean_reward=14.64 | mean_coverage=85.75% | mean_broadcast=100.00% | q_loss=0.0992
    Eval -> avg_reward=21.46 | avg_final_coverage=99.96% | avg_broadcast=100.00%
    Eval -> avg_reward=20.63 | avg_final_coverage=99.65% | avg_broadcast=100.00%
[DQN] step=9145 | epsilon=0.095 | mean_reward=14.64 | mean_coverage=85.75% | mean_broadcast=100.00% | q_loss=0.1007
    Eval -> avg_reward=19.20 | avg_final_coverage=97.51% | avg_broadcast=100.00%
[DQN] step=9150 | epsilon=0.095 | mean_reward=15.24 | mean_coverage=86.21% | mean_broadcast=100.00% | q_loss=0.0937
    Eval -> avg_reward=17.77 | avg_final_coverage=96.37% | avg_broadcast=100.00%
[DQN] step=9155 | epsilon=0.094 | mean_reward=15.24 | mean_coverage=86.21% | mean_broadcast=100.00% | q_loss=0.1087
    Eval -> avg_reward=17.49 | avg_final_coverage=95.16% | avg_broadcast=100.00%
[DQN] step=9160 | epsilon=0.094 | mean_reward=15.24 | mean_coverage=86.21% | mean_broadcast=100.00% | q_loss=0.0927
    Eval -> avg_reward=16.95 | avg_final_coverage=93.40% | avg_broadcast=100.00%
    Eval -> avg_reward=16.05 | avg_final_coverage=90.04% | avg_broadcast=100.00%
[DQN] step=9165 | epsilon=0.093 | mean_reward=15.24 | mean_coverage=86.21% | mean_broadcast=100.00% | q_loss=0.0851
    Eval -> avg_reward=17.81 | avg_final_coverage=96.46% | avg_broadcast=100.00%
[DQN] step=9170 | epsilon=0.093 | mean_reward=15.24 | mean_coverage=86.21% | mean_broadcast=100.00% | q_loss=0.1135
    Eval -> avg_reward=18.16 | avg_final_coverage=99.01% | avg_broadcast=100.00%
[DQN] step=9175 | epsilon=0.092 | mean_reward=15.37 | mean_coverage=86.22% | mean_broadcast=100.00% | q_loss=0.0948
    Eval -> avg_reward=18.28 | avg_final_coverage=99.53% | avg_broadcast=100.00%
[DQN] step=9180 | epsilon=0.092 | mean_reward=15.37 | mean_coverage=86.22% | mean_broadcast=100.00% | q_loss=0.0690
    Eval -> avg_reward=18.31 | avg_final_coverage=99.57% | avg_broadcast=100.00%
    Eval -> avg_reward=18.71 | avg_final_coverage=99.46% | avg_broadcast=100.00%
[DQN] step=9185 | epsilon=0.091 | mean_reward=15.37 | mean_coverage=86.22% | mean_broadcast=100.00% | q_loss=0.0968
    Eval -> avg_reward=19.98 | avg_final_coverage=99.94% | avg_broadcast=100.00%
[DQN] step=9190 | epsilon=0.091 | mean_reward=15.37 | mean_coverage=86.22% | mean_broadcast=100.00% | q_loss=0.0792
    Eval -> avg_reward=18.71 | avg_final_coverage=99.31% | avg_broadcast=100.00%
[DQN] step=9195 | epsilon=0.090 | mean_reward=15.37 | mean_coverage=86.22% | mean_broadcast=100.00% | q_loss=0.0793
    Eval -> avg_reward=18.48 | avg_final_coverage=99.00% | avg_broadcast=100.00%
[DQN] step=9200 | epsilon=0.090 | mean_reward=16.73 | mean_coverage=91.32% | mean_broadcast=100.00% | q_loss=0.0813
    Eval -> avg_reward=18.82 | avg_final_coverage=99.21% | avg_broadcast=100.00%
    Eval -> avg_reward=19.84 | avg_final_coverage=99.88% | avg_broadcast=100.00%
[DQN] step=9205 | epsilon=0.089 | mean_reward=16.73 | mean_coverage=91.32% | mean_broadcast=100.00% | q_loss=0.1342
    Eval -> avg_reward=18.43 | avg_final_coverage=97.81% | avg_broadcast=100.00%
[DQN] step=9210 | epsilon=0.089 | mean_reward=16.73 | mean_coverage=91.32% | mean_broadcast=100.00% | q_loss=0.1199
    Eval -> avg_reward=18.42 | avg_final_coverage=97.41% | avg_broadcast=100.00%
[DQN] step=9215 | epsilon=0.088 | mean_reward=16.73 | mean_coverage=91.32% | mean_broadcast=100.00% | q_loss=0.0938
    Eval -> avg_reward=19.07 | avg_final_coverage=98.99% | avg_broadcast=100.00%
[DQN] step=9220 | epsilon=0.088 | mean_reward=16.73 | mean_coverage=91.32% | mean_broadcast=100.00% | q_loss=0.0691
    Eval -> avg_reward=18.28 | avg_final_coverage=97.74% | avg_broadcast=100.00%
    Eval -> avg_reward=17.88 | avg_final_coverage=97.15% | avg_broadcast=100.00%
[DQN] step=9225 | epsilon=0.087 | mean_reward=17.85 | mean_coverage=94.91% | mean_broadcast=100.00% | q_loss=0.0684
    Eval -> avg_reward=18.90 | avg_final_coverage=99.65% | avg_broadcast=100.00%
[DQN] step=9230 | epsilon=0.087 | mean_reward=17.85 | mean_coverage=94.91% | mean_broadcast=100.00% | q_loss=0.0665
    Eval -> avg_reward=19.39 | avg_final_coverage=99.69% | avg_broadcast=100.00%
[DQN] step=9235 | epsilon=0.086 | mean_reward=17.85 | mean_coverage=94.91% | mean_broadcast=100.00% | q_loss=0.1085
    Eval -> avg_reward=18.70 | avg_final_coverage=99.59% | avg_broadcast=100.00%
[DQN] step=9240 | epsilon=0.086 | mean_reward=17.85 | mean_coverage=94.91% | mean_broadcast=100.00% | q_loss=0.0840
    Eval -> avg_reward=19.10 | avg_final_coverage=99.81% | avg_broadcast=100.00%
    Eval -> avg_reward=18.47 | avg_final_coverage=99.46% | avg_broadcast=100.00%
[DQN] step=9245 | epsilon=0.085 | mean_reward=17.85 | mean_coverage=94.91% | mean_broadcast=100.00% | q_loss=0.1046
    Eval -> avg_reward=18.79 | avg_final_coverage=99.59% | avg_broadcast=100.00%
[DQN] step=9250 | epsilon=0.085 | mean_reward=18.16 | mean_coverage=95.60% | mean_broadcast=100.00% | q_loss=0.0765
    Eval -> avg_reward=19.35 | avg_final_coverage=99.78% | avg_broadcast=100.00%
[DQN] step=9255 | epsilon=0.084 | mean_reward=18.16 | mean_coverage=95.60% | mean_broadcast=100.00% | q_loss=0.0731
    Eval -> avg_reward=19.67 | avg_final_coverage=99.81% | avg_broadcast=100.00%
[DQN] step=9260 | epsilon=0.084 | mean_reward=18.16 | mean_coverage=95.60% | mean_broadcast=100.00% | q_loss=0.0830
    Eval -> avg_reward=20.84 | avg_final_coverage=99.96% | avg_broadcast=100.00%
    Eval -> avg_reward=20.95 | avg_final_coverage=99.91% | avg_broadcast=100.00%
[DQN] step=9265 | epsilon=0.083 | mean_reward=18.16 | mean_coverage=95.60% | mean_broadcast=100.00% | q_loss=0.0816
    Eval -> avg_reward=20.55 | avg_final_coverage=99.93% | avg_broadcast=100.00%
[DQN] step=9270 | epsilon=0.083 | mean_reward=18.16 | mean_coverage=95.60% | mean_broadcast=100.00% | q_loss=0.0911
    Eval -> avg_reward=19.20 | avg_final_coverage=99.53% | avg_broadcast=100.00%
[DQN] step=9275 | epsilon=0.082 | mean_reward=18.05 | mean_coverage=95.60% | mean_broadcast=100.00% | q_loss=0.0732
    Eval -> avg_reward=20.71 | avg_final_coverage=99.96% | avg_broadcast=100.00%
[DQN] step=9280 | epsilon=0.082 | mean_reward=18.05 | mean_coverage=95.60% | mean_broadcast=100.00% | q_loss=0.0653
    Eval -> avg_reward=19.71 | avg_final_coverage=99.66% | avg_broadcast=100.00%
    Eval -> avg_reward=19.52 | avg_final_coverage=99.66% | avg_broadcast=100.00%
[DQN] step=9285 | epsilon=0.081 | mean_reward=18.05 | mean_coverage=95.60% | mean_broadcast=100.00% | q_loss=0.0701
    Eval -> avg_reward=20.73 | avg_final_coverage=99.93% | avg_broadcast=100.00%
[DQN] step=9290 | epsilon=0.081 | mean_reward=18.05 | mean_coverage=95.60% | mean_broadcast=100.00% | q_loss=0.0757
    Eval -> avg_reward=20.97 | avg_final_coverage=99.97% | avg_broadcast=100.00%
[DQN] step=9295 | epsilon=0.080 | mean_reward=18.05 | mean_coverage=95.60% | mean_broadcast=100.00% | q_loss=0.0935
    Eval -> avg_reward=19.13 | avg_final_coverage=99.72% | avg_broadcast=100.00%
[DQN] step=9300 | epsilon=0.080 | mean_reward=18.95 | mean_coverage=99.01% | mean_broadcast=100.00% | q_loss=0.0965
    Eval -> avg_reward=19.38 | avg_final_coverage=99.71% | avg_broadcast=100.00%
    Eval -> avg_reward=18.94 | avg_final_coverage=99.78% | avg_broadcast=100.00%
[DQN] step=9305 | epsilon=0.079 | mean_reward=18.95 | mean_coverage=99.01% | mean_broadcast=100.00% | q_loss=0.0822
    Eval -> avg_reward=19.87 | avg_final_coverage=99.81% | avg_broadcast=100.00%
[DQN] step=9310 | epsilon=0.079 | mean_reward=18.95 | mean_coverage=99.01% | mean_broadcast=100.00% | q_loss=0.0803
    Eval -> avg_reward=19.21 | avg_final_coverage=99.85% | avg_broadcast=100.00%
[DQN] step=9315 | epsilon=0.078 | mean_reward=18.95 | mean_coverage=99.01% | mean_broadcast=100.00% | q_loss=0.0914
    Eval -> avg_reward=19.45 | avg_final_coverage=99.71% | avg_broadcast=100.00%
[DQN] step=9320 | epsilon=0.078 | mean_reward=18.95 | mean_coverage=99.01% | mean_broadcast=100.00% | q_loss=0.0628
    Eval -> avg_reward=20.78 | avg_final_coverage=99.82% | avg_broadcast=100.00%
    Eval -> avg_reward=19.92 | avg_final_coverage=99.74% | avg_broadcast=100.00%
[DQN] step=9325 | epsilon=0.077 | mean_reward=18.89 | mean_coverage=98.57% | mean_broadcast=100.00% | q_loss=0.1237
    Eval -> avg_reward=18.44 | avg_final_coverage=96.32% | avg_broadcast=100.00%
[DQN] step=9330 | epsilon=0.077 | mean_reward=18.89 | mean_coverage=98.57% | mean_broadcast=100.00% | q_loss=0.0957
    Eval -> avg_reward=18.43 | avg_final_coverage=95.87% | avg_broadcast=100.00%
[DQN] step=9335 | epsilon=0.076 | mean_reward=18.89 | mean_coverage=98.57% | mean_broadcast=100.00% | q_loss=0.1296
    Eval -> avg_reward=20.18 | avg_final_coverage=99.75% | avg_broadcast=100.00%
[DQN] step=9340 | epsilon=0.076 | mean_reward=18.89 | mean_coverage=98.57% | mean_broadcast=100.00% | q_loss=0.0979
    Eval -> avg_reward=19.62 | avg_final_coverage=99.47% | avg_broadcast=100.00%
    Eval -> avg_reward=19.61 | avg_final_coverage=99.78% | avg_broadcast=100.00%
[DQN] step=9345 | epsilon=0.075 | mean_reward=18.89 | mean_coverage=98.57% | mean_broadcast=100.00% | q_loss=0.1046
    Eval -> avg_reward=20.43 | avg_final_coverage=99.91% | avg_broadcast=100.00%
[DQN] step=9350 | epsilon=0.075 | mean_reward=19.07 | mean_coverage=99.10% | mean_broadcast=100.00% | q_loss=0.0898
    Eval -> avg_reward=20.19 | avg_final_coverage=99.66% | avg_broadcast=100.00%
[DQN] step=9355 | epsilon=0.074 | mean_reward=19.07 | mean_coverage=99.10% | mean_broadcast=100.00% | q_loss=0.1123
    Eval -> avg_reward=19.62 | avg_final_coverage=99.85% | avg_broadcast=100.00%
[DQN] step=9360 | epsilon=0.074 | mean_reward=19.07 | mean_coverage=99.10% | mean_broadcast=100.00% | q_loss=0.0719
    Eval -> avg_reward=19.61 | avg_final_coverage=99.87% | avg_broadcast=100.00%
    Eval -> avg_reward=21.04 | avg_final_coverage=99.94% | avg_broadcast=100.00%
[DQN] step=9365 | epsilon=0.073 | mean_reward=19.07 | mean_coverage=99.10% | mean_broadcast=100.00% | q_loss=0.1177
    Eval -> avg_reward=19.43 | avg_final_coverage=99.75% | avg_broadcast=100.00%
[DQN] step=9370 | epsilon=0.073 | mean_reward=19.07 | mean_coverage=99.10% | mean_broadcast=100.00% | q_loss=0.0834
    Eval -> avg_reward=18.69 | avg_final_coverage=99.65% | avg_broadcast=100.00%
[DQN] step=9375 | epsilon=0.072 | mean_reward=19.00 | mean_coverage=99.18% | mean_broadcast=100.00% | q_loss=0.0767
    Eval -> avg_reward=19.23 | avg_final_coverage=99.56% | avg_broadcast=100.00%
[DQN] step=9380 | epsilon=0.072 | mean_reward=19.00 | mean_coverage=99.18% | mean_broadcast=100.00% | q_loss=0.0722
    Eval -> avg_reward=18.50 | avg_final_coverage=99.57% | avg_broadcast=100.00%
    Eval -> avg_reward=18.55 | avg_final_coverage=99.53% | avg_broadcast=100.00%
[DQN] step=9385 | epsilon=0.071 | mean_reward=19.00 | mean_coverage=99.18% | mean_broadcast=100.00% | q_loss=0.1144
    Eval -> avg_reward=18.32 | avg_final_coverage=99.19% | avg_broadcast=100.00%
[DQN] step=9390 | epsilon=0.071 | mean_reward=19.07 | mean_coverage=99.18% | mean_broadcast=100.00% | q_loss=0.0727
    Eval -> avg_reward=18.48 | avg_final_coverage=99.38% | avg_broadcast=100.00%
[DQN] step=9395 | epsilon=0.070 | mean_reward=19.07 | mean_coverage=99.18% | mean_broadcast=100.00% | q_loss=0.0882
    Eval -> avg_reward=18.69 | avg_final_coverage=99.41% | avg_broadcast=100.00%
[DQN] step=9400 | epsilon=0.070 | mean_reward=19.07 | mean_coverage=99.18% | mean_broadcast=100.00% | q_loss=0.0963
    Eval -> avg_reward=18.74 | avg_final_coverage=99.60% | avg_broadcast=100.00%
    Eval -> avg_reward=19.56 | avg_final_coverage=99.74% | avg_broadcast=100.00%
[DQN] step=9405 | epsilon=0.069 | mean_reward=19.07 | mean_coverage=99.18% | mean_broadcast=100.00% | q_loss=0.1043
    Eval -> avg_reward=20.57 | avg_final_coverage=99.97% | avg_broadcast=100.00%
[DQN] step=9410 | epsilon=0.069 | mean_reward=19.61 | mean_coverage=99.31% | mean_broadcast=100.00% | q_loss=0.0866
    Eval -> avg_reward=21.26 | avg_final_coverage=99.94% | avg_broadcast=100.00%
[DQN] step=9415 | epsilon=0.068 | mean_reward=19.61 | mean_coverage=99.31% | mean_broadcast=100.00% | q_loss=0.0910
    Eval -> avg_reward=21.46 | avg_final_coverage=100.00% | avg_broadcast=100.00%
[DQN] step=9420 | epsilon=0.068 | mean_reward=19.61 | mean_coverage=99.31% | mean_broadcast=100.00% | q_loss=0.0833
    Eval -> avg_reward=20.96 | avg_final_coverage=99.90% | avg_broadcast=100.00%
    Eval -> avg_reward=21.58 | avg_final_coverage=99.96% | avg_broadcast=100.00%
[DQN] step=9425 | epsilon=0.067 | mean_reward=19.61 | mean_coverage=99.31% | mean_broadcast=100.00% | q_loss=0.0930
    Eval -> avg_reward=21.54 | avg_final_coverage=99.94% | avg_broadcast=100.00%
[DQN] step=9430 | epsilon=0.067 | mean_reward=20.26 | mean_coverage=99.85% | mean_broadcast=100.00% | q_loss=0.0852
    Eval -> avg_reward=20.68 | avg_final_coverage=99.93% | avg_broadcast=100.00%
[DQN] step=9435 | epsilon=0.066 | mean_reward=20.26 | mean_coverage=99.85% | mean_broadcast=100.00% | q_loss=0.0951
    Eval -> avg_reward=21.26 | avg_final_coverage=99.94% | avg_broadcast=100.00%
[DQN] step=9440 | epsilon=0.066 | mean_reward=20.26 | mean_coverage=99.85% | mean_broadcast=100.00% | q_loss=0.0956
    Eval -> avg_reward=20.06 | avg_final_coverage=99.66% | avg_broadcast=100.00%
    Eval -> avg_reward=19.53 | avg_final_coverage=99.18% | avg_broadcast=100.00%
[DQN] step=9445 | epsilon=0.065 | mean_reward=20.26 | mean_coverage=99.85% | mean_broadcast=100.00% | q_loss=0.0933
    Eval -> avg_reward=19.66 | avg_final_coverage=99.07% | avg_broadcast=100.00%
[DQN] step=9450 | epsilon=0.065 | mean_reward=20.26 | mean_coverage=99.85% | mean_broadcast=100.00% | q_loss=0.0900
    Eval -> avg_reward=18.15 | avg_final_coverage=97.19% | avg_broadcast=100.00%
[DQN] step=9455 | epsilon=0.064 | mean_reward=20.21 | mean_coverage=99.74% | mean_broadcast=100.00% | q_loss=0.0723
    Eval -> avg_reward=18.58 | avg_final_coverage=99.34% | avg_broadcast=100.00%
[DQN] step=9460 | epsilon=0.064 | mean_reward=20.21 | mean_coverage=99.74% | mean_broadcast=100.00% | q_loss=0.0728
    Eval -> avg_reward=18.70 | avg_final_coverage=99.59% | avg_broadcast=100.00%
    Eval -> avg_reward=19.12 | avg_final_coverage=99.84% | avg_broadcast=100.00%
[DQN] step=9465 | epsilon=0.063 | mean_reward=20.21 | mean_coverage=99.74% | mean_broadcast=100.00% | q_loss=0.0750
    Eval -> avg_reward=18.92 | avg_final_coverage=99.78% | avg_broadcast=100.00%
[DQN] step=9470 | epsilon=0.063 | mean_reward=20.21 | mean_coverage=99.74% | mean_broadcast=100.00% | q_loss=0.0975
    Eval -> avg_reward=20.64 | avg_final_coverage=99.90% | avg_broadcast=100.00%
[DQN] step=9475 | epsilon=0.062 | mean_reward=20.21 | mean_coverage=99.74% | mean_broadcast=100.00% | q_loss=0.1049
    Eval -> avg_reward=20.30 | avg_final_coverage=99.91% | avg_broadcast=100.00%
[DQN] step=9480 | epsilon=0.062 | mean_reward=20.17 | mean_coverage=99.53% | mean_broadcast=100.00% | q_loss=0.0760
    Eval -> avg_reward=19.40 | avg_final_coverage=99.78% | avg_broadcast=100.00%
    Eval -> avg_reward=19.08 | avg_final_coverage=99.59% | avg_broadcast=100.00%
[DQN] step=9485 | epsilon=0.061 | mean_reward=20.17 | mean_coverage=99.53% | mean_broadcast=100.00% | q_loss=0.0731
    Eval -> avg_reward=18.34 | avg_final_coverage=97.59% | avg_broadcast=100.00%
[DQN] step=9490 | epsilon=0.061 | mean_reward=20.17 | mean_coverage=99.53% | mean_broadcast=100.00% | q_loss=0.0811
    Eval -> avg_reward=18.79 | avg_final_coverage=99.51% | avg_broadcast=100.00%
[DQN] step=9495 | epsilon=0.060 | mean_reward=20.17 | mean_coverage=99.53% | mean_broadcast=100.00% | q_loss=0.0743
    Eval -> avg_reward=19.17 | avg_final_coverage=99.59% | avg_broadcast=100.00%
[DQN] step=9500 | epsilon=0.060 | mean_reward=20.17 | mean_coverage=99.53% | mean_broadcast=100.00% | q_loss=0.0664
    Eval -> avg_reward=18.81 | avg_final_coverage=99.57% | avg_broadcast=100.00%
    Eval -> avg_reward=18.93 | avg_final_coverage=99.53% | avg_broadcast=100.00%
[DQN] step=9505 | epsilon=0.059 | mean_reward=20.04 | mean_coverage=99.53% | mean_broadcast=100.00% | q_loss=0.0568
    Eval -> avg_reward=18.65 | avg_final_coverage=99.38% | avg_broadcast=100.00%
[DQN] step=9510 | epsilon=0.059 | mean_reward=20.04 | mean_coverage=99.53% | mean_broadcast=100.00% | q_loss=0.0698
    Eval -> avg_reward=17.00 | avg_final_coverage=93.13% | avg_broadcast=99.99%
[DQN] step=9515 | epsilon=0.059 | mean_reward=20.04 | mean_coverage=99.53% | mean_broadcast=100.00% | q_loss=0.0627
    Eval -> avg_reward=18.19 | avg_final_coverage=97.60% | avg_broadcast=100.00%
[DQN] step=9520 | epsilon=0.058 | mean_reward=20.04 | mean_coverage=99.53% | mean_broadcast=100.00% | q_loss=0.0706
    Eval -> avg_reward=18.14 | avg_final_coverage=98.03% | avg_broadcast=100.00%
    Eval -> avg_reward=18.88 | avg_final_coverage=98.69% | avg_broadcast=100.00%
[DQN] step=9525 | epsilon=0.058 | mean_reward=20.04 | mean_coverage=99.53% | mean_broadcast=100.00% | q_loss=0.0536
    Eval -> avg_reward=16.45 | avg_final_coverage=91.01% | avg_broadcast=100.00%
[DQN] step=9530 | epsilon=0.057 | mean_reward=19.56 | mean_coverage=99.49% | mean_broadcast=100.00% | q_loss=0.0903
    Eval -> avg_reward=17.11 | avg_final_coverage=93.22% | avg_broadcast=100.00%
[DQN] step=9535 | epsilon=0.057 | mean_reward=19.56 | mean_coverage=99.49% | mean_broadcast=100.00% | q_loss=0.0452
    Eval -> avg_reward=18.57 | avg_final_coverage=96.49% | avg_broadcast=100.00%
[DQN] step=9540 | epsilon=0.056 | mean_reward=19.56 | mean_coverage=99.49% | mean_broadcast=100.00% | q_loss=0.0819
    Eval -> avg_reward=17.77 | avg_final_coverage=96.72% | avg_broadcast=100.00%
    Eval -> avg_reward=18.72 | avg_final_coverage=99.47% | avg_broadcast=100.00%
[DQN] step=9545 | epsilon=0.056 | mean_reward=19.56 | mean_coverage=99.49% | mean_broadcast=100.00% | q_loss=0.0746
    Eval -> avg_reward=18.60 | avg_final_coverage=99.47% | avg_broadcast=100.00%
[DQN] step=9550 | epsilon=0.055 | mean_reward=19.56 | mean_coverage=99.49% | mean_broadcast=100.00% | q_loss=0.0735
    Eval -> avg_reward=19.51 | avg_final_coverage=99.85% | avg_broadcast=100.00%
[DQN] step=9555 | epsilon=0.055 | mean_reward=18.67 | mean_coverage=98.10% | mean_broadcast=100.00% | q_loss=0.0851
    Eval -> avg_reward=19.46 | avg_final_coverage=99.90% | avg_broadcast=100.00%
[DQN] step=9560 | epsilon=0.054 | mean_reward=18.67 | mean_coverage=98.10% | mean_broadcast=100.00% | q_loss=0.0925
    Eval -> avg_reward=20.73 | avg_final_coverage=99.94% | avg_broadcast=100.00%
    Eval -> avg_reward=17.90 | avg_final_coverage=94.59% | avg_broadcast=100.00%
[DQN] step=9565 | epsilon=0.054 | mean_reward=18.67 | mean_coverage=98.10% | mean_broadcast=100.00% | q_loss=0.0679
    Eval -> avg_reward=19.38 | avg_final_coverage=99.85% | avg_broadcast=100.00%
[DQN] step=9570 | epsilon=0.053 | mean_reward=18.67 | mean_coverage=98.10% | mean_broadcast=100.00% | q_loss=0.0654
    Eval -> avg_reward=19.85 | avg_final_coverage=99.93% | avg_broadcast=100.00%
[DQN] step=9575 | epsilon=0.053 | mean_reward=19.05 | mean_coverage=98.29% | mean_broadcast=100.00% | q_loss=0.0653
    Eval -> avg_reward=18.67 | avg_final_coverage=99.24% | avg_broadcast=100.00%
[DQN] step=9580 | epsilon=0.052 | mean_reward=19.05 | mean_coverage=98.29% | mean_broadcast=100.00% | q_loss=0.1055
    Eval -> avg_reward=18.55 | avg_final_coverage=99.26% | avg_broadcast=100.00%
    Eval -> avg_reward=19.85 | avg_final_coverage=99.91% | avg_broadcast=100.00%
[DQN] step=9585 | epsilon=0.052 | mean_reward=19.05 | mean_coverage=98.29% | mean_broadcast=100.00% | q_loss=0.1039
    Eval -> avg_reward=19.41 | avg_final_coverage=99.82% | avg_broadcast=100.00%
[DQN] step=9590 | epsilon=0.051 | mean_reward=19.05 | mean_coverage=98.29% | mean_broadcast=100.00% | q_loss=0.0614
    Eval -> avg_reward=19.06 | avg_final_coverage=98.68% | avg_broadcast=100.00%
[DQN] step=9595 | epsilon=0.051 | mean_reward=19.05 | mean_coverage=98.29% | mean_broadcast=100.00% | q_loss=0.0942
    Eval -> avg_reward=18.35 | avg_final_coverage=98.68% | avg_broadcast=100.00%
[DQN] step=9600 | epsilon=0.050 | mean_reward=19.00 | mean_coverage=98.40% | mean_broadcast=100.00% | q_loss=0.0725
    Eval -> avg_reward=18.01 | avg_final_coverage=98.75% | avg_broadcast=100.00%
    Eval -> avg_reward=18.43 | avg_final_coverage=99.57% | avg_broadcast=100.00%
[DQN] step=9605 | epsilon=0.050 | mean_reward=19.00 | mean_coverage=98.40% | mean_broadcast=100.00% | q_loss=0.0867
    Eval -> avg_reward=18.03 | avg_final_coverage=98.03% | avg_broadcast=100.00%
[DQN] step=9610 | epsilon=0.050 | mean_reward=19.00 | mean_coverage=98.40% | mean_broadcast=100.00% | q_loss=0.0683
    Eval -> avg_reward=18.06 | avg_final_coverage=97.87% | avg_broadcast=100.00%
[DQN] step=9615 | epsilon=0.050 | mean_reward=19.00 | mean_coverage=98.40% | mean_broadcast=100.00% | q_loss=0.0906
    Eval -> avg_reward=18.42 | avg_final_coverage=99.03% | avg_broadcast=100.00%
[DQN] step=9620 | epsilon=0.050 | mean_reward=19.00 | mean_coverage=98.40% | mean_broadcast=100.00% | q_loss=0.0706
    Eval -> avg_reward=19.70 | avg_final_coverage=98.88% | avg_broadcast=100.00%
    Eval -> avg_reward=18.35 | avg_final_coverage=98.69% | avg_broadcast=100.00%
[DQN] step=9625 | epsilon=0.050 | mean_reward=18.42 | mean_coverage=98.28% | mean_broadcast=100.00% | q_loss=0.0850
    Eval -> avg_reward=19.10 | avg_final_coverage=99.69% | avg_broadcast=100.00%
[DQN] step=9630 | epsilon=0.050 | mean_reward=18.42 | mean_coverage=98.28% | mean_broadcast=100.00% | q_loss=0.0747
    Eval -> avg_reward=18.66 | avg_final_coverage=99.44% | avg_broadcast=100.00%
[DQN] step=9635 | epsilon=0.050 | mean_reward=18.42 | mean_coverage=98.28% | mean_broadcast=100.00% | q_loss=0.0676
    Eval -> avg_reward=19.26 | avg_final_coverage=99.85% | avg_broadcast=100.00%
[DQN] step=9640 | epsilon=0.050 | mean_reward=18.42 | mean_coverage=98.28% | mean_broadcast=100.00% | q_loss=0.0827
    Eval -> avg_reward=19.34 | avg_final_coverage=99.85% | avg_broadcast=100.00%
    Eval -> avg_reward=18.32 | avg_final_coverage=98.00% | avg_broadcast=100.00%
[DQN] step=9645 | epsilon=0.050 | mean_reward=18.84 | mean_coverage=98.32% | mean_broadcast=100.00% | q_loss=0.0649
    Eval -> avg_reward=18.35 | avg_final_coverage=98.26% | avg_broadcast=100.00%
[DQN] step=9650 | epsilon=0.050 | mean_reward=18.84 | mean_coverage=98.32% | mean_broadcast=100.00% | q_loss=0.0962
    Eval -> avg_reward=19.87 | avg_final_coverage=99.84% | avg_broadcast=100.00%
[DQN] step=9655 | epsilon=0.050 | mean_reward=18.84 | mean_coverage=98.32% | mean_broadcast=100.00% | q_loss=0.0848
    Eval -> avg_reward=18.46 | avg_final_coverage=97.35% | avg_broadcast=100.00%
[DQN] step=9660 | epsilon=0.050 | mean_reward=18.84 | mean_coverage=98.32% | mean_broadcast=100.00% | q_loss=0.0653
    Eval -> avg_reward=19.68 | avg_final_coverage=99.81% | avg_broadcast=100.00%
    Eval -> avg_reward=18.89 | avg_final_coverage=99.65% | avg_broadcast=100.00%
[DQN] step=9665 | epsilon=0.050 | mean_reward=18.84 | mean_coverage=98.32% | mean_broadcast=100.00% | q_loss=0.0705
    Eval -> avg_reward=18.83 | avg_final_coverage=99.53% | avg_broadcast=100.00%
[DQN] step=9670 | epsilon=0.050 | mean_reward=19.20 | mean_coverage=99.62% | mean_broadcast=100.00% | q_loss=0.0686
    Eval -> avg_reward=20.53 | avg_final_coverage=99.91% | avg_broadcast=100.00%
[DQN] step=9675 | epsilon=0.050 | mean_reward=19.20 | mean_coverage=99.62% | mean_broadcast=100.00% | q_loss=0.0773
    Eval -> avg_reward=20.27 | avg_final_coverage=99.62% | avg_broadcast=100.00%
[DQN] step=9680 | epsilon=0.050 | mean_reward=19.20 | mean_coverage=99.62% | mean_broadcast=100.00% | q_loss=0.0576
    Eval -> avg_reward=18.85 | avg_final_coverage=99.09% | avg_broadcast=100.00%
    Eval -> avg_reward=18.53 | avg_final_coverage=99.16% | avg_broadcast=100.00%
[DQN] step=9685 | epsilon=0.050 | mean_reward=19.20 | mean_coverage=99.62% | mean_broadcast=100.00% | q_loss=0.0737
    Eval -> avg_reward=18.62 | avg_final_coverage=99.21% | avg_broadcast=100.00%
[DQN] step=9690 | epsilon=0.050 | mean_reward=19.20 | mean_coverage=99.62% | mean_broadcast=100.00% | q_loss=0.0636
    Eval -> avg_reward=18.81 | avg_final_coverage=99.59% | avg_broadcast=100.00%
[DQN] step=9695 | epsilon=0.050 | mean_reward=18.72 | mean_coverage=99.32% | mean_broadcast=100.00% | q_loss=0.0847
    Eval -> avg_reward=19.61 | avg_final_coverage=99.84% | avg_broadcast=100.00%
[DQN] step=9700 | epsilon=0.050 | mean_reward=18.72 | mean_coverage=99.32% | mean_broadcast=100.00% | q_loss=0.1150
    Eval -> avg_reward=18.68 | avg_final_coverage=99.25% | avg_broadcast=100.00%
    Eval -> avg_reward=18.85 | avg_final_coverage=99.37% | avg_broadcast=100.00%
[DQN] step=9705 | epsilon=0.050 | mean_reward=18.72 | mean_coverage=99.32% | mean_broadcast=100.00% | q_loss=0.0775
    Eval -> avg_reward=19.28 | avg_final_coverage=99.65% | avg_broadcast=100.00%
[DQN] step=9710 | epsilon=0.050 | mean_reward=18.72 | mean_coverage=99.32% | mean_broadcast=100.00% | q_loss=0.0808
    Eval -> avg_reward=19.10 | avg_final_coverage=99.66% | avg_broadcast=100.00%
[DQN] step=9715 | epsilon=0.050 | mean_reward=18.72 | mean_coverage=99.32% | mean_broadcast=100.00% | q_loss=0.1355
    Eval -> avg_reward=20.08 | avg_final_coverage=99.93% | avg_broadcast=100.00%
[DQN] step=9720 | epsilon=0.050 | mean_reward=18.85 | mean_coverage=99.44% | mean_broadcast=100.00% | q_loss=0.0641
    Eval -> avg_reward=20.66 | avg_final_coverage=99.91% | avg_broadcast=100.00%
    Eval -> avg_reward=18.41 | avg_final_coverage=96.66% | avg_broadcast=100.00%
[DQN] step=9725 | epsilon=0.050 | mean_reward=18.85 | mean_coverage=99.44% | mean_broadcast=100.00% | q_loss=0.0706
    Eval -> avg_reward=19.12 | avg_final_coverage=99.47% | avg_broadcast=100.00%
[DQN] step=9730 | epsilon=0.050 | mean_reward=18.85 | mean_coverage=99.44% | mean_broadcast=100.00% | q_loss=0.0819
    Eval -> avg_reward=18.65 | avg_final_coverage=99.43% | avg_broadcast=100.00%
[DQN] step=9735 | epsilon=0.050 | mean_reward=18.85 | mean_coverage=99.44% | mean_broadcast=100.00% | q_loss=0.0651
    Eval -> avg_reward=20.16 | avg_final_coverage=99.78% | avg_broadcast=100.00%
[DQN] step=9740 | epsilon=0.050 | mean_reward=18.85 | mean_coverage=99.44% | mean_broadcast=100.00% | q_loss=0.0848
    Eval -> avg_reward=20.15 | avg_final_coverage=99.81% | avg_broadcast=100.00%
    Eval -> avg_reward=19.44 | avg_final_coverage=99.69% | avg_broadcast=100.00%
[DQN] step=9745 | epsilon=0.050 | mean_reward=19.47 | mean_coverage=99.56% | mean_broadcast=100.00% | q_loss=0.0890
    Eval -> avg_reward=18.42 | avg_final_coverage=97.25% | avg_broadcast=99.94%
[DQN] step=9750 | epsilon=0.050 | mean_reward=19.47 | mean_coverage=99.56% | mean_broadcast=100.00% | q_loss=0.0745
    Eval -> avg_reward=18.87 | avg_final_coverage=99.26% | avg_broadcast=100.00%
[DQN] step=9755 | epsilon=0.050 | mean_reward=19.47 | mean_coverage=99.56% | mean_broadcast=100.00% | q_loss=0.0697
    Eval -> avg_reward=16.64 | avg_final_coverage=91.13% | avg_broadcast=99.96%
[DQN] step=9760 | epsilon=0.050 | mean_reward=19.47 | mean_coverage=99.56% | mean_broadcast=100.00% | q_loss=0.0859
    Eval -> avg_reward=17.86 | avg_final_coverage=96.10% | avg_broadcast=100.00%
    Eval -> avg_reward=18.25 | avg_final_coverage=98.40% | avg_broadcast=100.00%
[DQN] step=9765 | epsilon=0.050 | mean_reward=19.47 | mean_coverage=99.56% | mean_broadcast=100.00% | q_loss=0.0626
    Eval -> avg_reward=18.35 | avg_final_coverage=98.59% | avg_broadcast=100.00%
[DQN] step=9770 | epsilon=0.050 | mean_reward=18.77 | mean_coverage=98.25% | mean_broadcast=99.99% | q_loss=0.0586
    Eval -> avg_reward=18.41 | avg_final_coverage=98.78% | avg_broadcast=100.00%
[DQN] step=9775 | epsilon=0.050 | mean_reward=18.77 | mean_coverage=98.25% | mean_broadcast=99.99% | q_loss=0.0753
    Eval -> avg_reward=19.32 | avg_final_coverage=99.44% | avg_broadcast=100.00%
[DQN] step=9780 | epsilon=0.050 | mean_reward=18.77 | mean_coverage=98.25% | mean_broadcast=99.99% | q_loss=0.0780
    Eval -> avg_reward=19.10 | avg_final_coverage=99.56% | avg_broadcast=100.00%
    Eval -> avg_reward=17.67 | avg_final_coverage=95.28% | avg_broadcast=100.00%
[DQN] step=9785 | epsilon=0.050 | mean_reward=19.22 | mean_coverage=98.32% | mean_broadcast=99.99% | q_loss=0.0574
    Eval -> avg_reward=18.42 | avg_final_coverage=97.71% | avg_broadcast=100.00%
[DQN] step=9790 | epsilon=0.050 | mean_reward=19.22 | mean_coverage=98.32% | mean_broadcast=99.99% | q_loss=0.0701
    Eval -> avg_reward=19.96 | avg_final_coverage=99.40% | avg_broadcast=100.00%
[DQN] step=9795 | epsilon=0.050 | mean_reward=19.22 | mean_coverage=98.32% | mean_broadcast=99.99% | q_loss=0.0787
    Eval -> avg_reward=19.74 | avg_final_coverage=99.87% | avg_broadcast=100.00%
[DQN] step=9800 | epsilon=0.050 | mean_reward=19.22 | mean_coverage=98.32% | mean_broadcast=99.99% | q_loss=0.0979
    Eval -> avg_reward=19.43 | avg_final_coverage=99.66% | avg_broadcast=100.00%
    Eval -> avg_reward=18.92 | avg_final_coverage=99.74% | avg_broadcast=100.00%
[DQN] step=9805 | epsilon=0.050 | mean_reward=19.22 | mean_coverage=98.32% | mean_broadcast=99.99% | q_loss=0.0687
    Eval -> avg_reward=19.26 | avg_final_coverage=99.60% | avg_broadcast=100.00%
[DQN] step=9810 | epsilon=0.050 | mean_reward=19.26 | mean_coverage=98.47% | mean_broadcast=99.99% | q_loss=0.0761
    Eval -> avg_reward=18.82 | avg_final_coverage=99.26% | avg_broadcast=100.00%
[DQN] step=9815 | epsilon=0.050 | mean_reward=19.26 | mean_coverage=98.47% | mean_broadcast=99.99% | q_loss=0.0771
    Eval -> avg_reward=19.18 | avg_final_coverage=99.29% | avg_broadcast=100.00%
[DQN] step=9820 | epsilon=0.050 | mean_reward=19.26 | mean_coverage=98.47% | mean_broadcast=99.99% | q_loss=0.0840
    Eval -> avg_reward=18.94 | avg_final_coverage=99.04% | avg_broadcast=100.00%
    Eval -> avg_reward=19.59 | avg_final_coverage=99.34% | avg_broadcast=100.00%
[DQN] step=9825 | epsilon=0.050 | mean_reward=19.26 | mean_coverage=98.47% | mean_broadcast=99.99% | q_loss=0.0686
    Eval -> avg_reward=19.31 | avg_final_coverage=99.76% | avg_broadcast=100.00%
[DQN] step=9830 | epsilon=0.050 | mean_reward=19.26 | mean_coverage=98.47% | mean_broadcast=99.99% | q_loss=0.0529
    Eval -> avg_reward=21.06 | avg_final_coverage=100.00% | avg_broadcast=100.00%
[DQN] step=9835 | epsilon=0.050 | mean_reward=19.24 | mean_coverage=98.40% | mean_broadcast=99.99% | q_loss=0.0679
    Eval -> avg_reward=19.28 | avg_final_coverage=99.74% | avg_broadcast=100.00%
[DQN] step=9840 | epsilon=0.050 | mean_reward=19.24 | mean_coverage=98.40% | mean_broadcast=99.99% | q_loss=0.0743
    Eval -> avg_reward=18.50 | avg_final_coverage=99.57% | avg_broadcast=100.00%
    Eval -> avg_reward=19.06 | avg_final_coverage=99.65% | avg_broadcast=100.00%
[DQN] step=9845 | epsilon=0.050 | mean_reward=19.24 | mean_coverage=98.40% | mean_broadcast=99.99% | q_loss=0.0657
    Eval -> avg_reward=18.49 | avg_final_coverage=99.15% | avg_broadcast=100.00%
[DQN] step=9850 | epsilon=0.050 | mean_reward=19.24 | mean_coverage=98.40% | mean_broadcast=99.99% | q_loss=0.0743
    Eval -> avg_reward=19.76 | avg_final_coverage=99.71% | avg_broadcast=100.00%
[DQN] step=9855 | epsilon=0.050 | mean_reward=19.24 | mean_coverage=98.40% | mean_broadcast=99.99% | q_loss=0.0690
    Eval -> avg_reward=18.57 | avg_final_coverage=98.54% | avg_broadcast=100.00%
[DQN] step=9860 | epsilon=0.050 | mean_reward=18.83 | mean_coverage=98.21% | mean_broadcast=99.99% | q_loss=0.0653
    Eval -> avg_reward=19.51 | avg_final_coverage=99.81% | avg_broadcast=100.00%
    Eval -> avg_reward=19.82 | avg_final_coverage=99.88% | avg_broadcast=100.00%
[DQN] step=9865 | epsilon=0.050 | mean_reward=18.83 | mean_coverage=98.21% | mean_broadcast=99.99% | q_loss=0.0635
    Eval -> avg_reward=18.55 | avg_final_coverage=98.29% | avg_broadcast=100.00%
[DQN] step=9870 | epsilon=0.050 | mean_reward=18.83 | mean_coverage=98.21% | mean_broadcast=99.99% | q_loss=0.0765
    Eval -> avg_reward=18.28 | avg_final_coverage=96.32% | avg_broadcast=100.00%
[DQN] step=9875 | epsilon=0.050 | mean_reward=18.83 | mean_coverage=98.21% | mean_broadcast=99.99% | q_loss=0.0690
    Eval -> avg_reward=19.64 | avg_final_coverage=99.41% | avg_broadcast=100.00%
[DQN] step=9880 | epsilon=0.050 | mean_reward=18.83 | mean_coverage=98.21% | mean_broadcast=99.99% | q_loss=0.0644
    Eval -> avg_reward=18.87 | avg_final_coverage=99.29% | avg_broadcast=100.00%
    Eval -> avg_reward=16.11 | avg_final_coverage=90.35% | avg_broadcast=100.00%
[DQN] step=9885 | epsilon=0.050 | mean_reward=19.11 | mean_coverage=99.44% | mean_broadcast=100.00% | q_loss=0.0633
    Eval -> avg_reward=17.27 | avg_final_coverage=94.10% | avg_broadcast=100.00%
[DQN] step=9890 | epsilon=0.050 | mean_reward=19.11 | mean_coverage=99.44% | mean_broadcast=100.00% | q_loss=0.0716
    Eval -> avg_reward=17.58 | avg_final_coverage=94.75% | avg_broadcast=100.00%
[DQN] step=9895 | epsilon=0.050 | mean_reward=19.11 | mean_coverage=99.44% | mean_broadcast=100.00% | q_loss=0.1086
    Eval -> avg_reward=18.70 | avg_final_coverage=97.24% | avg_broadcast=100.00%
[DQN] step=9900 | epsilon=0.050 | mean_reward=19.11 | mean_coverage=99.44% | mean_broadcast=100.00% | q_loss=0.0710
    Eval -> avg_reward=16.82 | avg_final_coverage=93.51% | avg_broadcast=100.00%
    Eval -> avg_reward=16.89 | avg_final_coverage=91.90% | avg_broadcast=100.00%
[DQN] step=9905 | epsilon=0.050 | mean_reward=19.11 | mean_coverage=99.44% | mean_broadcast=100.00% | q_loss=0.0709
    Eval -> avg_reward=17.12 | avg_final_coverage=91.57% | avg_broadcast=100.00%
[DQN] step=9910 | epsilon=0.050 | mean_reward=18.03 | mean_coverage=97.22% | mean_broadcast=100.00% | q_loss=0.0463
    Eval -> avg_reward=18.04 | avg_final_coverage=96.19% | avg_broadcast=100.00%
[DQN] step=9915 | epsilon=0.050 | mean_reward=18.03 | mean_coverage=97.22% | mean_broadcast=100.00% | q_loss=0.1064
    Eval -> avg_reward=16.24 | avg_final_coverage=91.03% | avg_broadcast=100.00%
[DQN] step=9920 | epsilon=0.050 | mean_reward=18.03 | mean_coverage=97.22% | mean_broadcast=100.00% | q_loss=0.0769
    Eval -> avg_reward=18.60 | avg_final_coverage=98.91% | avg_broadcast=100.00%
    Eval -> avg_reward=16.25 | avg_final_coverage=90.94% | avg_broadcast=100.00%
[DQN] step=9925 | epsilon=0.050 | mean_reward=18.03 | mean_coverage=97.22% | mean_broadcast=100.00% | q_loss=0.0671
    Eval -> avg_reward=18.38 | avg_final_coverage=98.81% | avg_broadcast=100.00%
[DQN] step=9930 | epsilon=0.050 | mean_reward=18.03 | mean_coverage=97.22% | mean_broadcast=100.00% | q_loss=0.0733
    Eval -> avg_reward=18.91 | avg_final_coverage=99.57% | avg_broadcast=100.00%
[DQN] step=9935 | epsilon=0.050 | mean_reward=18.07 | mean_coverage=97.28% | mean_broadcast=100.00% | q_loss=0.0734
    Eval -> avg_reward=18.46 | avg_final_coverage=98.50% | avg_broadcast=100.00%
[DQN] step=9940 | epsilon=0.050 | mean_reward=18.07 | mean_coverage=97.28% | mean_broadcast=100.00% | q_loss=0.0698
    Eval -> avg_reward=18.69 | avg_final_coverage=99.49% | avg_broadcast=100.00%
    Eval -> avg_reward=19.00 | avg_final_coverage=99.74% | avg_broadcast=100.00%
[DQN] step=9945 | epsilon=0.050 | mean_reward=18.07 | mean_coverage=97.28% | mean_broadcast=100.00% | q_loss=0.0885
    Eval -> avg_reward=18.35 | avg_final_coverage=99.68% | avg_broadcast=100.00%
[DQN] step=9950 | epsilon=0.050 | mean_reward=18.07 | mean_coverage=97.28% | mean_broadcast=100.00% | q_loss=0.0637
    Eval -> avg_reward=18.35 | avg_final_coverage=99.53% | avg_broadcast=100.00%
[DQN] step=9955 | epsilon=0.050 | mean_reward=18.07 | mean_coverage=97.28% | mean_broadcast=100.00% | q_loss=0.0825
    Eval -> avg_reward=18.87 | avg_final_coverage=99.68% | avg_broadcast=100.00%
[DQN] step=9960 | epsilon=0.050 | mean_reward=17.98 | mean_coverage=97.06% | mean_broadcast=100.00% | q_loss=0.0801
    Eval -> avg_reward=18.45 | avg_final_coverage=97.54% | avg_broadcast=100.00%
    Eval -> avg_reward=18.83 | avg_final_coverage=98.81% | avg_broadcast=100.00%
[DQN] step=9965 | epsilon=0.050 | mean_reward=17.98 | mean_coverage=97.06% | mean_broadcast=100.00% | q_loss=0.0686
    Eval -> avg_reward=18.79 | avg_final_coverage=99.15% | avg_broadcast=100.00%
[DQN] step=9970 | epsilon=0.050 | mean_reward=17.98 | mean_coverage=97.06% | mean_broadcast=100.00% | q_loss=0.0616
    Eval -> avg_reward=18.68 | avg_final_coverage=99.51% | avg_broadcast=100.00%
[DQN] step=9975 | epsilon=0.050 | mean_reward=17.98 | mean_coverage=97.06% | mean_broadcast=100.00% | q_loss=0.0516
    Eval -> avg_reward=19.35 | avg_final_coverage=99.66% | avg_broadcast=100.00%
[DQN] step=9980 | epsilon=0.050 | mean_reward=17.98 | mean_coverage=97.06% | mean_broadcast=100.00% | q_loss=0.0563
    Eval -> avg_reward=18.88 | avg_final_coverage=99.38% | avg_broadcast=100.00%
    Eval -> avg_reward=18.33 | avg_final_coverage=98.79% | avg_broadcast=100.00%
[DQN] step=9985 | epsilon=0.050 | mean_reward=17.93 | mean_coverage=97.16% | mean_broadcast=100.00% | q_loss=0.0522
    Eval -> avg_reward=19.60 | avg_final_coverage=99.79% | avg_broadcast=100.00%
[DQN] step=9990 | epsilon=0.050 | mean_reward=17.93 | mean_coverage=97.16% | mean_broadcast=100.00% | q_loss=0.0548
    Eval -> avg_reward=20.58 | avg_final_coverage=99.99% | avg_broadcast=100.00%
[DQN] step=9995 | epsilon=0.050 | mean_reward=17.93 | mean_coverage=97.16% | mean_broadcast=100.00% | q_loss=0.0750
    Eval -> avg_reward=20.24 | avg_final_coverage=99.93% | avg_broadcast=100.00%
[DQN] step=10000 | epsilon=0.050 | mean_reward=17.93 | mean_coverage=97.16% | mean_broadcast=100.00% | q_loss=0.0722
    Eval -> avg_reward=19.22 | avg_final_coverage=99.79% | avg_broadcast=100.00%
    Eval -> avg_reward=18.75 | avg_final_coverage=99.49% | avg_broadcast=100.00%
[DQN] step=10005 | epsilon=0.050 | mean_reward=17.93 | mean_coverage=97.16% | mean_broadcast=100.00% | q_loss=0.3230
    Eval -> avg_reward=18.67 | avg_final_coverage=99.43% | avg_broadcast=100.00%
[DQN] step=10010 | epsilon=0.050 | mean_reward=18.29 | mean_coverage=97.25% | mean_broadcast=100.00% | q_loss=0.1414
    Eval -> avg_reward=17.69 | avg_final_coverage=96.18% | avg_broadcast=100.00%
[DQN] step=10015 | epsilon=0.050 | mean_reward=18.29 | mean_coverage=97.25% | mean_broadcast=100.00% | q_loss=0.1675
    Eval -> avg_reward=16.48 | avg_final_coverage=92.03% | avg_broadcast=100.00%
[DQN] step=10020 | epsilon=0.050 | mean_reward=18.29 | mean_coverage=97.25% | mean_broadcast=100.00% | q_loss=0.2503
    Eval -> avg_reward=17.53 | avg_final_coverage=96.38% | avg_broadcast=100.00%
    Eval -> avg_reward=18.03 | avg_final_coverage=97.56% | avg_broadcast=100.00%
[DQN] step=10025 | epsilon=0.050 | mean_reward=18.29 | mean_coverage=97.25% | mean_broadcast=100.00% | q_loss=0.1392
    Eval -> avg_reward=14.96 | avg_final_coverage=88.44% | avg_broadcast=100.00%
[DQN] step=10030 | epsilon=0.050 | mean_reward=18.29 | mean_coverage=97.25% | mean_broadcast=100.00% | q_loss=0.1771
    Eval -> avg_reward=12.59 | avg_final_coverage=78.79% | avg_broadcast=100.00%
[DQN] step=10035 | epsilon=0.050 | mean_reward=18.62 | mean_coverage=98.46% | mean_broadcast=100.00% | q_loss=0.1720
    Eval -> avg_reward=8.64 | avg_final_coverage=62.24% | avg_broadcast=99.91%
[DQN] step=10040 | epsilon=0.050 | mean_reward=18.62 | mean_coverage=98.46% | mean_broadcast=100.00% | q_loss=0.1443
    Eval -> avg_reward=9.02 | avg_final_coverage=63.00% | avg_broadcast=99.93%
    Eval -> avg_reward=12.74 | avg_final_coverage=78.34% | avg_broadcast=100.00%
[DQN] step=10045 | epsilon=0.050 | mean_reward=18.62 | mean_coverage=98.46% | mean_broadcast=100.00% | q_loss=0.1896
    Eval -> avg_reward=12.79 | avg_final_coverage=79.41% | avg_broadcast=100.00%
[DQN] step=10050 | epsilon=0.050 | mean_reward=18.62 | mean_coverage=98.46% | mean_broadcast=100.00% | q_loss=0.2044
    Eval -> avg_reward=12.76 | avg_final_coverage=79.51% | avg_broadcast=100.00%
[DQN] step=10055 | epsilon=0.050 | mean_reward=18.62 | mean_coverage=98.46% | mean_broadcast=100.00% | q_loss=0.2693
    Eval -> avg_reward=11.92 | avg_final_coverage=76.72% | avg_broadcast=100.00%
[DQN] step=10060 | epsilon=0.050 | mean_reward=17.39 | mean_coverage=94.28% | mean_broadcast=100.00% | q_loss=0.2415
    Eval -> avg_reward=12.25 | avg_final_coverage=77.44% | avg_broadcast=100.00%
    Eval -> avg_reward=13.51 | avg_final_coverage=80.91% | avg_broadcast=100.00%
[DQN] step=10065 | epsilon=0.050 | mean_reward=17.39 | mean_coverage=94.28% | mean_broadcast=100.00% | q_loss=0.1665
    Eval -> avg_reward=17.86 | avg_final_coverage=96.63% | avg_broadcast=100.00%
[DQN] step=10070 | epsilon=0.050 | mean_reward=17.39 | mean_coverage=94.28% | mean_broadcast=100.00% | q_loss=0.1567
    Eval -> avg_reward=15.04 | avg_final_coverage=86.22% | avg_broadcast=100.00%
[DQN] step=10075 | epsilon=0.050 | mean_reward=17.39 | mean_coverage=94.28% | mean_broadcast=100.00% | q_loss=0.1114
    Eval -> avg_reward=17.57 | avg_final_coverage=95.25% | avg_broadcast=100.00%
[DQN] step=10080 | epsilon=0.050 | mean_reward=17.39 | mean_coverage=94.28% | mean_broadcast=100.00% | q_loss=0.1437
    Eval -> avg_reward=18.31 | avg_final_coverage=97.97% | avg_broadcast=100.00%
    Eval -> avg_reward=19.05 | avg_final_coverage=99.66% | avg_broadcast=100.00%
[DQN] step=10085 | epsilon=0.050 | mean_reward=17.08 | mean_coverage=93.03% | mean_broadcast=100.00% | q_loss=0.1332
    Eval -> avg_reward=18.71 | avg_final_coverage=99.43% | avg_broadcast=100.00%
[DQN] step=10090 | epsilon=0.050 | mean_reward=17.08 | mean_coverage=93.03% | mean_broadcast=100.00% | q_loss=0.1270
    Eval -> avg_reward=18.56 | avg_final_coverage=99.21% | avg_broadcast=100.00%
[DQN] step=10095 | epsilon=0.050 | mean_reward=17.08 | mean_coverage=93.03% | mean_broadcast=100.00% | q_loss=0.0999
    Eval -> avg_reward=19.66 | avg_final_coverage=99.87% | avg_broadcast=100.00%
[DQN] step=10100 | epsilon=0.050 | mean_reward=17.08 | mean_coverage=93.03% | mean_broadcast=100.00% | q_loss=0.1071
    Eval -> avg_reward=19.26 | avg_final_coverage=99.56% | avg_broadcast=100.00%
    Eval -> avg_reward=20.10 | avg_final_coverage=99.88% | avg_broadcast=100.00%
[DQN] step=10105 | epsilon=0.050 | mean_reward=17.08 | mean_coverage=93.03% | mean_broadcast=100.00% | q_loss=0.1429
    Eval -> avg_reward=17.61 | avg_final_coverage=94.75% | avg_broadcast=99.84%
[DQN] step=10110 | epsilon=0.050 | mean_reward=17.50 | mean_coverage=93.12% | mean_broadcast=100.00% | q_loss=0.0931
    Eval -> avg_reward=19.58 | avg_final_coverage=99.22% | avg_broadcast=100.00%
[DQN] step=10115 | epsilon=0.050 | mean_reward=17.50 | mean_coverage=93.12% | mean_broadcast=100.00% | q_loss=0.0847
    Eval -> avg_reward=18.25 | avg_final_coverage=95.96% | avg_broadcast=100.00%
[DQN] step=10120 | epsilon=0.050 | mean_reward=17.50 | mean_coverage=93.12% | mean_broadcast=100.00% | q_loss=0.1015
    Eval -> avg_reward=19.27 | avg_final_coverage=99.07% | avg_broadcast=100.00%
    Eval -> avg_reward=18.64 | avg_final_coverage=98.12% | avg_broadcast=100.00%
[DQN] step=10125 | epsilon=0.050 | mean_reward=17.50 | mean_coverage=93.12% | mean_broadcast=100.00% | q_loss=0.1032
    Eval -> avg_reward=18.77 | avg_final_coverage=99.54% | avg_broadcast=100.00%
[DQN] step=10130 | epsilon=0.050 | mean_reward=17.50 | mean_coverage=93.12% | mean_broadcast=100.00% | q_loss=0.0862
    Eval -> avg_reward=18.91 | avg_final_coverage=98.28% | avg_broadcast=100.00%
[DQN] step=10135 | epsilon=0.050 | mean_reward=17.17 | mean_coverage=92.97% | mean_broadcast=100.00% | q_loss=0.2125
    Eval -> avg_reward=18.71 | avg_final_coverage=99.46% | avg_broadcast=100.00%
[DQN] step=10140 | epsilon=0.050 | mean_reward=17.17 | mean_coverage=92.97% | mean_broadcast=100.00% | q_loss=0.1454
    Eval -> avg_reward=19.20 | avg_final_coverage=99.76% | avg_broadcast=100.00%
    Eval -> avg_reward=18.17 | avg_final_coverage=96.87% | avg_broadcast=100.00%
[DQN] step=10145 | epsilon=0.050 | mean_reward=17.17 | mean_coverage=92.97% | mean_broadcast=100.00% | q_loss=0.1518
    Eval -> avg_reward=18.69 | avg_final_coverage=99.43% | avg_broadcast=100.00%
[DQN] step=10150 | epsilon=0.050 | mean_reward=17.17 | mean_coverage=92.97% | mean_broadcast=100.00% | q_loss=0.1141
    Eval -> avg_reward=19.29 | avg_final_coverage=99.75% | avg_broadcast=100.00%
[DQN] step=10155 | epsilon=0.050 | mean_reward=17.17 | mean_coverage=92.97% | mean_broadcast=100.00% | q_loss=0.0924
    Eval -> avg_reward=19.78 | avg_final_coverage=99.78% | avg_broadcast=100.00%
[DQN] step=10160 | epsilon=0.050 | mean_reward=17.40 | mean_coverage=93.63% | mean_broadcast=100.00% | q_loss=0.1159
    Eval -> avg_reward=19.92 | avg_final_coverage=99.59% | avg_broadcast=100.00%
    Eval -> avg_reward=18.94 | avg_final_coverage=99.26% | avg_broadcast=100.00%
[DQN] step=10165 | epsilon=0.050 | mean_reward=17.40 | mean_coverage=93.63% | mean_broadcast=100.00% | q_loss=0.1263
    Eval -> avg_reward=19.94 | avg_final_coverage=99.84% | avg_broadcast=100.00%
[DQN] step=10170 | epsilon=0.050 | mean_reward=17.40 | mean_coverage=93.63% | mean_broadcast=100.00% | q_loss=0.1239
    Eval -> avg_reward=19.45 | avg_final_coverage=99.60% | avg_broadcast=100.00%
[DQN] step=10175 | epsilon=0.050 | mean_reward=17.40 | mean_coverage=93.63% | mean_broadcast=100.00% | q_loss=0.1188
    Eval -> avg_reward=18.43 | avg_final_coverage=98.94% | avg_broadcast=100.00%
[DQN] step=10180 | epsilon=0.050 | mean_reward=17.40 | mean_coverage=93.63% | mean_broadcast=100.00% | q_loss=0.0965
    Eval -> avg_reward=19.10 | avg_final_coverage=99.72% | avg_broadcast=100.00%
    Eval -> avg_reward=18.33 | avg_final_coverage=98.94% | avg_broadcast=100.00%
[DQN] step=10185 | epsilon=0.050 | mean_reward=18.66 | mean_coverage=97.85% | mean_broadcast=100.00% | q_loss=0.0831
    Eval -> avg_reward=18.01 | avg_final_coverage=96.12% | avg_broadcast=100.00%
[DQN] step=10190 | epsilon=0.050 | mean_reward=18.66 | mean_coverage=97.85% | mean_broadcast=100.00% | q_loss=0.0867
    Eval -> avg_reward=18.16 | avg_final_coverage=98.19% | avg_broadcast=100.00%
[DQN] step=10195 | epsilon=0.050 | mean_reward=18.66 | mean_coverage=97.85% | mean_broadcast=100.00% | q_loss=0.0914
    Eval -> avg_reward=17.54 | avg_final_coverage=96.63% | avg_broadcast=100.00%
[DQN] step=10200 | epsilon=0.050 | mean_reward=18.66 | mean_coverage=97.85% | mean_broadcast=100.00% | q_loss=0.0648
    Eval -> avg_reward=19.52 | avg_final_coverage=99.76% | avg_broadcast=100.00%
    Eval -> avg_reward=18.75 | avg_final_coverage=99.68% | avg_broadcast=100.00%
[DQN] step=10205 | epsilon=0.050 | mean_reward=18.66 | mean_coverage=97.85% | mean_broadcast=100.00% | q_loss=0.0897
    Eval -> avg_reward=19.12 | avg_final_coverage=98.88% | avg_broadcast=100.00%
[DQN] step=10210 | epsilon=0.050 | mean_reward=19.00 | mean_coverage=99.40% | mean_broadcast=100.00% | q_loss=0.0717
    Eval -> avg_reward=18.14 | avg_final_coverage=97.19% | avg_broadcast=100.00%
[DQN] step=10215 | epsilon=0.050 | mean_reward=19.00 | mean_coverage=99.40% | mean_broadcast=100.00% | q_loss=0.0862
    Eval -> avg_reward=16.90 | avg_final_coverage=92.85% | avg_broadcast=99.85%
[DQN] step=10220 | epsilon=0.050 | mean_reward=19.00 | mean_coverage=99.40% | mean_broadcast=100.00% | q_loss=0.0954
    Eval -> avg_reward=17.18 | avg_final_coverage=93.96% | avg_broadcast=100.00%
    Eval -> avg_reward=17.26 | avg_final_coverage=93.07% | avg_broadcast=100.00%
[DQN] step=10225 | epsilon=0.050 | mean_reward=19.00 | mean_coverage=99.40% | mean_broadcast=100.00% | q_loss=0.0668
    Eval -> avg_reward=18.11 | avg_final_coverage=95.69% | avg_broadcast=100.00%
[DQN] step=10230 | epsilon=0.050 | mean_reward=19.00 | mean_coverage=99.40% | mean_broadcast=100.00% | q_loss=0.0760
    Eval -> avg_reward=18.44 | avg_final_coverage=99.10% | avg_broadcast=100.00%
[DQN] step=10235 | epsilon=0.050 | mean_reward=18.67 | mean_coverage=99.35% | mean_broadcast=100.00% | q_loss=0.0658
    Eval -> avg_reward=20.84 | avg_final_coverage=99.99% | avg_broadcast=100.00%
[DQN] step=10240 | epsilon=0.050 | mean_reward=18.67 | mean_coverage=99.35% | mean_broadcast=100.00% | q_loss=0.0631
    Eval -> avg_reward=18.88 | avg_final_coverage=99.46% | avg_broadcast=100.00%
    Eval -> avg_reward=19.34 | avg_final_coverage=99.81% | avg_broadcast=100.00%
[DQN] step=10245 | epsilon=0.050 | mean_reward=18.67 | mean_coverage=99.35% | mean_broadcast=100.00% | q_loss=0.0711
    Eval -> avg_reward=18.38 | avg_final_coverage=99.18% | avg_broadcast=100.00%
[DQN] step=10250 | epsilon=0.050 | mean_reward=18.67 | mean_coverage=99.35% | mean_broadcast=100.00% | q_loss=0.0421
    Eval -> avg_reward=18.47 | avg_final_coverage=99.62% | avg_broadcast=100.00%
[DQN] step=10255 | epsilon=0.050 | mean_reward=18.67 | mean_coverage=99.35% | mean_broadcast=100.00% | q_loss=0.0648
    Eval -> avg_reward=19.67 | avg_final_coverage=99.54% | avg_broadcast=100.00%
[DQN] step=10260 | epsilon=0.050 | mean_reward=18.66 | mean_coverage=99.38% | mean_broadcast=100.00% | q_loss=0.0753
    Eval -> avg_reward=19.51 | avg_final_coverage=99.00% | avg_broadcast=100.00%
    Eval -> avg_reward=18.46 | avg_final_coverage=96.78% | avg_broadcast=100.00%
[DQN] step=10265 | epsilon=0.050 | mean_reward=18.66 | mean_coverage=99.38% | mean_broadcast=100.00% | q_loss=0.0695
    Eval -> avg_reward=18.16 | avg_final_coverage=97.53% | avg_broadcast=100.00%
[DQN] step=10270 | epsilon=0.050 | mean_reward=18.66 | mean_coverage=99.38% | mean_broadcast=100.00% | q_loss=0.0677
    Eval -> avg_reward=18.28 | avg_final_coverage=97.65% | avg_broadcast=100.00%
[DQN] step=10275 | epsilon=0.050 | mean_reward=18.66 | mean_coverage=99.38% | mean_broadcast=100.00% | q_loss=0.0797
    Eval -> avg_reward=18.11 | avg_final_coverage=96.21% | avg_broadcast=100.00%
[DQN] step=10280 | epsilon=0.050 | mean_reward=18.66 | mean_coverage=99.38% | mean_broadcast=100.00% | q_loss=0.0477
    Eval -> avg_reward=17.61 | avg_final_coverage=95.47% | avg_broadcast=100.00%
    Eval -> avg_reward=19.44 | avg_final_coverage=99.87% | avg_broadcast=100.00%
[DQN] step=10285 | epsilon=0.050 | mean_reward=18.66 | mean_coverage=99.69% | mean_broadcast=100.00% | q_loss=0.0924
    Eval -> avg_reward=19.13 | avg_final_coverage=98.69% | avg_broadcast=100.00%
[DQN] step=10290 | epsilon=0.050 | mean_reward=18.66 | mean_coverage=99.69% | mean_broadcast=100.00% | q_loss=0.0793
    Eval -> avg_reward=19.03 | avg_final_coverage=99.00% | avg_broadcast=100.00%
[DQN] step=10295 | epsilon=0.050 | mean_reward=18.66 | mean_coverage=99.69% | mean_broadcast=100.00% | q_loss=0.0725
    Eval -> avg_reward=20.46 | avg_final_coverage=99.94% | avg_broadcast=100.00%
[DQN] step=10300 | epsilon=0.050 | mean_reward=18.66 | mean_coverage=99.69% | mean_broadcast=100.00% | q_loss=0.0836
    Eval -> avg_reward=19.88 | avg_final_coverage=99.40% | avg_broadcast=100.00%
    Eval -> avg_reward=18.34 | avg_final_coverage=99.03% | avg_broadcast=100.00%
[DQN] step=10305 | epsilon=0.050 | mean_reward=18.66 | mean_coverage=99.69% | mean_broadcast=100.00% | q_loss=0.0902
    Eval -> avg_reward=18.33 | avg_final_coverage=98.62% | avg_broadcast=100.00%
[DQN] step=10310 | epsilon=0.050 | mean_reward=18.62 | mean_coverage=99.49% | mean_broadcast=100.00% | q_loss=0.0630
    Eval -> avg_reward=18.34 | avg_final_coverage=98.72% | avg_broadcast=100.00%
[DQN] step=10315 | epsilon=0.050 | mean_reward=18.62 | mean_coverage=99.49% | mean_broadcast=100.00% | q_loss=0.1087
    Eval -> avg_reward=20.19 | avg_final_coverage=99.90% | avg_broadcast=100.00%
[DQN] step=10320 | epsilon=0.050 | mean_reward=18.62 | mean_coverage=99.49% | mean_broadcast=100.00% | q_loss=0.0881
    Eval -> avg_reward=18.41 | avg_final_coverage=97.74% | avg_broadcast=100.00%
    Eval -> avg_reward=19.60 | avg_final_coverage=99.41% | avg_broadcast=100.00%
[DQN] step=10325 | epsilon=0.050 | mean_reward=18.62 | mean_coverage=99.49% | mean_broadcast=100.00% | q_loss=0.0960
    Eval -> avg_reward=17.61 | avg_final_coverage=93.81% | avg_broadcast=99.96%
[DQN] step=10330 | epsilon=0.050 | mean_reward=18.62 | mean_coverage=99.49% | mean_broadcast=100.00% | q_loss=0.0816
    Eval -> avg_reward=20.51 | avg_final_coverage=99.81% | avg_broadcast=100.00%
[DQN] step=10335 | epsilon=0.050 | mean_reward=18.50 | mean_coverage=98.93% | mean_broadcast=100.00% | q_loss=0.0674
    Eval -> avg_reward=18.02 | avg_final_coverage=96.85% | avg_broadcast=100.00%
[DQN] step=10340 | epsilon=0.050 | mean_reward=18.50 | mean_coverage=98.93% | mean_broadcast=100.00% | q_loss=0.0563
    Eval -> avg_reward=17.95 | avg_final_coverage=97.03% | avg_broadcast=100.00%
    Eval -> avg_reward=19.13 | avg_final_coverage=99.72% | avg_broadcast=100.00%
[DQN] step=10345 | epsilon=0.050 | mean_reward=18.50 | mean_coverage=98.93% | mean_broadcast=100.00% | q_loss=0.0673
    Eval -> avg_reward=19.64 | avg_final_coverage=99.54% | avg_broadcast=100.00%
[DQN] step=10350 | epsilon=0.050 | mean_reward=18.50 | mean_coverage=98.93% | mean_broadcast=100.00% | q_loss=0.0668
    Eval -> avg_reward=18.16 | avg_final_coverage=97.93% | avg_broadcast=100.00%
[DQN] step=10355 | epsilon=0.050 | mean_reward=18.50 | mean_coverage=98.93% | mean_broadcast=100.00% | q_loss=0.0568
    Eval -> avg_reward=18.46 | avg_final_coverage=98.16% | avg_broadcast=100.00%
[DQN] step=10360 | epsilon=0.050 | mean_reward=17.88 | mean_coverage=96.65% | mean_broadcast=100.00% | q_loss=0.0616
    Eval -> avg_reward=17.14 | avg_final_coverage=94.21% | avg_broadcast=100.00%
    Eval -> avg_reward=17.38 | avg_final_coverage=95.12% | avg_broadcast=100.00%
[DQN] step=10365 | epsilon=0.050 | mean_reward=17.88 | mean_coverage=96.65% | mean_broadcast=100.00% | q_loss=0.0652
    Eval -> avg_reward=18.47 | avg_final_coverage=98.62% | avg_broadcast=100.00%
[DQN] step=10370 | epsilon=0.050 | mean_reward=17.88 | mean_coverage=96.65% | mean_broadcast=100.00% | q_loss=0.0902
    Eval -> avg_reward=18.57 | avg_final_coverage=99.07% | avg_broadcast=100.00%
[DQN] step=10375 | epsilon=0.050 | mean_reward=17.88 | mean_coverage=96.65% | mean_broadcast=100.00% | q_loss=0.0757
    Eval -> avg_reward=18.18 | avg_final_coverage=96.84% | avg_broadcast=100.00%
[DQN] step=10380 | epsilon=0.050 | mean_reward=17.88 | mean_coverage=96.65% | mean_broadcast=100.00% | q_loss=0.2096
    Eval -> avg_reward=18.79 | avg_final_coverage=99.06% | avg_broadcast=100.00%
    Eval -> avg_reward=18.22 | avg_final_coverage=97.18% | avg_broadcast=100.00%
[DQN] step=10385 | epsilon=0.050 | mean_reward=17.67 | mean_coverage=95.93% | mean_broadcast=100.00% | q_loss=0.2129
    Eval -> avg_reward=19.22 | avg_final_coverage=99.06% | avg_broadcast=100.00%
[DQN] step=10390 | epsilon=0.050 | mean_reward=17.67 | mean_coverage=95.93% | mean_broadcast=100.00% | q_loss=0.3452
    Eval -> avg_reward=18.54 | avg_final_coverage=98.10% | avg_broadcast=100.00%
[DQN] step=10395 | epsilon=0.050 | mean_reward=17.67 | mean_coverage=95.93% | mean_broadcast=100.00% | q_loss=0.2132
    Eval -> avg_reward=18.22 | avg_final_coverage=97.47% | avg_broadcast=100.00%
[DQN] step=10400 | epsilon=0.050 | mean_reward=18.27 | mean_coverage=95.97% | mean_broadcast=100.00% | q_loss=0.1514
    Eval -> avg_reward=18.41 | avg_final_coverage=98.44% | avg_broadcast=100.00%
    Eval -> avg_reward=18.87 | avg_final_coverage=99.31% | avg_broadcast=100.00%
[DQN] step=10405 | epsilon=0.050 | mean_reward=18.27 | mean_coverage=95.97% | mean_broadcast=100.00% | q_loss=0.0949
    Eval -> avg_reward=19.11 | avg_final_coverage=98.72% | avg_broadcast=100.00%
[DQN] step=10410 | epsilon=0.050 | mean_reward=18.27 | mean_coverage=95.97% | mean_broadcast=100.00% | q_loss=0.1292
    Eval -> avg_reward=17.95 | avg_final_coverage=96.40% | avg_broadcast=100.00%
[DQN] step=10415 | epsilon=0.050 | mean_reward=18.27 | mean_coverage=95.97% | mean_broadcast=100.00% | q_loss=0.0954
    Eval -> avg_reward=18.63 | avg_final_coverage=97.94% | avg_broadcast=100.00%
[DQN] step=10420 | epsilon=0.050 | mean_reward=18.27 | mean_coverage=95.97% | mean_broadcast=100.00% | q_loss=0.0893
    Eval -> avg_reward=20.17 | avg_final_coverage=99.90% | avg_broadcast=100.00%
    Eval -> avg_reward=20.28 | avg_final_coverage=98.85% | avg_broadcast=100.00%
[DQN] step=10425 | epsilon=0.050 | mean_reward=17.95 | mean_coverage=95.04% | mean_broadcast=100.00% | q_loss=0.0915
    Eval -> avg_reward=19.57 | avg_final_coverage=99.78% | avg_broadcast=100.00%
[DQN] step=10430 | epsilon=0.050 | mean_reward=17.95 | mean_coverage=95.04% | mean_broadcast=100.00% | q_loss=0.1148
    Eval -> avg_reward=18.54 | avg_final_coverage=98.94% | avg_broadcast=100.00%
[DQN] step=10435 | epsilon=0.050 | mean_reward=17.95 | mean_coverage=95.04% | mean_broadcast=100.00% | q_loss=0.0860
    Eval -> avg_reward=17.60 | avg_final_coverage=95.90% | avg_broadcast=100.00%
[DQN] step=10440 | epsilon=0.050 | mean_reward=17.95 | mean_coverage=95.04% | mean_broadcast=100.00% | q_loss=0.1010
    Eval -> avg_reward=16.24 | avg_final_coverage=91.49% | avg_broadcast=99.44%
    Eval -> avg_reward=18.62 | avg_final_coverage=99.46% | avg_broadcast=100.00%
[DQN] step=10445 | epsilon=0.050 | mean_reward=18.59 | mean_coverage=95.62% | mean_broadcast=100.00% | q_loss=0.0932
    Eval -> avg_reward=15.38 | avg_final_coverage=87.57% | avg_broadcast=99.90%
[DQN] step=10450 | epsilon=0.050 | mean_reward=18.59 | mean_coverage=95.62% | mean_broadcast=100.00% | q_loss=0.0952
    Eval -> avg_reward=16.85 | avg_final_coverage=93.41% | avg_broadcast=99.97%
[DQN] step=10455 | epsilon=0.050 | mean_reward=18.59 | mean_coverage=95.62% | mean_broadcast=100.00% | q_loss=0.0663
    Eval -> avg_reward=16.10 | avg_final_coverage=90.16% | avg_broadcast=99.99%
[DQN] step=10460 | epsilon=0.050 | mean_reward=18.59 | mean_coverage=95.62% | mean_broadcast=100.00% | q_loss=0.0687
    Eval -> avg_reward=16.61 | avg_final_coverage=91.21% | avg_broadcast=99.94%
    Eval -> avg_reward=16.36 | avg_final_coverage=90.04% | avg_broadcast=100.00%
[DQN] step=10465 | epsilon=0.050 | mean_reward=18.59 | mean_coverage=95.62% | mean_broadcast=100.00% | q_loss=0.0665
    Eval -> avg_reward=16.53 | avg_final_coverage=91.22% | avg_broadcast=100.00%
[DQN] step=10470 | epsilon=0.050 | mean_reward=18.98 | mean_coverage=97.04% | mean_broadcast=100.00% | q_loss=0.0728
    Eval -> avg_reward=16.86 | avg_final_coverage=92.21% | avg_broadcast=99.85%
[DQN] step=10475 | epsilon=0.050 | mean_reward=18.98 | mean_coverage=97.04% | mean_broadcast=100.00% | q_loss=0.0939
    Eval -> avg_reward=20.55 | avg_final_coverage=99.96% | avg_broadcast=100.00%
[DQN] step=10480 | epsilon=0.050 | mean_reward=18.98 | mean_coverage=97.04% | mean_broadcast=100.00% | q_loss=0.0681
    Eval -> avg_reward=19.90 | avg_final_coverage=99.37% | avg_broadcast=100.00%
    Eval -> avg_reward=18.73 | avg_final_coverage=97.24% | avg_broadcast=100.00%
[DQN] step=10485 | epsilon=0.050 | mean_reward=18.98 | mean_coverage=97.04% | mean_broadcast=100.00% | q_loss=0.0653
    Eval -> avg_reward=17.84 | avg_final_coverage=95.84% | avg_broadcast=100.00%
[DQN] step=10490 | epsilon=0.050 | mean_reward=18.98 | mean_coverage=97.04% | mean_broadcast=100.00% | q_loss=0.0648
    Eval -> avg_reward=18.40 | avg_final_coverage=98.44% | avg_broadcast=100.00%
[DQN] step=10495 | epsilon=0.050 | mean_reward=18.96 | mean_coverage=97.15% | mean_broadcast=100.00% | q_loss=0.0691
    Eval -> avg_reward=18.30 | avg_final_coverage=98.06% | avg_broadcast=100.00%
[DQN] step=10500 | epsilon=0.050 | mean_reward=18.96 | mean_coverage=97.15% | mean_broadcast=100.00% | q_loss=0.0606
    Eval -> avg_reward=18.67 | avg_final_coverage=99.56% | avg_broadcast=100.00%
    Eval -> avg_reward=18.16 | avg_final_coverage=98.57% | avg_broadcast=100.00%
[DQN] step=10505 | epsilon=0.050 | mean_reward=18.96 | mean_coverage=97.15% | mean_broadcast=100.00% | q_loss=0.0519
    Eval -> avg_reward=18.50 | avg_final_coverage=98.56% | avg_broadcast=100.00%
[DQN] step=10510 | epsilon=0.050 | mean_reward=18.96 | mean_coverage=97.15% | mean_broadcast=100.00% | q_loss=0.0777
    Eval -> avg_reward=17.94 | avg_final_coverage=97.81% | avg_broadcast=100.00%
[DQN] step=10515 | epsilon=0.050 | mean_reward=18.96 | mean_coverage=97.15% | mean_broadcast=100.00% | q_loss=0.0663
    Eval -> avg_reward=18.65 | avg_final_coverage=99.57% | avg_broadcast=100.00%
[DQN] step=10520 | epsilon=0.050 | mean_reward=18.39 | mean_coverage=97.06% | mean_broadcast=100.00% | q_loss=0.0486
    Eval -> avg_reward=19.65 | avg_final_coverage=99.69% | avg_broadcast=100.00%
    Eval -> avg_reward=20.09 | avg_final_coverage=99.68% | avg_broadcast=100.00%
[DQN] step=10525 | epsilon=0.050 | mean_reward=18.39 | mean_coverage=97.06% | mean_broadcast=100.00% | q_loss=0.0550
    Eval -> avg_reward=20.47 | avg_final_coverage=99.81% | avg_broadcast=100.00%
[DQN] step=10530 | epsilon=0.050 | mean_reward=18.39 | mean_coverage=97.06% | mean_broadcast=100.00% | q_loss=0.0877
    Eval -> avg_reward=19.17 | avg_final_coverage=98.21% | avg_broadcast=100.00%
[DQN] step=10535 | epsilon=0.050 | mean_reward=18.39 | mean_coverage=97.06% | mean_broadcast=100.00% | q_loss=0.0838
    Eval -> avg_reward=19.70 | avg_final_coverage=99.56% | avg_broadcast=100.00%
[DQN] step=10540 | epsilon=0.050 | mean_reward=18.39 | mean_coverage=97.06% | mean_broadcast=100.00% | q_loss=0.0950
    Eval -> avg_reward=21.25 | avg_final_coverage=99.97% | avg_broadcast=100.00%
    Eval -> avg_reward=19.55 | avg_final_coverage=99.81% | avg_broadcast=100.00%
[DQN] step=10545 | epsilon=0.050 | mean_reward=19.11 | mean_coverage=98.24% | mean_broadcast=100.00% | q_loss=0.0792
    Eval -> avg_reward=18.98 | avg_final_coverage=97.40% | avg_broadcast=100.00%
[DQN] step=10550 | epsilon=0.050 | mean_reward=19.11 | mean_coverage=98.24% | mean_broadcast=100.00% | q_loss=0.0573
    Eval -> avg_reward=19.23 | avg_final_coverage=99.59% | avg_broadcast=100.00%
[DQN] step=10555 | epsilon=0.050 | mean_reward=19.11 | mean_coverage=98.24% | mean_broadcast=100.00% | q_loss=0.0720
    Eval -> avg_reward=19.82 | avg_final_coverage=99.71% | avg_broadcast=100.00%
[DQN] step=10560 | epsilon=0.050 | mean_reward=19.11 | mean_coverage=98.24% | mean_broadcast=100.00% | q_loss=0.0852
    Eval -> avg_reward=20.86 | avg_final_coverage=99.94% | avg_broadcast=100.00%
    Eval -> avg_reward=18.66 | avg_final_coverage=99.13% | avg_broadcast=100.00%
[DQN] step=10565 | epsilon=0.050 | mean_reward=19.11 | mean_coverage=98.24% | mean_broadcast=100.00% | q_loss=0.0799
    Eval -> avg_reward=17.80 | avg_final_coverage=98.71% | avg_broadcast=100.00%
[DQN] step=10570 | epsilon=0.050 | mean_reward=18.71 | mean_coverage=98.22% | mean_broadcast=100.00% | q_loss=0.0679
    Eval -> avg_reward=19.47 | avg_final_coverage=99.78% | avg_broadcast=100.00%
[DQN] step=10575 | epsilon=0.050 | mean_reward=18.71 | mean_coverage=98.22% | mean_broadcast=100.00% | q_loss=0.0595
    Eval -> avg_reward=17.92 | avg_final_coverage=98.04% | avg_broadcast=100.00%
[DQN] step=10580 | epsilon=0.050 | mean_reward=18.71 | mean_coverage=98.22% | mean_broadcast=100.00% | q_loss=0.0774
    Eval -> avg_reward=17.52 | avg_final_coverage=96.94% | avg_broadcast=100.00%
    Eval -> avg_reward=16.47 | avg_final_coverage=93.24% | avg_broadcast=100.00%
[DQN] step=10585 | epsilon=0.050 | mean_reward=18.71 | mean_coverage=98.22% | mean_broadcast=100.00% | q_loss=0.0433
    Eval -> avg_reward=18.22 | avg_final_coverage=97.07% | avg_broadcast=100.00%
[DQN] step=10590 | epsilon=0.050 | mean_reward=18.71 | mean_coverage=98.22% | mean_broadcast=100.00% | q_loss=0.0428
    Eval -> avg_reward=18.15 | avg_final_coverage=98.31% | avg_broadcast=100.00%
[DQN] step=10595 | epsilon=0.050 | mean_reward=18.40 | mean_coverage=97.26% | mean_broadcast=100.00% | q_loss=0.0823
    Eval -> avg_reward=19.00 | avg_final_coverage=99.54% | avg_broadcast=100.00%
[DQN] step=10600 | epsilon=0.050 | mean_reward=18.40 | mean_coverage=97.26% | mean_broadcast=100.00% | q_loss=0.0661
    Eval -> avg_reward=15.89 | avg_final_coverage=90.40% | avg_broadcast=100.00%
    Eval -> avg_reward=18.12 | avg_final_coverage=97.74% | avg_broadcast=100.00%
[DQN] step=10605 | epsilon=0.050 | mean_reward=18.40 | mean_coverage=97.26% | mean_broadcast=100.00% | q_loss=0.0889
    Eval -> avg_reward=19.10 | avg_final_coverage=99.34% | avg_broadcast=100.00%
[DQN] step=10610 | epsilon=0.050 | mean_reward=18.40 | mean_coverage=97.26% | mean_broadcast=100.00% | q_loss=0.0764
    Eval -> avg_reward=19.75 | avg_final_coverage=99.49% | avg_broadcast=100.00%
[DQN] step=10615 | epsilon=0.050 | mean_reward=18.40 | mean_coverage=97.26% | mean_broadcast=100.00% | q_loss=0.0814
    Eval -> avg_reward=19.61 | avg_final_coverage=99.78% | avg_broadcast=100.00%
[DQN] step=10620 | epsilon=0.050 | mean_reward=18.56 | mean_coverage=97.88% | mean_broadcast=100.00% | q_loss=0.0755
    Eval -> avg_reward=20.60 | avg_final_coverage=99.88% | avg_broadcast=100.00%
    Eval -> avg_reward=20.40 | avg_final_coverage=99.88% | avg_broadcast=100.00%
[DQN] step=10625 | epsilon=0.050 | mean_reward=18.56 | mean_coverage=97.88% | mean_broadcast=100.00% | q_loss=0.0762
    Eval -> avg_reward=18.71 | avg_final_coverage=99.47% | avg_broadcast=100.00%
[DQN] step=10630 | epsilon=0.050 | mean_reward=18.56 | mean_coverage=97.88% | mean_broadcast=100.00% | q_loss=0.0768
    Eval -> avg_reward=19.63 | avg_final_coverage=99.76% | avg_broadcast=100.00%
[DQN] step=10635 | epsilon=0.050 | mean_reward=18.56 | mean_coverage=97.88% | mean_broadcast=100.00% | q_loss=0.0576
    Eval -> avg_reward=19.86 | avg_final_coverage=99.74% | avg_broadcast=100.00%
[DQN] step=10640 | epsilon=0.050 | mean_reward=18.56 | mean_coverage=97.88% | mean_broadcast=100.00% | q_loss=0.0648
    Eval -> avg_reward=18.63 | avg_final_coverage=98.74% | avg_broadcast=100.00%
    Eval -> avg_reward=18.88 | avg_final_coverage=99.65% | avg_broadcast=100.00%
[DQN] step=10645 | epsilon=0.050 | mean_reward=18.68 | mean_coverage=97.96% | mean_broadcast=100.00% | q_loss=0.0749
    Eval -> avg_reward=17.83 | avg_final_coverage=96.87% | avg_broadcast=100.00%
[DQN] step=10650 | epsilon=0.050 | mean_reward=18.68 | mean_coverage=97.96% | mean_broadcast=100.00% | q_loss=0.0549
    Eval -> avg_reward=17.60 | avg_final_coverage=95.79% | avg_broadcast=100.00%
[DQN] step=10655 | epsilon=0.050 | mean_reward=18.68 | mean_coverage=97.96% | mean_broadcast=100.00% | q_loss=0.0923
    Eval -> avg_reward=18.13 | avg_final_coverage=98.21% | avg_broadcast=100.00%
[DQN] step=10660 | epsilon=0.050 | mean_reward=18.68 | mean_coverage=97.96% | mean_broadcast=100.00% | q_loss=0.0995
    Eval -> avg_reward=18.69 | avg_final_coverage=98.19% | avg_broadcast=100.00%
    Eval -> avg_reward=17.64 | avg_final_coverage=95.28% | avg_broadcast=100.00%
[DQN] step=10665 | epsilon=0.050 | mean_reward=18.68 | mean_coverage=97.96% | mean_broadcast=100.00% | q_loss=0.1005
    Eval -> avg_reward=18.14 | avg_final_coverage=97.93% | avg_broadcast=100.00%
[DQN] step=10670 | epsilon=0.050 | mean_reward=18.19 | mean_coverage=97.79% | mean_broadcast=100.00% | q_loss=0.0760
    Eval -> avg_reward=18.28 | avg_final_coverage=97.99% | avg_broadcast=100.00%
[DQN] step=10675 | epsilon=0.050 | mean_reward=18.19 | mean_coverage=97.79% | mean_broadcast=100.00% | q_loss=0.0810
    Eval -> avg_reward=18.78 | avg_final_coverage=99.68% | avg_broadcast=100.00%
[DQN] step=10680 | epsilon=0.050 | mean_reward=18.19 | mean_coverage=97.79% | mean_broadcast=100.00% | q_loss=0.1054
    Eval -> avg_reward=19.26 | avg_final_coverage=99.82% | avg_broadcast=100.00%
    Eval -> avg_reward=18.03 | avg_final_coverage=97.79% | avg_broadcast=100.00%
[DQN] step=10685 | epsilon=0.050 | mean_reward=18.19 | mean_coverage=97.79% | mean_broadcast=100.00% | q_loss=0.0810
    Eval -> avg_reward=18.97 | avg_final_coverage=99.69% | avg_broadcast=100.00%
[DQN] step=10690 | epsilon=0.050 | mean_reward=18.19 | mean_coverage=97.79% | mean_broadcast=100.00% | q_loss=0.1531
    Eval -> avg_reward=19.91 | avg_final_coverage=98.91% | avg_broadcast=100.00%
[DQN] step=10695 | epsilon=0.050 | mean_reward=18.15 | mean_coverage=97.79% | mean_broadcast=100.00% | q_loss=0.1130
    Eval -> avg_reward=19.60 | avg_final_coverage=99.62% | avg_broadcast=100.00%
[DQN] step=10700 | epsilon=0.050 | mean_reward=18.15 | mean_coverage=97.79% | mean_broadcast=100.00% | q_loss=0.2067
    Eval -> avg_reward=20.24 | avg_final_coverage=99.88% | avg_broadcast=100.00%
    Eval -> avg_reward=19.24 | avg_final_coverage=99.69% | avg_broadcast=100.00%
[DQN] step=10705 | epsilon=0.050 | mean_reward=18.15 | mean_coverage=97.79% | mean_broadcast=100.00% | q_loss=0.1129
    Eval -> avg_reward=18.68 | avg_final_coverage=99.29% | avg_broadcast=100.00%
[DQN] step=10710 | epsilon=0.050 | mean_reward=18.15 | mean_coverage=97.79% | mean_broadcast=100.00% | q_loss=0.1495
    Eval -> avg_reward=18.81 | avg_final_coverage=99.43% | avg_broadcast=100.00%
[DQN] step=10715 | epsilon=0.050 | mean_reward=18.15 | mean_coverage=97.79% | mean_broadcast=100.00% | q_loss=0.0806
    Eval -> avg_reward=18.44 | avg_final_coverage=99.34% | avg_broadcast=100.00%
[DQN] step=10720 | epsilon=0.050 | mean_reward=18.65 | mean_coverage=99.49% | mean_broadcast=100.00% | q_loss=0.0854
    Eval -> avg_reward=18.52 | avg_final_coverage=99.16% | avg_broadcast=100.00%
    Eval -> avg_reward=17.21 | avg_final_coverage=96.13% | avg_broadcast=100.00%
[DQN] step=10725 | epsilon=0.050 | mean_reward=18.65 | mean_coverage=99.49% | mean_broadcast=100.00% | q_loss=0.0745
    Eval -> avg_reward=19.15 | avg_final_coverage=99.74% | avg_broadcast=100.00%
[DQN] step=10730 | epsilon=0.050 | mean_reward=18.65 | mean_coverage=99.49% | mean_broadcast=100.00% | q_loss=0.0702
    Eval -> avg_reward=18.58 | avg_final_coverage=98.79% | avg_broadcast=100.00%
[DQN] step=10735 | epsilon=0.050 | mean_reward=18.65 | mean_coverage=99.49% | mean_broadcast=100.00% | q_loss=0.0632
    Eval -> avg_reward=19.37 | avg_final_coverage=99.40% | avg_broadcast=100.00%
[DQN] step=10740 | epsilon=0.050 | mean_reward=18.65 | mean_coverage=99.49% | mean_broadcast=100.00% | q_loss=0.0748
    Eval -> avg_reward=18.77 | avg_final_coverage=99.19% | avg_broadcast=100.00%
    Eval -> avg_reward=18.20 | avg_final_coverage=99.06% | avg_broadcast=100.00%
[DQN] step=10745 | epsilon=0.050 | mean_reward=18.45 | mean_coverage=98.87% | mean_broadcast=100.00% | q_loss=0.0719
    Eval -> avg_reward=17.96 | avg_final_coverage=98.35% | avg_broadcast=100.00%
[DQN] step=10750 | epsilon=0.050 | mean_reward=18.45 | mean_coverage=98.87% | mean_broadcast=100.00% | q_loss=0.0887
    Eval -> avg_reward=17.57 | avg_final_coverage=96.96% | avg_broadcast=100.00%
[DQN] step=10755 | epsilon=0.050 | mean_reward=18.45 | mean_coverage=98.87% | mean_broadcast=100.00% | q_loss=0.0655
    Eval -> avg_reward=18.19 | avg_final_coverage=98.87% | avg_broadcast=100.00%
[DQN] step=10760 | epsilon=0.050 | mean_reward=18.45 | mean_coverage=98.87% | mean_broadcast=100.00% | q_loss=0.0799
    Eval -> avg_reward=18.84 | avg_final_coverage=99.29% | avg_broadcast=100.00%
    Eval -> avg_reward=18.19 | avg_final_coverage=99.25% | avg_broadcast=100.00%
[DQN] step=10765 | epsilon=0.050 | mean_reward=18.45 | mean_coverage=98.87% | mean_broadcast=100.00% | q_loss=0.0640
    Eval -> avg_reward=18.44 | avg_final_coverage=99.01% | avg_broadcast=100.00%
[DQN] step=10770 | epsilon=0.050 | mean_reward=18.34 | mean_coverage=98.57% | mean_broadcast=100.00% | q_loss=0.0946
    Eval -> avg_reward=18.38 | avg_final_coverage=99.68% | avg_broadcast=100.00%
[DQN] step=10775 | epsilon=0.050 | mean_reward=18.34 | mean_coverage=98.57% | mean_broadcast=100.00% | q_loss=0.0767
    Eval -> avg_reward=18.35 | avg_final_coverage=98.46% | avg_broadcast=100.00%
[DQN] step=10780 | epsilon=0.050 | mean_reward=18.34 | mean_coverage=98.57% | mean_broadcast=100.00% | q_loss=0.0606
    Eval -> avg_reward=19.39 | avg_final_coverage=99.43% | avg_broadcast=100.00%
    Eval -> avg_reward=18.17 | avg_final_coverage=98.71% | avg_broadcast=100.00%
[DQN] step=10785 | epsilon=0.050 | mean_reward=18.34 | mean_coverage=98.57% | mean_broadcast=100.00% | q_loss=0.0675
    Eval -> avg_reward=18.70 | avg_final_coverage=99.47% | avg_broadcast=100.00%
[DQN] step=10790 | epsilon=0.050 | mean_reward=18.34 | mean_coverage=98.57% | mean_broadcast=100.00% | q_loss=0.0544
    Eval -> avg_reward=18.57 | avg_final_coverage=99.57% | avg_broadcast=100.00%
[DQN] step=10795 | epsilon=0.050 | mean_reward=18.33 | mean_coverage=98.56% | mean_broadcast=100.00% | q_loss=0.0463
    Eval -> avg_reward=18.96 | avg_final_coverage=98.74% | avg_broadcast=100.00%
[DQN] step=10800 | epsilon=0.050 | mean_reward=18.33 | mean_coverage=98.56% | mean_broadcast=100.00% | q_loss=0.0470
    Eval -> avg_reward=18.00 | avg_final_coverage=98.76% | avg_broadcast=100.00%
    Eval -> avg_reward=18.26 | avg_final_coverage=98.46% | avg_broadcast=100.00%
[DQN] step=10805 | epsilon=0.050 | mean_reward=18.33 | mean_coverage=98.56% | mean_broadcast=100.00% | q_loss=0.0479
    Eval -> avg_reward=18.77 | avg_final_coverage=99.12% | avg_broadcast=100.00%
[DQN] step=10810 | epsilon=0.050 | mean_reward=18.33 | mean_coverage=98.56% | mean_broadcast=100.00% | q_loss=0.0592
    Eval -> avg_reward=18.70 | avg_final_coverage=99.82% | avg_broadcast=100.00%
[DQN] step=10815 | epsilon=0.050 | mean_reward=18.33 | mean_coverage=98.56% | mean_broadcast=100.00% | q_loss=0.0471
    Eval -> avg_reward=18.27 | avg_final_coverage=99.41% | avg_broadcast=100.00%
[DQN] step=10820 | epsilon=0.050 | mean_reward=18.13 | mean_coverage=97.90% | mean_broadcast=100.00% | q_loss=0.0643
    Eval -> avg_reward=18.29 | avg_final_coverage=99.68% | avg_broadcast=100.00%
    Eval -> avg_reward=19.26 | avg_final_coverage=99.34% | avg_broadcast=100.00%
[DQN] step=10825 | epsilon=0.050 | mean_reward=18.13 | mean_coverage=97.90% | mean_broadcast=100.00% | q_loss=0.0564
    Eval -> avg_reward=19.31 | avg_final_coverage=99.10% | avg_broadcast=100.00%
[DQN] step=10830 | epsilon=0.050 | mean_reward=18.13 | mean_coverage=97.90% | mean_broadcast=100.00% | q_loss=0.0595
    Eval -> avg_reward=17.92 | avg_final_coverage=97.59% | avg_broadcast=100.00%
[DQN] step=10835 | epsilon=0.050 | mean_reward=18.13 | mean_coverage=97.90% | mean_broadcast=100.00% | q_loss=0.0520
    Eval -> avg_reward=18.38 | avg_final_coverage=98.85% | avg_broadcast=100.00%
[DQN] step=10840 | epsilon=0.050 | mean_reward=18.13 | mean_coverage=97.90% | mean_broadcast=100.00% | q_loss=0.0661
    Eval -> avg_reward=19.70 | avg_final_coverage=99.82% | avg_broadcast=100.00%
    Eval -> avg_reward=19.34 | avg_final_coverage=99.74% | avg_broadcast=100.00%
[DQN] step=10845 | epsilon=0.050 | mean_reward=17.97 | mean_coverage=97.71% | mean_broadcast=100.00% | q_loss=0.0841
    Eval -> avg_reward=18.57 | avg_final_coverage=98.82% | avg_broadcast=100.00%
[DQN] step=10850 | epsilon=0.050 | mean_reward=17.97 | mean_coverage=97.71% | mean_broadcast=100.00% | q_loss=0.0651
    Eval -> avg_reward=20.39 | avg_final_coverage=99.94% | avg_broadcast=100.00%
[DQN] step=10855 | epsilon=0.050 | mean_reward=17.97 | mean_coverage=97.71% | mean_broadcast=100.00% | q_loss=0.0657
    Eval -> avg_reward=18.11 | avg_final_coverage=98.79% | avg_broadcast=100.00%
[DQN] step=10860 | epsilon=0.050 | mean_reward=18.62 | mean_coverage=98.44% | mean_broadcast=100.00% | q_loss=0.0606
    Eval -> avg_reward=18.91 | avg_final_coverage=99.69% | avg_broadcast=100.00%
    Eval -> avg_reward=20.61 | avg_final_coverage=99.94% | avg_broadcast=100.00%
[DQN] step=10865 | epsilon=0.050 | mean_reward=18.62 | mean_coverage=98.44% | mean_broadcast=100.00% | q_loss=0.0605
    Eval -> avg_reward=20.32 | avg_final_coverage=99.87% | avg_broadcast=100.00%
[DQN] step=10870 | epsilon=0.050 | mean_reward=18.62 | mean_coverage=98.44% | mean_broadcast=100.00% | q_loss=0.0590
    Eval -> avg_reward=20.28 | avg_final_coverage=99.84% | avg_broadcast=100.00%
[DQN] step=10875 | epsilon=0.050 | mean_reward=18.62 | mean_coverage=98.44% | mean_broadcast=100.00% | q_loss=0.0535
    Eval -> avg_reward=19.63 | avg_final_coverage=99.68% | avg_broadcast=100.00%
[DQN] step=10880 | epsilon=0.050 | mean_reward=18.62 | mean_coverage=98.44% | mean_broadcast=100.00% | q_loss=0.0603
    Eval -> avg_reward=20.21 | avg_final_coverage=99.82% | avg_broadcast=100.00%
    Eval -> avg_reward=19.56 | avg_final_coverage=99.90% | avg_broadcast=100.00%
[DQN] step=10885 | epsilon=0.050 | mean_reward=18.69 | mean_coverage=98.68% | mean_broadcast=100.00% | q_loss=0.0668
    Eval -> avg_reward=19.95 | avg_final_coverage=99.68% | avg_broadcast=100.00%
[DQN] step=10890 | epsilon=0.050 | mean_reward=18.69 | mean_coverage=98.68% | mean_broadcast=100.00% | q_loss=0.0811
    Eval -> avg_reward=19.31 | avg_final_coverage=99.68% | avg_broadcast=100.00%
[DQN] step=10895 | epsilon=0.050 | mean_reward=18.69 | mean_coverage=98.68% | mean_broadcast=100.00% | q_loss=0.0614
    Eval -> avg_reward=18.59 | avg_final_coverage=99.50% | avg_broadcast=100.00%
[DQN] step=10900 | epsilon=0.050 | mean_reward=18.69 | mean_coverage=98.68% | mean_broadcast=100.00% | q_loss=0.0514
    Eval -> avg_reward=18.32 | avg_final_coverage=99.03% | avg_broadcast=100.00%
    Eval -> avg_reward=18.85 | avg_final_coverage=99.28% | avg_broadcast=100.00%
[DQN] step=10905 | epsilon=0.050 | mean_reward=18.69 | mean_coverage=98.68% | mean_broadcast=100.00% | q_loss=0.0717
    Eval -> avg_reward=17.94 | avg_final_coverage=98.34% | avg_broadcast=100.00%
[DQN] step=10910 | epsilon=0.050 | mean_reward=18.69 | mean_coverage=98.71% | mean_broadcast=100.00% | q_loss=0.0895
    Eval -> avg_reward=18.13 | avg_final_coverage=97.35% | avg_broadcast=100.00%
[DQN] step=10915 | epsilon=0.050 | mean_reward=18.69 | mean_coverage=98.71% | mean_broadcast=100.00% | q_loss=0.1204
    Eval -> avg_reward=17.87 | avg_final_coverage=97.13% | avg_broadcast=100.00%
[DQN] step=10920 | epsilon=0.050 | mean_reward=18.69 | mean_coverage=98.71% | mean_broadcast=100.00% | q_loss=0.0681
    Eval -> avg_reward=18.62 | avg_final_coverage=97.72% | avg_broadcast=100.00%
    Eval -> avg_reward=18.66 | avg_final_coverage=98.40% | avg_broadcast=100.00%
[DQN] step=10925 | epsilon=0.050 | mean_reward=18.69 | mean_coverage=98.71% | mean_broadcast=100.00% | q_loss=0.0623
    Eval -> avg_reward=18.10 | avg_final_coverage=97.29% | avg_broadcast=100.00%
[DQN] step=10930 | epsilon=0.050 | mean_reward=18.69 | mean_coverage=98.71% | mean_broadcast=100.00% | q_loss=0.1043
    Eval -> avg_reward=18.67 | avg_final_coverage=97.62% | avg_broadcast=100.00%
[DQN] step=10935 | epsilon=0.050 | mean_reward=18.84 | mean_coverage=99.31% | mean_broadcast=100.00% | q_loss=0.0727
    Eval -> avg_reward=17.38 | avg_final_coverage=95.19% | avg_broadcast=100.00%
[DQN] step=10940 | epsilon=0.050 | mean_reward=18.84 | mean_coverage=99.31% | mean_broadcast=100.00% | q_loss=0.0544
    Eval -> avg_reward=18.45 | avg_final_coverage=98.29% | avg_broadcast=100.00%
    Eval -> avg_reward=18.03 | avg_final_coverage=97.26% | avg_broadcast=100.00%
[DQN] step=10945 | epsilon=0.050 | mean_reward=18.84 | mean_coverage=99.31% | mean_broadcast=100.00% | q_loss=0.0574
    Eval -> avg_reward=18.14 | avg_final_coverage=97.72% | avg_broadcast=100.00%
[DQN] step=10950 | epsilon=0.050 | mean_reward=18.84 | mean_coverage=99.31% | mean_broadcast=100.00% | q_loss=0.0468
    Eval -> avg_reward=18.63 | avg_final_coverage=98.47% | avg_broadcast=100.00%
[DQN] step=10955 | epsilon=0.050 | mean_reward=18.84 | mean_coverage=99.31% | mean_broadcast=100.00% | q_loss=0.0684
    Eval -> avg_reward=19.47 | avg_final_coverage=99.59% | avg_broadcast=100.00%
[DQN] step=10960 | epsilon=0.050 | mean_reward=18.99 | mean_coverage=99.54% | mean_broadcast=100.00% | q_loss=0.0701
    Eval -> avg_reward=18.59 | avg_final_coverage=96.12% | avg_broadcast=100.00%
    Eval -> avg_reward=18.12 | avg_final_coverage=96.47% | avg_broadcast=100.00%
[DQN] step=10965 | epsilon=0.050 | mean_reward=18.99 | mean_coverage=99.54% | mean_broadcast=100.00% | q_loss=0.0531
    Eval -> avg_reward=18.85 | avg_final_coverage=98.32% | avg_broadcast=100.00%
[DQN] step=10970 | epsilon=0.050 | mean_reward=18.99 | mean_coverage=99.54% | mean_broadcast=100.00% | q_loss=0.0676
    Eval -> avg_reward=17.84 | avg_final_coverage=96.12% | avg_broadcast=100.00%
[DQN] step=10975 | epsilon=0.050 | mean_reward=18.99 | mean_coverage=99.54% | mean_broadcast=100.00% | q_loss=0.0610
    Eval -> avg_reward=19.13 | avg_final_coverage=97.62% | avg_broadcast=100.00%
[DQN] step=10980 | epsilon=0.050 | mean_reward=18.99 | mean_coverage=99.54% | mean_broadcast=100.00% | q_loss=0.0662
    Eval -> avg_reward=18.32 | avg_final_coverage=98.53% | avg_broadcast=100.00%
    Eval -> avg_reward=18.16 | avg_final_coverage=97.29% | avg_broadcast=100.00%
[DQN] step=10985 | epsilon=0.050 | mean_reward=18.27 | mean_coverage=98.04% | mean_broadcast=100.00% | q_loss=0.0520
    Eval -> avg_reward=18.57 | avg_final_coverage=98.91% | avg_broadcast=100.00%
[DQN] step=10990 | epsilon=0.050 | mean_reward=18.27 | mean_coverage=98.04% | mean_broadcast=100.00% | q_loss=0.0637
    Eval -> avg_reward=18.52 | avg_final_coverage=98.38% | avg_broadcast=100.00%
[DQN] step=10995 | epsilon=0.050 | mean_reward=18.27 | mean_coverage=98.04% | mean_broadcast=100.00% | q_loss=0.0641
    Eval -> avg_reward=19.56 | avg_final_coverage=99.72% | avg_broadcast=100.00%
[DQN] step=11000 | epsilon=0.050 | mean_reward=18.27 | mean_coverage=98.04% | mean_broadcast=100.00% | q_loss=0.0486
    Eval -> avg_reward=18.87 | avg_final_coverage=98.99% | avg_broadcast=100.00%
    Eval -> avg_reward=20.50 | avg_final_coverage=99.82% | avg_broadcast=100.00%
[DQN] step=11005 | epsilon=0.050 | mean_reward=18.27 | mean_coverage=98.04% | mean_broadcast=100.00% | q_loss=0.0931
    Eval -> avg_reward=19.86 | avg_final_coverage=99.57% | avg_broadcast=100.00%
[DQN] step=11010 | epsilon=0.050 | mean_reward=18.18 | mean_coverage=97.97% | mean_broadcast=100.00% | q_loss=0.0833
    Eval -> avg_reward=19.52 | avg_final_coverage=98.90% | avg_broadcast=100.00%
[DQN] step=11015 | epsilon=0.050 | mean_reward=18.18 | mean_coverage=97.97% | mean_broadcast=100.00% | q_loss=0.1086
    Eval -> avg_reward=20.23 | avg_final_coverage=99.53% | avg_broadcast=100.00%
[DQN] step=11020 | epsilon=0.050 | mean_reward=18.18 | mean_coverage=97.97% | mean_broadcast=100.00% | q_loss=0.0786
    Eval -> avg_reward=19.34 | avg_final_coverage=99.65% | avg_broadcast=100.00%
    Eval -> avg_reward=18.67 | avg_final_coverage=99.26% | avg_broadcast=100.00%
[DQN] step=11025 | epsilon=0.050 | mean_reward=18.18 | mean_coverage=97.97% | mean_broadcast=100.00% | q_loss=0.0865
    Eval -> avg_reward=20.41 | avg_final_coverage=99.84% | avg_broadcast=100.00%
[DQN] step=11030 | epsilon=0.050 | mean_reward=18.70 | mean_coverage=98.10% | mean_broadcast=100.00% | q_loss=0.0819
    Eval -> avg_reward=19.40 | avg_final_coverage=99.60% | avg_broadcast=100.00%
[DQN] step=11035 | epsilon=0.050 | mean_reward=18.70 | mean_coverage=98.10% | mean_broadcast=100.00% | q_loss=0.0994
    Eval -> avg_reward=19.11 | avg_final_coverage=99.81% | avg_broadcast=100.00%
[DQN] step=11040 | epsilon=0.050 | mean_reward=18.70 | mean_coverage=98.10% | mean_broadcast=100.00% | q_loss=0.0967
    Eval -> avg_reward=19.39 | avg_final_coverage=99.60% | avg_broadcast=100.00%
    Eval -> avg_reward=19.28 | avg_final_coverage=98.78% | avg_broadcast=100.00%
[DQN] step=11045 | epsilon=0.050 | mean_reward=18.70 | mean_coverage=98.10% | mean_broadcast=100.00% | q_loss=0.0870
    Eval -> avg_reward=18.76 | avg_final_coverage=99.59% | avg_broadcast=100.00%
[DQN] step=11050 | epsilon=0.050 | mean_reward=18.70 | mean_coverage=98.10% | mean_broadcast=100.00% | q_loss=0.0891
    Eval -> avg_reward=19.30 | avg_final_coverage=99.82% | avg_broadcast=100.00%
[DQN] step=11055 | epsilon=0.050 | mean_reward=19.05 | mean_coverage=98.19% | mean_broadcast=100.00% | q_loss=0.0743
    Eval -> avg_reward=20.07 | avg_final_coverage=99.60% | avg_broadcast=100.00%
[DQN] step=11060 | epsilon=0.050 | mean_reward=19.05 | mean_coverage=98.19% | mean_broadcast=100.00% | q_loss=0.0745
    Eval -> avg_reward=17.82 | avg_final_coverage=95.06% | avg_broadcast=100.00%
    Eval -> avg_reward=19.24 | avg_final_coverage=99.32% | avg_broadcast=100.00%
[DQN] step=11065 | epsilon=0.050 | mean_reward=19.05 | mean_coverage=98.19% | mean_broadcast=100.00% | q_loss=0.1045
    Eval -> avg_reward=18.04 | avg_final_coverage=98.78% | avg_broadcast=100.00%
[DQN] step=11070 | epsilon=0.050 | mean_reward=19.05 | mean_coverage=98.19% | mean_broadcast=100.00% | q_loss=0.1255
    Eval -> avg_reward=16.95 | avg_final_coverage=94.04% | avg_broadcast=100.00%
[DQN] step=11075 | epsilon=0.050 | mean_reward=19.05 | mean_coverage=98.19% | mean_broadcast=100.00% | q_loss=0.0670
    Eval -> avg_reward=18.53 | avg_final_coverage=97.12% | avg_broadcast=100.00%
[DQN] step=11080 | epsilon=0.050 | mean_reward=19.05 | mean_coverage=98.04% | mean_broadcast=100.00% | q_loss=0.1022
    Eval -> avg_reward=19.03 | avg_final_coverage=98.00% | avg_broadcast=100.00%
    Eval -> avg_reward=19.17 | avg_final_coverage=98.53% | avg_broadcast=100.00%
[DQN] step=11085 | epsilon=0.050 | mean_reward=19.05 | mean_coverage=98.04% | mean_broadcast=100.00% | q_loss=0.1027
    Eval -> avg_reward=20.10 | avg_final_coverage=99.47% | avg_broadcast=100.00%
[DQN] step=11090 | epsilon=0.050 | mean_reward=19.05 | mean_coverage=98.04% | mean_broadcast=100.00% | q_loss=0.1035
    Eval -> avg_reward=19.92 | avg_final_coverage=99.91% | avg_broadcast=100.00%
[DQN] step=11095 | epsilon=0.050 | mean_reward=19.05 | mean_coverage=98.04% | mean_broadcast=100.00% | q_loss=0.0815
    Eval -> avg_reward=18.42 | avg_final_coverage=99.13% | avg_broadcast=100.00%
[DQN] step=11100 | epsilon=0.050 | mean_reward=19.05 | mean_coverage=98.04% | mean_broadcast=100.00% | q_loss=0.0825
    Eval -> avg_reward=18.80 | avg_final_coverage=97.88% | avg_broadcast=100.00%
    Eval -> avg_reward=19.28 | avg_final_coverage=99.47% | avg_broadcast=100.00%
[DQN] step=11105 | epsilon=0.050 | mean_reward=19.37 | mean_coverage=99.50% | mean_broadcast=100.00% | q_loss=0.0793
    Eval -> avg_reward=18.70 | avg_final_coverage=97.72% | avg_broadcast=100.00%
[DQN] step=11110 | epsilon=0.050 | mean_reward=19.37 | mean_coverage=99.50% | mean_broadcast=100.00% | q_loss=0.0664
    Eval -> avg_reward=17.72 | avg_final_coverage=95.29% | avg_broadcast=100.00%
[DQN] step=11115 | epsilon=0.050 | mean_reward=19.37 | mean_coverage=99.50% | mean_broadcast=100.00% | q_loss=0.1011
    Eval -> avg_reward=18.34 | avg_final_coverage=97.06% | avg_broadcast=100.00%
[DQN] step=11120 | epsilon=0.050 | mean_reward=19.37 | mean_coverage=99.50% | mean_broadcast=100.00% | q_loss=0.0652
    Eval -> avg_reward=16.40 | avg_final_coverage=91.38% | avg_broadcast=100.00%
    Eval -> avg_reward=17.82 | avg_final_coverage=97.15% | avg_broadcast=100.00%
[DQN] step=11125 | epsilon=0.050 | mean_reward=19.37 | mean_coverage=99.50% | mean_broadcast=100.00% | q_loss=0.0525
    Eval -> avg_reward=17.48 | avg_final_coverage=96.46% | avg_broadcast=100.00%
[DQN] step=11130 | epsilon=0.050 | mean_reward=19.50 | mean_coverage=99.62% | mean_broadcast=100.00% | q_loss=0.1027
    Eval -> avg_reward=17.30 | avg_final_coverage=96.35% | avg_broadcast=100.00%
[DQN] step=11135 | epsilon=0.050 | mean_reward=19.50 | mean_coverage=99.62% | mean_broadcast=100.00% | q_loss=0.1816
    Eval -> avg_reward=17.67 | avg_final_coverage=98.07% | avg_broadcast=100.00%
[DQN] step=11140 | epsilon=0.050 | mean_reward=19.50 | mean_coverage=99.62% | mean_broadcast=100.00% | q_loss=0.1677
    Eval -> avg_reward=17.90 | avg_final_coverage=97.38% | avg_broadcast=100.00%
    Eval -> avg_reward=19.35 | avg_final_coverage=99.76% | avg_broadcast=100.00%
[DQN] step=11145 | epsilon=0.050 | mean_reward=19.50 | mean_coverage=99.62% | mean_broadcast=100.00% | q_loss=0.1762
    Eval -> avg_reward=18.25 | avg_final_coverage=97.72% | avg_broadcast=100.00%
[DQN] step=11150 | epsilon=0.050 | mean_reward=19.50 | mean_coverage=99.62% | mean_broadcast=100.00% | q_loss=0.1470
    Eval -> avg_reward=18.99 | avg_final_coverage=98.62% | avg_broadcast=100.00%
[DQN] step=11155 | epsilon=0.050 | mean_reward=18.73 | mean_coverage=98.84% | mean_broadcast=100.00% | q_loss=0.1104
    Eval -> avg_reward=20.29 | avg_final_coverage=99.65% | avg_broadcast=100.00%
[DQN] step=11160 | epsilon=0.050 | mean_reward=18.73 | mean_coverage=98.84% | mean_broadcast=100.00% | q_loss=0.0998
    Eval -> avg_reward=18.98 | avg_final_coverage=99.06% | avg_broadcast=100.00%
    Eval -> avg_reward=16.41 | avg_final_coverage=93.37% | avg_broadcast=100.00%
[DQN] step=11165 | epsilon=0.050 | mean_reward=18.73 | mean_coverage=98.84% | mean_broadcast=100.00% | q_loss=0.1029
    Eval -> avg_reward=17.37 | avg_final_coverage=95.74% | avg_broadcast=100.00%
[DQN] step=11170 | epsilon=0.050 | mean_reward=18.89 | mean_coverage=98.84% | mean_broadcast=100.00% | q_loss=0.0949
    Eval -> avg_reward=15.05 | avg_final_coverage=88.99% | avg_broadcast=100.00%
[DQN] step=11175 | epsilon=0.050 | mean_reward=18.89 | mean_coverage=98.84% | mean_broadcast=100.00% | q_loss=0.0705
    Eval -> avg_reward=15.36 | avg_final_coverage=89.60% | avg_broadcast=100.00%
[DQN] step=11180 | epsilon=0.050 | mean_reward=18.89 | mean_coverage=98.84% | mean_broadcast=100.00% | q_loss=0.0824
    Eval -> avg_reward=17.10 | avg_final_coverage=96.40% | avg_broadcast=100.00%
    Eval -> avg_reward=15.94 | avg_final_coverage=91.38% | avg_broadcast=100.00%
[DQN] step=11185 | epsilon=0.050 | mean_reward=18.89 | mean_coverage=98.84% | mean_broadcast=100.00% | q_loss=0.0656
    Eval -> avg_reward=15.90 | avg_final_coverage=88.41% | avg_broadcast=100.00%
[DQN] step=11190 | epsilon=0.050 | mean_reward=18.89 | mean_coverage=98.84% | mean_broadcast=100.00% | q_loss=0.0770
    Eval -> avg_reward=15.09 | avg_final_coverage=86.63% | avg_broadcast=98.94%
[DQN] step=11195 | epsilon=0.050 | mean_reward=18.57 | mean_coverage=98.01% | mean_broadcast=100.00% | q_loss=0.0929
    Eval -> avg_reward=18.28 | avg_final_coverage=97.13% | avg_broadcast=100.00%
[DQN] step=11200 | epsilon=0.050 | mean_reward=18.57 | mean_coverage=98.01% | mean_broadcast=100.00% | q_loss=0.0642
    Eval -> avg_reward=16.59 | avg_final_coverage=91.68% | avg_broadcast=100.00%
    Eval -> avg_reward=18.05 | avg_final_coverage=96.62% | avg_broadcast=100.00%
[DQN] step=11205 | epsilon=0.050 | mean_reward=18.57 | mean_coverage=98.01% | mean_broadcast=100.00% | q_loss=0.0556
    Eval -> avg_reward=17.40 | avg_final_coverage=95.68% | avg_broadcast=100.00%
[DQN] step=11210 | epsilon=0.050 | mean_reward=18.57 | mean_coverage=98.01% | mean_broadcast=100.00% | q_loss=0.0643
    Eval -> avg_reward=20.18 | avg_final_coverage=99.88% | avg_broadcast=100.00%
[DQN] step=11215 | epsilon=0.050 | mean_reward=18.57 | mean_coverage=98.01% | mean_broadcast=100.00% | q_loss=0.0680
    Eval -> avg_reward=19.51 | avg_final_coverage=99.71% | avg_broadcast=100.00%
[DQN] step=11220 | epsilon=0.050 | mean_reward=18.25 | mean_coverage=97.04% | mean_broadcast=100.00% | q_loss=0.0738
    Eval -> avg_reward=19.68 | avg_final_coverage=99.88% | avg_broadcast=100.00%
    Eval -> avg_reward=20.52 | avg_final_coverage=99.91% | avg_broadcast=100.00%
[DQN] step=11225 | epsilon=0.050 | mean_reward=18.25 | mean_coverage=97.04% | mean_broadcast=100.00% | q_loss=0.0592
    Eval -> avg_reward=19.99 | avg_final_coverage=99.68% | avg_broadcast=100.00%
[DQN] step=11230 | epsilon=0.050 | mean_reward=18.25 | mean_coverage=97.04% | mean_broadcast=100.00% | q_loss=0.0546
    Eval -> avg_reward=19.89 | avg_final_coverage=99.62% | avg_broadcast=100.00%
[DQN] step=11235 | epsilon=0.050 | mean_reward=18.25 | mean_coverage=97.04% | mean_broadcast=100.00% | q_loss=0.0773
    Eval -> avg_reward=20.45 | avg_final_coverage=99.84% | avg_broadcast=100.00%
[DQN] step=11240 | epsilon=0.050 | mean_reward=18.25 | mean_coverage=97.04% | mean_broadcast=100.00% | q_loss=0.0712
    Eval -> avg_reward=19.42 | avg_final_coverage=99.32% | avg_broadcast=100.00%
    Eval -> avg_reward=19.43 | avg_final_coverage=99.76% | avg_broadcast=100.00%
[DQN] step=11245 | epsilon=0.050 | mean_reward=18.20 | mean_coverage=97.00% | mean_broadcast=100.00% | q_loss=0.0570
    Eval -> avg_reward=18.16 | avg_final_coverage=98.41% | avg_broadcast=100.00%
[DQN] step=11250 | epsilon=0.050 | mean_reward=18.20 | mean_coverage=97.00% | mean_broadcast=100.00% | q_loss=0.0668
    Eval -> avg_reward=18.87 | avg_final_coverage=99.53% | avg_broadcast=100.00%
[DQN] step=11255 | epsilon=0.050 | mean_reward=18.20 | mean_coverage=97.00% | mean_broadcast=100.00% | q_loss=0.0708
    Eval -> avg_reward=19.11 | avg_final_coverage=99.54% | avg_broadcast=100.00%
[DQN] step=11260 | epsilon=0.050 | mean_reward=18.20 | mean_coverage=97.00% | mean_broadcast=100.00% | q_loss=0.0628
    Eval -> avg_reward=18.37 | avg_final_coverage=99.59% | avg_broadcast=100.00%
    Eval -> avg_reward=18.77 | avg_final_coverage=99.47% | avg_broadcast=100.00%
[DQN] step=11265 | epsilon=0.050 | mean_reward=19.03 | mean_coverage=97.78% | mean_broadcast=100.00% | q_loss=0.0750
    Eval -> avg_reward=20.10 | avg_final_coverage=99.91% | avg_broadcast=100.00%
[DQN] step=11270 | epsilon=0.050 | mean_reward=19.03 | mean_coverage=97.78% | mean_broadcast=100.00% | q_loss=0.0718
    Eval -> avg_reward=19.81 | avg_final_coverage=99.88% | avg_broadcast=100.00%
[DQN] step=11275 | epsilon=0.050 | mean_reward=19.03 | mean_coverage=97.78% | mean_broadcast=100.00% | q_loss=0.0563
    Eval -> avg_reward=19.42 | avg_final_coverage=99.46% | avg_broadcast=100.00%
[DQN] step=11280 | epsilon=0.050 | mean_reward=19.03 | mean_coverage=97.78% | mean_broadcast=100.00% | q_loss=0.0680
    Eval -> avg_reward=19.26 | avg_final_coverage=99.68% | avg_broadcast=100.00%
    Eval -> avg_reward=18.23 | avg_final_coverage=99.03% | avg_broadcast=100.00%
[DQN] step=11285 | epsilon=0.050 | mean_reward=19.03 | mean_coverage=97.78% | mean_broadcast=100.00% | q_loss=0.0568
    Eval -> avg_reward=17.91 | avg_final_coverage=98.00% | avg_broadcast=100.00%
[DQN] step=11290 | epsilon=0.050 | mean_reward=18.41 | mean_coverage=97.60% | mean_broadcast=100.00% | q_loss=0.0581
    Eval -> avg_reward=18.25 | avg_final_coverage=98.84% | avg_broadcast=100.00%
[DQN] step=11295 | epsilon=0.050 | mean_reward=18.41 | mean_coverage=97.60% | mean_broadcast=100.00% | q_loss=0.0651
    Eval -> avg_reward=18.21 | avg_final_coverage=98.65% | avg_broadcast=100.00%
[DQN] step=11300 | epsilon=0.050 | mean_reward=18.41 | mean_coverage=97.60% | mean_broadcast=100.00% | q_loss=0.0846
    Eval -> avg_reward=20.44 | avg_final_coverage=99.96% | avg_broadcast=100.00%
    Eval -> avg_reward=18.70 | avg_final_coverage=99.41% | avg_broadcast=100.00%
[DQN] step=11305 | epsilon=0.050 | mean_reward=18.41 | mean_coverage=97.60% | mean_broadcast=100.00% | q_loss=0.0874
    Eval -> avg_reward=18.03 | avg_final_coverage=98.13% | avg_broadcast=100.00%
[DQN] step=11310 | epsilon=0.050 | mean_reward=18.41 | mean_coverage=97.60% | mean_broadcast=100.00% | q_loss=0.0936
    Eval -> avg_reward=19.48 | avg_final_coverage=99.82% | avg_broadcast=100.00%
[DQN] step=11315 | epsilon=0.050 | mean_reward=18.61 | mean_coverage=98.26% | mean_broadcast=100.00% | q_loss=0.0567
    Eval -> avg_reward=18.60 | avg_final_coverage=99.69% | avg_broadcast=100.00%
[DQN] step=11320 | epsilon=0.050 | mean_reward=18.61 | mean_coverage=98.26% | mean_broadcast=100.00% | q_loss=0.0933
    Eval -> avg_reward=18.61 | avg_final_coverage=99.51% | avg_broadcast=100.00%
    Eval -> avg_reward=17.90 | avg_final_coverage=94.94% | avg_broadcast=99.40%
[DQN] step=11325 | epsilon=0.050 | mean_reward=18.61 | mean_coverage=98.26% | mean_broadcast=100.00% | q_loss=0.0840
    Eval -> avg_reward=18.30 | avg_final_coverage=99.18% | avg_broadcast=100.00%
[DQN] step=11330 | epsilon=0.050 | mean_reward=18.61 | mean_coverage=98.26% | mean_broadcast=100.00% | q_loss=0.0830
    Eval -> avg_reward=18.16 | avg_final_coverage=98.79% | avg_broadcast=100.00%
[DQN] step=11335 | epsilon=0.050 | mean_reward=18.61 | mean_coverage=98.26% | mean_broadcast=100.00% | q_loss=0.0603
    Eval -> avg_reward=16.69 | avg_final_coverage=93.18% | avg_broadcast=100.00%
[DQN] step=11340 | epsilon=0.050 | mean_reward=18.94 | mean_coverage=99.13% | mean_broadcast=100.00% | q_loss=0.0789
    Eval -> avg_reward=18.19 | avg_final_coverage=95.43% | avg_broadcast=100.00%
    Eval -> avg_reward=18.04 | avg_final_coverage=96.06% | avg_broadcast=100.00%
[DQN] step=11345 | epsilon=0.050 | mean_reward=18.94 | mean_coverage=99.13% | mean_broadcast=100.00% | q_loss=0.0956
    Eval -> avg_reward=19.47 | avg_final_coverage=99.41% | avg_broadcast=100.00%
[DQN] step=11350 | epsilon=0.050 | mean_reward=18.94 | mean_coverage=99.13% | mean_broadcast=100.00% | q_loss=0.0855
    Eval -> avg_reward=18.48 | avg_final_coverage=98.01% | avg_broadcast=100.00%
[DQN] step=11355 | epsilon=0.050 | mean_reward=18.94 | mean_coverage=99.13% | mean_broadcast=100.00% | q_loss=0.0704
    Eval -> avg_reward=17.88 | avg_final_coverage=95.29% | avg_broadcast=100.00%
[DQN] step=11360 | epsilon=0.050 | mean_reward=18.94 | mean_coverage=99.13% | mean_broadcast=100.00% | q_loss=0.0743
    Eval -> avg_reward=17.30 | avg_final_coverage=94.93% | avg_broadcast=100.00%
    Eval -> avg_reward=17.72 | avg_final_coverage=96.78% | avg_broadcast=100.00%
[DQN] step=11365 | epsilon=0.050 | mean_reward=18.51 | mean_coverage=97.91% | mean_broadcast=100.00% | q_loss=0.0957
    Eval -> avg_reward=16.77 | avg_final_coverage=93.28% | avg_broadcast=100.00%
[DQN] step=11370 | epsilon=0.050 | mean_reward=18.51 | mean_coverage=97.91% | mean_broadcast=100.00% | q_loss=0.1002
    Eval -> avg_reward=15.68 | avg_final_coverage=89.71% | avg_broadcast=100.00%
[DQN] step=11375 | epsilon=0.050 | mean_reward=18.51 | mean_coverage=97.91% | mean_broadcast=100.00% | q_loss=0.0950
    Eval -> avg_reward=16.91 | avg_final_coverage=94.44% | avg_broadcast=100.00%
[DQN] step=11380 | epsilon=0.050 | mean_reward=18.51 | mean_coverage=97.91% | mean_broadcast=100.00% | q_loss=0.0752
    Eval -> avg_reward=17.32 | avg_final_coverage=94.54% | avg_broadcast=99.99%
    Eval -> avg_reward=18.20 | avg_final_coverage=98.90% | avg_broadcast=100.00%
[DQN] step=11385 | epsilon=0.050 | mean_reward=18.51 | mean_coverage=97.91% | mean_broadcast=100.00% | q_loss=0.0717
    Eval -> avg_reward=17.39 | avg_final_coverage=95.34% | avg_broadcast=100.00%
[DQN] step=11390 | epsilon=0.050 | mean_reward=17.84 | mean_coverage=97.49% | mean_broadcast=100.00% | q_loss=0.0796
    Eval -> avg_reward=18.19 | avg_final_coverage=98.62% | avg_broadcast=100.00%
[DQN] step=11395 | epsilon=0.050 | mean_reward=17.84 | mean_coverage=97.49% | mean_broadcast=100.00% | q_loss=0.0661
    Eval -> avg_reward=19.50 | avg_final_coverage=99.93% | avg_broadcast=100.00%
[DQN] step=11400 | epsilon=0.050 | mean_reward=17.84 | mean_coverage=97.49% | mean_broadcast=100.00% | q_loss=0.0790
    Eval -> avg_reward=17.87 | avg_final_coverage=96.85% | avg_broadcast=100.00%
    Eval -> avg_reward=19.84 | avg_final_coverage=99.24% | avg_broadcast=100.00%
[DQN] step=11405 | epsilon=0.050 | mean_reward=17.84 | mean_coverage=97.49% | mean_broadcast=100.00% | q_loss=0.0628
    Eval -> avg_reward=19.21 | avg_final_coverage=97.47% | avg_broadcast=100.00%
[DQN] step=11410 | epsilon=0.050 | mean_reward=17.84 | mean_coverage=97.49% | mean_broadcast=100.00% | q_loss=0.0670
    Eval -> avg_reward=17.81 | avg_final_coverage=95.01% | avg_broadcast=100.00%
[DQN] step=11415 | epsilon=0.050 | mean_reward=17.96 | mean_coverage=97.62% | mean_broadcast=100.00% | q_loss=0.0510
    Eval -> avg_reward=18.46 | avg_final_coverage=99.31% | avg_broadcast=100.00%
[DQN] step=11420 | epsilon=0.050 | mean_reward=17.96 | mean_coverage=97.62% | mean_broadcast=100.00% | q_loss=0.0505
    Eval -> avg_reward=18.30 | avg_final_coverage=96.68% | avg_broadcast=100.00%
    Eval -> avg_reward=17.74 | avg_final_coverage=96.49% | avg_broadcast=100.00%
[DQN] step=11425 | epsilon=0.050 | mean_reward=17.96 | mean_coverage=97.62% | mean_broadcast=100.00% | q_loss=0.0698
    Eval -> avg_reward=16.99 | avg_final_coverage=93.68% | avg_broadcast=100.00%
[DQN] step=11430 | epsilon=0.050 | mean_reward=17.96 | mean_coverage=97.62% | mean_broadcast=100.00% | q_loss=0.0737
    Eval -> avg_reward=18.41 | avg_final_coverage=98.57% | avg_broadcast=100.00%
[DQN] step=11435 | epsilon=0.050 | mean_reward=17.96 | mean_coverage=97.62% | mean_broadcast=100.00% | q_loss=0.0783
    Eval -> avg_reward=17.76 | avg_final_coverage=97.01% | avg_broadcast=100.00%
[DQN] step=11440 | epsilon=0.050 | mean_reward=18.05 | mean_coverage=97.82% | mean_broadcast=100.00% | q_loss=0.0748
    Eval -> avg_reward=18.38 | avg_final_coverage=99.71% | avg_broadcast=100.00%
    Eval -> avg_reward=18.13 | avg_final_coverage=98.96% | avg_broadcast=100.00%
[DQN] step=11445 | epsilon=0.050 | mean_reward=18.05 | mean_coverage=97.82% | mean_broadcast=100.00% | q_loss=0.0488
    Eval -> avg_reward=18.74 | avg_final_coverage=99.84% | avg_broadcast=100.00%
[DQN] step=11450 | epsilon=0.050 | mean_reward=18.05 | mean_coverage=97.82% | mean_broadcast=100.00% | q_loss=0.0592
    Eval -> avg_reward=19.02 | avg_final_coverage=99.79% | avg_broadcast=100.00%
[DQN] step=11455 | epsilon=0.050 | mean_reward=18.05 | mean_coverage=97.82% | mean_broadcast=100.00% | q_loss=0.0646
    Eval -> avg_reward=19.75 | avg_final_coverage=99.74% | avg_broadcast=100.00%
[DQN] step=11460 | epsilon=0.050 | mean_reward=18.05 | mean_coverage=97.82% | mean_broadcast=100.00% | q_loss=0.0626
    Eval -> avg_reward=19.03 | avg_final_coverage=99.66% | avg_broadcast=100.00%
    Eval -> avg_reward=18.31 | avg_final_coverage=99.25% | avg_broadcast=100.00%
[DQN] step=11465 | epsilon=0.050 | mean_reward=17.92 | mean_coverage=97.93% | mean_broadcast=100.00% | q_loss=0.0586
    Eval -> avg_reward=20.99 | avg_final_coverage=99.97% | avg_broadcast=100.00%
[DQN] step=11470 | epsilon=0.050 | mean_reward=17.92 | mean_coverage=97.93% | mean_broadcast=100.00% | q_loss=0.0688
    Eval -> avg_reward=17.01 | avg_final_coverage=93.40% | avg_broadcast=100.00%
[DQN] step=11475 | epsilon=0.050 | mean_reward=17.92 | mean_coverage=97.93% | mean_broadcast=100.00% | q_loss=0.0746
    Eval -> avg_reward=19.68 | avg_final_coverage=98.32% | avg_broadcast=100.00%
[DQN] step=11480 | epsilon=0.050 | mean_reward=17.92 | mean_coverage=97.93% | mean_broadcast=100.00% | q_loss=0.0518
    Eval -> avg_reward=18.51 | avg_final_coverage=97.06% | avg_broadcast=100.00%
    Eval -> avg_reward=18.43 | avg_final_coverage=98.94% | avg_broadcast=100.00%
[DQN] step=11485 | epsilon=0.050 | mean_reward=17.92 | mean_coverage=97.93% | mean_broadcast=100.00% | q_loss=0.0572
    Eval -> avg_reward=18.40 | avg_final_coverage=97.09% | avg_broadcast=100.00%
[DQN] step=11490 | epsilon=0.050 | mean_reward=18.28 | mean_coverage=99.19% | mean_broadcast=100.00% | q_loss=0.0613
    Eval -> avg_reward=18.90 | avg_final_coverage=99.40% | avg_broadcast=100.00%
[DQN] step=11495 | epsilon=0.050 | mean_reward=18.28 | mean_coverage=99.19% | mean_broadcast=100.00% | q_loss=0.0585
    Eval -> avg_reward=18.06 | avg_final_coverage=99.10% | avg_broadcast=100.00%
[DQN] step=11500 | epsilon=0.050 | mean_reward=18.28 | mean_coverage=99.19% | mean_broadcast=100.00% | q_loss=0.0617
    Eval -> avg_reward=18.34 | avg_final_coverage=98.37% | avg_broadcast=100.00%
    Eval -> avg_reward=18.60 | avg_final_coverage=99.01% | avg_broadcast=100.00%
[DQN] step=11505 | epsilon=0.050 | mean_reward=18.28 | mean_coverage=99.19% | mean_broadcast=100.00% | q_loss=0.0569
    Eval -> avg_reward=18.95 | avg_final_coverage=99.57% | avg_broadcast=100.00%
[DQN] step=11510 | epsilon=0.050 | mean_reward=18.77 | mean_coverage=99.62% | mean_broadcast=100.00% | q_loss=0.0581
    Eval -> avg_reward=18.89 | avg_final_coverage=99.47% | avg_broadcast=100.00%
[DQN] step=11515 | epsilon=0.050 | mean_reward=18.77 | mean_coverage=99.62% | mean_broadcast=100.00% | q_loss=0.0900
    Eval -> avg_reward=19.08 | avg_final_coverage=99.50% | avg_broadcast=100.00%
[DQN] step=11520 | epsilon=0.050 | mean_reward=18.77 | mean_coverage=99.62% | mean_broadcast=100.00% | q_loss=0.0666
    Eval -> avg_reward=18.75 | avg_final_coverage=99.60% | avg_broadcast=100.00%
    Eval -> avg_reward=20.75 | avg_final_coverage=99.75% | avg_broadcast=100.00%
[DQN] step=11525 | epsilon=0.050 | mean_reward=18.77 | mean_coverage=99.62% | mean_broadcast=100.00% | q_loss=0.0561
    Eval -> avg_reward=20.70 | avg_final_coverage=99.94% | avg_broadcast=100.00%
[DQN] step=11530 | epsilon=0.050 | mean_reward=18.77 | mean_coverage=99.62% | mean_broadcast=100.00% | q_loss=0.0639
    Eval -> avg_reward=20.86 | avg_final_coverage=99.93% | avg_broadcast=100.00%
[DQN] step=11535 | epsilon=0.050 | mean_reward=18.84 | mean_coverage=99.63% | mean_broadcast=100.00% | q_loss=0.0563
    Eval -> avg_reward=18.14 | avg_final_coverage=98.32% | avg_broadcast=100.00%
[DQN] step=11540 | epsilon=0.050 | mean_reward=18.84 | mean_coverage=99.63% | mean_broadcast=100.00% | q_loss=0.0554
    Eval -> avg_reward=18.47 | avg_final_coverage=99.24% | avg_broadcast=100.00%
    Eval -> avg_reward=19.27 | avg_final_coverage=99.51% | avg_broadcast=100.00%
[DQN] step=11545 | epsilon=0.050 | mean_reward=18.84 | mean_coverage=99.63% | mean_broadcast=100.00% | q_loss=0.0569
    Eval -> avg_reward=19.11 | avg_final_coverage=99.28% | avg_broadcast=100.00%
[DQN] step=11550 | epsilon=0.050 | mean_reward=19.34 | mean_coverage=99.87% | mean_broadcast=100.00% | q_loss=0.0630
    Eval -> avg_reward=20.52 | avg_final_coverage=99.97% | avg_broadcast=100.00%
[DQN] step=11555 | epsilon=0.050 | mean_reward=19.34 | mean_coverage=99.87% | mean_broadcast=100.00% | q_loss=0.0666
    Eval -> avg_reward=19.59 | avg_final_coverage=99.85% | avg_broadcast=100.00%
[DQN] step=11560 | epsilon=0.050 | mean_reward=19.34 | mean_coverage=99.87% | mean_broadcast=100.00% | q_loss=0.0852
    Eval -> avg_reward=17.78 | avg_final_coverage=97.51% | avg_broadcast=100.00%
    Eval -> avg_reward=19.25 | avg_final_coverage=99.32% | avg_broadcast=100.00%
[DQN] step=11565 | epsilon=0.050 | mean_reward=19.34 | mean_coverage=99.87% | mean_broadcast=100.00% | q_loss=0.0512
    Eval -> avg_reward=18.52 | avg_final_coverage=98.69% | avg_broadcast=100.00%
[DQN] step=11570 | epsilon=0.050 | mean_reward=19.34 | mean_coverage=99.87% | mean_broadcast=100.00% | q_loss=0.0532
    Eval -> avg_reward=18.43 | avg_final_coverage=98.15% | avg_broadcast=99.99%
[DQN] step=11575 | epsilon=0.050 | mean_reward=19.47 | mean_coverage=99.85% | mean_broadcast=100.00% | q_loss=0.0506
    Eval -> avg_reward=18.74 | avg_final_coverage=99.68% | avg_broadcast=100.00%
[DQN] step=11580 | epsilon=0.050 | mean_reward=19.47 | mean_coverage=99.85% | mean_broadcast=100.00% | q_loss=0.1377
    Eval -> avg_reward=17.79 | avg_final_coverage=96.84% | avg_broadcast=100.00%
    Eval -> avg_reward=18.68 | avg_final_coverage=98.94% | avg_broadcast=100.00%
[DQN] step=11585 | epsilon=0.050 | mean_reward=19.47 | mean_coverage=99.85% | mean_broadcast=100.00% | q_loss=0.0631
    Eval -> avg_reward=18.54 | avg_final_coverage=99.37% | avg_broadcast=100.00%
[DQN] step=11590 | epsilon=0.050 | mean_reward=19.47 | mean_coverage=99.85% | mean_broadcast=100.00% | q_loss=0.1955
    Eval -> avg_reward=18.96 | avg_final_coverage=99.49% | avg_broadcast=100.00%
[DQN] step=11595 | epsilon=0.050 | mean_reward=19.47 | mean_coverage=99.85% | mean_broadcast=100.00% | q_loss=0.0676
    Eval -> avg_reward=20.73 | avg_final_coverage=99.84% | avg_broadcast=100.00%
[DQN] step=11600 | epsilon=0.050 | mean_reward=19.20 | mean_coverage=99.50% | mean_broadcast=100.00% | q_loss=0.0828
    Eval -> avg_reward=20.06 | avg_final_coverage=99.87% | avg_broadcast=100.00%
    Eval -> avg_reward=19.91 | avg_final_coverage=99.81% | avg_broadcast=100.00%
[DQN] step=11605 | epsilon=0.050 | mean_reward=19.20 | mean_coverage=99.50% | mean_broadcast=100.00% | q_loss=0.0895
    Eval -> avg_reward=19.76 | avg_final_coverage=99.84% | avg_broadcast=100.00%
[DQN] step=11610 | epsilon=0.050 | mean_reward=19.20 | mean_coverage=99.50% | mean_broadcast=100.00% | q_loss=0.0745
    Eval -> avg_reward=18.33 | avg_final_coverage=98.60% | avg_broadcast=100.00%
[DQN] step=11615 | epsilon=0.050 | mean_reward=19.20 | mean_coverage=99.50% | mean_broadcast=100.00% | q_loss=0.0649
    Eval -> avg_reward=18.23 | avg_final_coverage=98.81% | avg_broadcast=100.00%
[DQN] step=11620 | epsilon=0.050 | mean_reward=19.20 | mean_coverage=99.50% | mean_broadcast=100.00% | q_loss=0.0689
    Eval -> avg_reward=18.37 | avg_final_coverage=99.22% | avg_broadcast=100.00%
    Eval -> avg_reward=18.42 | avg_final_coverage=98.84% | avg_broadcast=100.00%
[DQN] step=11625 | epsilon=0.050 | mean_reward=19.22 | mean_coverage=99.51% | mean_broadcast=100.00% | q_loss=0.0755
    Eval -> avg_reward=20.74 | avg_final_coverage=99.90% | avg_broadcast=100.00%
[DQN] step=11630 | epsilon=0.050 | mean_reward=19.22 | mean_coverage=99.51% | mean_broadcast=100.00% | q_loss=0.2290
    Eval -> avg_reward=18.38 | avg_final_coverage=99.35% | avg_broadcast=100.00%
[DQN] step=11635 | epsilon=0.050 | mean_reward=19.22 | mean_coverage=99.51% | mean_broadcast=100.00% | q_loss=0.1352
    Eval -> avg_reward=20.01 | avg_final_coverage=99.76% | avg_broadcast=100.00%
[DQN] step=11640 | epsilon=0.050 | mean_reward=19.22 | mean_coverage=99.51% | mean_broadcast=100.00% | q_loss=0.0790
    Eval -> avg_reward=18.35 | avg_final_coverage=99.34% | avg_broadcast=100.00%
    Eval -> avg_reward=19.35 | avg_final_coverage=99.62% | avg_broadcast=100.00%
[DQN] step=11645 | epsilon=0.050 | mean_reward=19.22 | mean_coverage=99.51% | mean_broadcast=100.00% | q_loss=0.0914
    Eval -> avg_reward=17.52 | avg_final_coverage=96.69% | avg_broadcast=100.00%
[DQN] step=11650 | epsilon=0.050 | mean_reward=19.12 | mean_coverage=99.50% | mean_broadcast=100.00% | q_loss=0.1359
    Eval -> avg_reward=18.27 | avg_final_coverage=97.88% | avg_broadcast=100.00%
[DQN] step=11655 | epsilon=0.050 | mean_reward=19.12 | mean_coverage=99.50% | mean_broadcast=100.00% | q_loss=0.0797
    Eval -> avg_reward=18.28 | avg_final_coverage=98.85% | avg_broadcast=100.00%
[DQN] step=11660 | epsilon=0.050 | mean_reward=19.12 | mean_coverage=99.50% | mean_broadcast=100.00% | q_loss=0.0665
    Eval -> avg_reward=18.37 | avg_final_coverage=99.07% | avg_broadcast=100.00%
    Eval -> avg_reward=18.57 | avg_final_coverage=99.60% | avg_broadcast=100.00%
[DQN] step=11665 | epsilon=0.050 | mean_reward=19.12 | mean_coverage=99.50% | mean_broadcast=100.00% | q_loss=0.0690
    Eval -> avg_reward=17.92 | avg_final_coverage=97.69% | avg_broadcast=100.00%
[DQN] step=11670 | epsilon=0.050 | mean_reward=19.12 | mean_coverage=99.50% | mean_broadcast=100.00% | q_loss=0.0567
    Eval -> avg_reward=17.98 | avg_final_coverage=96.51% | avg_broadcast=100.00%
[DQN] step=11675 | epsilon=0.050 | mean_reward=18.44 | mean_coverage=98.51% | mean_broadcast=100.00% | q_loss=0.0598
    Eval -> avg_reward=19.54 | avg_final_coverage=99.90% | avg_broadcast=100.00%
[DQN] step=11680 | epsilon=0.050 | mean_reward=18.44 | mean_coverage=98.51% | mean_broadcast=100.00% | q_loss=0.0522
    Eval -> avg_reward=20.72 | avg_final_coverage=99.99% | avg_broadcast=100.00%
    Eval -> avg_reward=20.48 | avg_final_coverage=100.00% | avg_broadcast=100.00%
[DQN] step=11685 | epsilon=0.050 | mean_reward=18.44 | mean_coverage=98.51% | mean_broadcast=100.00% | q_loss=0.1569
    Eval -> avg_reward=20.53 | avg_final_coverage=99.99% | avg_broadcast=100.00%
[DQN] step=11690 | epsilon=0.050 | mean_reward=18.74 | mean_coverage=98.56% | mean_broadcast=100.00% | q_loss=0.2304
    Eval -> avg_reward=20.24 | avg_final_coverage=99.97% | avg_broadcast=100.00%
[DQN] step=11695 | epsilon=0.050 | mean_reward=18.74 | mean_coverage=98.56% | mean_broadcast=100.00% | q_loss=0.1417
    Eval -> avg_reward=16.60 | avg_final_coverage=94.87% | avg_broadcast=100.00%
[DQN] step=11700 | epsilon=0.050 | mean_reward=18.74 | mean_coverage=98.56% | mean_broadcast=100.00% | q_loss=0.2474
    Eval -> avg_reward=16.83 | avg_final_coverage=95.62% | avg_broadcast=100.00%
    Eval -> avg_reward=17.65 | avg_final_coverage=97.69% | avg_broadcast=100.00%
[DQN] step=11705 | epsilon=0.050 | mean_reward=18.74 | mean_coverage=98.56% | mean_broadcast=100.00% | q_loss=0.1516
    Eval -> avg_reward=18.36 | avg_final_coverage=98.31% | avg_broadcast=100.00%
[DQN] step=11710 | epsilon=0.050 | mean_reward=18.74 | mean_coverage=98.56% | mean_broadcast=100.00% | q_loss=0.1588
    Eval -> avg_reward=18.03 | avg_final_coverage=98.04% | avg_broadcast=100.00%
[DQN] step=11715 | epsilon=0.050 | mean_reward=18.19 | mean_coverage=96.07% | mean_broadcast=100.00% | q_loss=0.1536
    Eval -> avg_reward=18.18 | avg_final_coverage=96.91% | avg_broadcast=100.00%
[DQN] step=11720 | epsilon=0.050 | mean_reward=18.19 | mean_coverage=96.07% | mean_broadcast=100.00% | q_loss=0.0850
    Eval -> avg_reward=18.73 | avg_final_coverage=98.91% | avg_broadcast=100.00%
    Eval -> avg_reward=20.64 | avg_final_coverage=99.96% | avg_broadcast=100.00%
[DQN] step=11725 | epsilon=0.050 | mean_reward=18.19 | mean_coverage=96.07% | mean_broadcast=100.00% | q_loss=0.1043
    Eval -> avg_reward=18.72 | avg_final_coverage=96.32% | avg_broadcast=100.00%
[DQN] step=11730 | epsilon=0.050 | mean_reward=18.19 | mean_coverage=96.07% | mean_broadcast=100.00% | q_loss=0.0724
    Eval -> avg_reward=19.42 | avg_final_coverage=98.37% | avg_broadcast=100.00%
[DQN] step=11735 | epsilon=0.050 | mean_reward=18.19 | mean_coverage=96.07% | mean_broadcast=100.00% | q_loss=0.0814
    Eval -> avg_reward=20.36 | avg_final_coverage=99.84% | avg_broadcast=100.00%
[DQN] step=11740 | epsilon=0.050 | mean_reward=17.85 | mean_coverage=96.03% | mean_broadcast=100.00% | q_loss=0.0761
    Eval -> avg_reward=19.24 | avg_final_coverage=99.49% | avg_broadcast=100.00%
    Eval -> avg_reward=17.97 | avg_final_coverage=95.26% | avg_broadcast=100.00%
[DQN] step=11745 | epsilon=0.050 | mean_reward=17.85 | mean_coverage=96.03% | mean_broadcast=100.00% | q_loss=0.0808
    Eval -> avg_reward=18.42 | avg_final_coverage=97.25% | avg_broadcast=100.00%
[DQN] step=11750 | epsilon=0.050 | mean_reward=17.85 | mean_coverage=96.03% | mean_broadcast=100.00% | q_loss=0.0745
    Eval -> avg_reward=17.90 | avg_final_coverage=95.32% | avg_broadcast=100.00%
[DQN] step=11755 | epsilon=0.050 | mean_reward=17.85 | mean_coverage=96.03% | mean_broadcast=100.00% | q_loss=0.0579
    Eval -> avg_reward=19.48 | avg_final_coverage=98.21% | avg_broadcast=100.00%
[DQN] step=11760 | epsilon=0.050 | mean_reward=17.85 | mean_coverage=96.03% | mean_broadcast=100.00% | q_loss=0.0712
    Eval -> avg_reward=18.31 | avg_final_coverage=97.90% | avg_broadcast=100.00%
    Eval -> avg_reward=17.93 | avg_final_coverage=97.13% | avg_broadcast=100.00%
[DQN] step=11765 | epsilon=0.050 | mean_reward=17.95 | mean_coverage=95.94% | mean_broadcast=100.00% | q_loss=0.1049
    Eval -> avg_reward=18.21 | avg_final_coverage=97.90% | avg_broadcast=100.00%
[DQN] step=11770 | epsilon=0.050 | mean_reward=17.95 | mean_coverage=95.94% | mean_broadcast=100.00% | q_loss=0.0816
    Eval -> avg_reward=18.29 | avg_final_coverage=98.47% | avg_broadcast=100.00%
[DQN] step=11775 | epsilon=0.050 | mean_reward=17.95 | mean_coverage=95.94% | mean_broadcast=100.00% | q_loss=0.0683
    Eval -> avg_reward=18.53 | avg_final_coverage=99.47% | avg_broadcast=100.00%
[DQN] step=11780 | epsilon=0.050 | mean_reward=17.95 | mean_coverage=95.94% | mean_broadcast=100.00% | q_loss=0.0686
    Eval -> avg_reward=19.90 | avg_final_coverage=99.66% | avg_broadcast=100.00%
    Eval -> avg_reward=18.42 | avg_final_coverage=97.26% | avg_broadcast=100.00%
[DQN] step=11785 | epsilon=0.050 | mean_reward=17.95 | mean_coverage=95.94% | mean_broadcast=100.00% | q_loss=0.3730
    Eval -> avg_reward=19.11 | avg_final_coverage=99.78% | avg_broadcast=100.00%
[DQN] step=11790 | epsilon=0.050 | mean_reward=18.56 | mean_coverage=96.91% | mean_broadcast=100.00% | q_loss=0.0962
    Eval -> avg_reward=18.47 | avg_final_coverage=97.46% | avg_broadcast=100.00%
[DQN] step=11795 | epsilon=0.050 | mean_reward=18.56 | mean_coverage=96.91% | mean_broadcast=100.00% | q_loss=0.0641
    Eval -> avg_reward=19.20 | avg_final_coverage=98.51% | avg_broadcast=100.00%
[DQN] step=11800 | epsilon=0.050 | mean_reward=18.56 | mean_coverage=96.91% | mean_broadcast=100.00% | q_loss=0.2264
    Eval -> avg_reward=18.41 | avg_final_coverage=97.38% | avg_broadcast=99.99%
    Eval -> avg_reward=19.18 | avg_final_coverage=99.37% | avg_broadcast=100.00%
[DQN] step=11805 | epsilon=0.050 | mean_reward=18.56 | mean_coverage=96.91% | mean_broadcast=100.00% | q_loss=0.9468
    Eval -> avg_reward=20.51 | avg_final_coverage=99.94% | avg_broadcast=100.00%
[DQN] step=11810 | epsilon=0.050 | mean_reward=18.56 | mean_coverage=96.91% | mean_broadcast=100.00% | q_loss=0.5568
    Eval -> avg_reward=18.92 | avg_final_coverage=99.00% | avg_broadcast=100.00%
[DQN] step=11815 | epsilon=0.050 | mean_reward=18.39 | mean_coverage=96.82% | mean_broadcast=100.00% | q_loss=1.4331
    Eval -> avg_reward=18.36 | avg_final_coverage=99.26% | avg_broadcast=100.00%
[DQN] step=11820 | epsilon=0.050 | mean_reward=18.39 | mean_coverage=96.82% | mean_broadcast=100.00% | q_loss=1.2434
    Eval -> avg_reward=18.44 | avg_final_coverage=99.04% | avg_broadcast=100.00%
    Eval -> avg_reward=18.58 | avg_final_coverage=99.46% | avg_broadcast=100.00%
[DQN] step=11825 | epsilon=0.050 | mean_reward=18.39 | mean_coverage=96.82% | mean_broadcast=100.00% | q_loss=0.6389
    Eval -> avg_reward=18.50 | avg_final_coverage=99.49% | avg_broadcast=100.00%
[DQN] step=11830 | epsilon=0.050 | mean_reward=18.39 | mean_coverage=96.82% | mean_broadcast=100.00% | q_loss=0.3840
    Eval -> avg_reward=18.22 | avg_final_coverage=99.12% | avg_broadcast=100.00%
[DQN] step=11835 | epsilon=0.050 | mean_reward=18.39 | mean_coverage=96.82% | mean_broadcast=100.00% | q_loss=0.3342
    Eval -> avg_reward=17.73 | avg_final_coverage=97.06% | avg_broadcast=100.00%
[DQN] step=11840 | epsilon=0.050 | mean_reward=19.18 | mean_coverage=99.50% | mean_broadcast=100.00% | q_loss=0.2370
    Eval -> avg_reward=18.51 | avg_final_coverage=98.94% | avg_broadcast=100.00%
    Eval -> avg_reward=17.78 | avg_final_coverage=95.43% | avg_broadcast=100.00%
[DQN] step=11845 | epsilon=0.050 | mean_reward=19.18 | mean_coverage=99.50% | mean_broadcast=100.00% | q_loss=0.1724
    Eval -> avg_reward=17.89 | avg_final_coverage=96.28% | avg_broadcast=100.00%
[DQN] step=11850 | epsilon=0.050 | mean_reward=19.18 | mean_coverage=99.50% | mean_broadcast=100.00% | q_loss=0.1378
    Eval -> avg_reward=16.71 | avg_final_coverage=90.94% | avg_broadcast=100.00%
[DQN] step=11855 | epsilon=0.050 | mean_reward=19.18 | mean_coverage=99.50% | mean_broadcast=100.00% | q_loss=0.3188
    Eval -> avg_reward=18.11 | avg_final_coverage=96.53% | avg_broadcast=100.00%
[DQN] step=11860 | epsilon=0.050 | mean_reward=19.18 | mean_coverage=99.50% | mean_broadcast=100.00% | q_loss=0.1839
    Eval -> avg_reward=17.73 | avg_final_coverage=96.29% | avg_broadcast=100.00%
    Eval -> avg_reward=18.98 | avg_final_coverage=98.72% | avg_broadcast=100.00%
[DQN] step=11865 | epsilon=0.050 | mean_reward=18.60 | mean_coverage=97.41% | mean_broadcast=100.00% | q_loss=0.1030
    Eval -> avg_reward=17.56 | avg_final_coverage=95.46% | avg_broadcast=100.00%
[DQN] step=11870 | epsilon=0.050 | mean_reward=18.60 | mean_coverage=97.41% | mean_broadcast=100.00% | q_loss=0.1927
    Eval -> avg_reward=18.76 | avg_final_coverage=98.06% | avg_broadcast=100.00%
[DQN] step=11875 | epsilon=0.050 | mean_reward=18.60 | mean_coverage=97.41% | mean_broadcast=100.00% | q_loss=0.1436
    Eval -> avg_reward=18.09 | avg_final_coverage=97.90% | avg_broadcast=100.00%
[DQN] step=11880 | epsilon=0.050 | mean_reward=18.60 | mean_coverage=97.41% | mean_broadcast=100.00% | q_loss=0.1129
    Eval -> avg_reward=18.47 | avg_final_coverage=98.82% | avg_broadcast=100.00%
    Eval -> avg_reward=18.34 | avg_final_coverage=99.07% | avg_broadcast=100.00%
[DQN] step=11885 | epsilon=0.050 | mean_reward=18.60 | mean_coverage=97.41% | mean_broadcast=100.00% | q_loss=0.1266
    Eval -> avg_reward=18.37 | avg_final_coverage=98.53% | avg_broadcast=100.00%
[DQN] step=11890 | epsilon=0.050 | mean_reward=18.55 | mean_coverage=97.43% | mean_broadcast=100.00% | q_loss=0.0945
    Eval -> avg_reward=18.49 | avg_final_coverage=98.69% | avg_broadcast=100.00%
[DQN] step=11895 | epsilon=0.050 | mean_reward=18.55 | mean_coverage=97.43% | mean_broadcast=100.00% | q_loss=0.0865
    Eval -> avg_reward=18.47 | avg_final_coverage=98.84% | avg_broadcast=100.00%
[DQN] step=11900 | epsilon=0.050 | mean_reward=18.55 | mean_coverage=97.43% | mean_broadcast=100.00% | q_loss=0.1010
    Eval -> avg_reward=18.46 | avg_final_coverage=98.63% | avg_broadcast=100.00%
    Eval -> avg_reward=18.45 | avg_final_coverage=99.47% | avg_broadcast=100.00%
[DQN] step=11905 | epsilon=0.050 | mean_reward=18.55 | mean_coverage=97.43% | mean_broadcast=100.00% | q_loss=0.0886
    Eval -> avg_reward=18.07 | avg_final_coverage=99.09% | avg_broadcast=100.00%
[DQN] step=11910 | epsilon=0.050 | mean_reward=18.55 | mean_coverage=97.43% | mean_broadcast=100.00% | q_loss=0.0687
    Eval -> avg_reward=17.87 | avg_final_coverage=97.96% | avg_broadcast=100.00%
[DQN] step=11915 | epsilon=0.050 | mean_reward=18.22 | mean_coverage=97.40% | mean_broadcast=100.00% | q_loss=0.0636
    Eval -> avg_reward=17.86 | avg_final_coverage=98.16% | avg_broadcast=100.00%
[DQN] step=11920 | epsilon=0.050 | mean_reward=18.22 | mean_coverage=97.40% | mean_broadcast=100.00% | q_loss=0.0712
    Eval -> avg_reward=18.43 | avg_final_coverage=98.93% | avg_broadcast=100.00%
    Eval -> avg_reward=17.93 | avg_final_coverage=98.18% | avg_broadcast=100.00%
[DQN] step=11925 | epsilon=0.050 | mean_reward=18.22 | mean_coverage=97.40% | mean_broadcast=100.00% | q_loss=0.0796
    Eval -> avg_reward=17.78 | avg_final_coverage=98.53% | avg_broadcast=99.99%
[DQN] step=11930 | epsilon=0.050 | mean_reward=18.22 | mean_coverage=97.40% | mean_broadcast=100.00% | q_loss=0.0908
    Eval -> avg_reward=18.95 | avg_final_coverage=99.59% | avg_broadcast=100.00%
[DQN] step=11935 | epsilon=0.050 | mean_reward=18.22 | mean_coverage=97.40% | mean_broadcast=100.00% | q_loss=0.1969
    Eval -> avg_reward=18.34 | avg_final_coverage=98.74% | avg_broadcast=100.00%
[DQN] step=11940 | epsilon=0.050 | mean_reward=17.57 | mean_coverage=95.59% | mean_broadcast=100.00% | q_loss=0.2751
    Eval -> avg_reward=19.36 | avg_final_coverage=99.69% | avg_broadcast=100.00%
    Eval -> avg_reward=18.83 | avg_final_coverage=99.09% | avg_broadcast=100.00%
[DQN] step=11945 | epsilon=0.050 | mean_reward=17.57 | mean_coverage=95.59% | mean_broadcast=100.00% | q_loss=0.2190
    Eval -> avg_reward=18.64 | avg_final_coverage=99.40% | avg_broadcast=100.00%
[DQN] step=11950 | epsilon=0.050 | mean_reward=17.57 | mean_coverage=95.59% | mean_broadcast=100.00% | q_loss=0.1943
    Eval -> avg_reward=19.97 | avg_final_coverage=99.53% | avg_broadcast=100.00%
[DQN] step=11955 | epsilon=0.050 | mean_reward=17.57 | mean_coverage=95.59% | mean_broadcast=100.00% | q_loss=0.1471
    Eval -> avg_reward=18.60 | avg_final_coverage=99.18% | avg_broadcast=100.00%
[DQN] step=11960 | epsilon=0.050 | mean_reward=17.57 | mean_coverage=95.59% | mean_broadcast=100.00% | q_loss=0.1684
    Eval -> avg_reward=18.91 | avg_final_coverage=99.37% | avg_broadcast=100.00%
    Eval -> avg_reward=18.58 | avg_final_coverage=99.25% | avg_broadcast=100.00%
[DQN] step=11965 | epsilon=0.050 | mean_reward=17.63 | mean_coverage=95.74% | mean_broadcast=100.00% | q_loss=0.1297
    Eval -> avg_reward=18.52 | avg_final_coverage=98.63% | avg_broadcast=100.00%
[DQN] step=11970 | epsilon=0.050 | mean_reward=17.63 | mean_coverage=95.74% | mean_broadcast=100.00% | q_loss=0.1253
    Eval -> avg_reward=18.19 | avg_final_coverage=97.22% | avg_broadcast=100.00%
[DQN] step=11975 | epsilon=0.050 | mean_reward=17.63 | mean_coverage=95.74% | mean_broadcast=100.00% | q_loss=0.1164
    Eval -> avg_reward=18.47 | avg_final_coverage=98.76% | avg_broadcast=100.00%
[DQN] step=11980 | epsilon=0.050 | mean_reward=17.63 | mean_coverage=95.74% | mean_broadcast=100.00% | q_loss=0.1082
    Eval -> avg_reward=18.16 | avg_final_coverage=97.25% | avg_broadcast=100.00%
    Eval -> avg_reward=18.38 | avg_final_coverage=98.00% | avg_broadcast=100.00%
[DQN] step=11985 | epsilon=0.050 | mean_reward=17.63 | mean_coverage=95.74% | mean_broadcast=100.00% | q_loss=0.1413
    Eval -> avg_reward=19.55 | avg_final_coverage=99.62% | avg_broadcast=100.00%
[DQN] step=11990 | epsilon=0.050 | mean_reward=18.17 | mean_coverage=97.56% | mean_broadcast=100.00% | q_loss=0.1897
    Eval -> avg_reward=18.73 | avg_final_coverage=99.56% | avg_broadcast=100.00%
[DQN] step=11995 | epsilon=0.050 | mean_reward=18.17 | mean_coverage=97.56% | mean_broadcast=100.00% | q_loss=0.1313
    Eval -> avg_reward=18.90 | avg_final_coverage=99.68% | avg_broadcast=100.00%
[DQN] step=12000 | epsilon=0.050 | mean_reward=18.17 | mean_coverage=97.56% | mean_broadcast=100.00% | q_loss=0.1034
    Eval -> avg_reward=18.92 | avg_final_coverage=99.49% | avg_broadcast=100.00%
Artifacts saved to /mnt/data0/root/Projects/RescueNet-RL/artifacts/runs/dqn_earthquake_residual_8b291cbd31f44184a1aeecfcf29f3b83
Training coverage curve saved to /mnt/data0/root/Projects/RescueNet-RL/artifacts/runs/dqn_earthquake_residual_8b291cbd31f44184a1aeecfcf29f3b83/training_coverage_curve.png
INFO:     13.159.131.75:0 - "GET /api/scenarios HTTP/1.1" 200 OK
INFO:     13.159.131.75:0 - "GET /api/scenarios HTTP/1.1" 200 OK
INFO:     13.159.131.75:0 - "GET /api/scenarios HTTP/1.1" 200 OK
INFO:     13.159.131.75:0 - "GET /api/train/artifacts HTTP/1.1" 200 OK
INFO:     13.159.131.75:0 - "GET /api/train/artifacts HTTP/1.1" 200 OK
INFO:     13.159.131.75:0 - "POST /api/simulate/scene HTTP/1.1" 200 OK
INFO:     13.159.131.75:0 - "POST /api/simulate/scene HTTP/1.1" 200 OK
INFO:     13.159.131.75:0 - "POST /api/simulate/scene HTTP/1.1" 200 OK
INFO:     13.159.131.75:0 - "POST /api/simulate/scene HTTP/1.1" 200 OK
INFO:     13.159.131.75:0 - "POST /api/simulate/stream HTTP/1.1" 200 OK
INFO:     1.202.219.82:0 - "POST /api/simulate/scene HTTP/1.1" 200 OK
INFO:     1.202.219.82:0 - "POST /api/simulate/stream HTTP/1.1" 200 OK
INFO:     2406:da14:abd:6000:eb6c:6784:f0b4:7f44:0 - "POST /api/simulate/scene HTTP/1.1" 200 OK
INFO:     2406:da14:abd:6000:eb6c:6784:f0b4:7f44:0 - "POST /api/simulate/scene HTTP/1.1" 200 OK
INFO:     2406:da14:abd:6000:eb6c:6784:f0b4:7f44:0 - "POST /api/simulate/stream HTTP/1.1" 200 OK
INFO:     2406:da14:abd:6000:eb6c:6784:f0b4:7f44:0 - "POST /api/simulate/scene HTTP/1.1" 200 OK
INFO:     2406:da14:abd:6000:eb6c:6784:f0b4:7f44:0 - "POST /api/simulate/scene HTTP/1.1" 200 OK
INFO:     2406:da14:abd:6000:eb6c:6784:f0b4:7f44:0 - "POST /api/simulate/stream HTTP/1.1" 200 OK
INFO:     2406:da14:abd:6000:eb6c:6784:f0b4:7f44:0 - "POST /api/simulate/scene HTTP/1.1" 200 OK
INFO:     2406:da14:abd:6000:eb6c:6784:f0b4:7f44:0 - "POST /api/simulate/scene HTTP/1.1" 200 OK
INFO:     2406:da14:abd:6000:eb6c:6784:f0b4:7f44:0 - "POST /api/simulate/scene HTTP/1.1" 200 OK
INFO:     2406:da14:abd:6000:eb6c:6784:f0b4:7f44:0 - "POST /api/simulate/scene HTTP/1.1" 200 OK
INFO:     2406:da14:abd:6000:eb6c:6784:f0b4:7f44:0 - "POST /api/simulate/stream HTTP/1.1" 200 OK
INFO:     2406:da14:abd:6000:eb6c:6784:f0b4:7f44:0 - "GET /api/scenarios HTTP/1.1" 200 OK
INFO:     2406:da14:abd:6000:eb6c:6784:f0b4:7f44:0 - "GET /api/scenarios HTTP/1.1" 200 OK
INFO:     2406:da14:abd:6000:eb6c:6784:f0b4:7f44:0 - "GET /ns3-native/index.html?v=1779258595263 HTTP/1.1" 200 OK
INFO:     2406:da14:abd:6000:eb6c:6784:f0b4:7f44:0 - "GET /ns3-native/map.png HTTP/1.1" 304 Not Modified
INFO:     2406:da14:abd:6000:eb6c:6784:f0b4:7f44:0 - "GET /api/train/latest-artifact HTTP/1.1" 200 OK
INFO:     2406:da14:abd:6000:eb6c:6784:f0b4:7f44:0 - "GET /api/mahimahi/traces HTTP/1.1" 200 OK
INFO:     2406:da14:abd:6000:eb6c:6784:f0b4:7f44:0 - "GET /api/scenarios HTTP/1.1" 200 OK
INFO:     2406:da14:abd:6000:eb6c:6784:f0b4:7f44:0 - "GET /api/scenarios HTTP/1.1" 200 OK
INFO:     2406:da14:abd:6000:eb6c:6784:f0b4:7f44:0 - "GET /api/mahimahi/traces HTTP/1.1" 200 OK
INFO:     2406:da14:abd:6000:eb6c:6784:f0b4:7f44:0 - "GET /api/train/latest-artifact HTTP/1.1" 200 OK
INFO:     2406:da14:abd:6000:eb6c:6784:f0b4:7f44:0 - "GET /ns3-native/index.html?v=1779258605921 HTTP/1.1" 200 OK
INFO:     2406:da14:abd:6000:eb6c:6784:f0b4:7f44:0 - "GET /api/scenarios HTTP/1.1" 200 OK
INFO:     2406:da14:abd:6000:eb6c:6784:f0b4:7f44:0 - "GET /api/scenarios HTTP/1.1" 200 OK
INFO:     2406:da14:abd:6000:eb6c:6784:f0b4:7f44:0 - "GET /api/train/artifacts HTTP/1.1" 200 OK
INFO:     2406:da14:abd:6000:eb6c:6784:f0b4:7f44:0 - "GET /api/scenarios HTTP/1.1" 200 OK
INFO:     2406:da14:abd:6000:eb6c:6784:f0b4:7f44:0 - "POST /api/simulate/scene HTTP/1.1" 200 OK
INFO:     2406:da14:abd:6000:eb6c:6784:f0b4:7f44:0 - "GET /api/train/artifacts HTTP/1.1" 200 OK
INFO:     2406:da14:abd:6000:eb6c:6784:f0b4:7f44:0 - "POST /api/simulate/scene HTTP/1.1" 200 OK
INFO:     2406:da14:abd:6000:eb6c:6784:f0b4:7f44:0 - "GET /api/scenarios HTTP/1.1" 200 OK
INFO:     2406:da14:abd:6000:eb6c:6784:f0b4:7f44:0 - "GET /api/train/artifacts HTTP/1.1" 200 OK
INFO:     2406:da14:abd:6000:eb6c:6784:f0b4:7f44:0 - "GET /ns3-native/index.html?v=1779258713047 HTTP/1.1" 200 OK
INFO:     2406:da14:abd:6000:eb6c:6784:f0b4:7f44:0 - "GET /api/mahimahi/traces HTTP/1.1" 200 OK
INFO:     2406:da14:abd:6000:eb6c:6784:f0b4:7f44:0 - "GET /api/train/latest-artifact HTTP/1.1" 200 OK
INFO:     2406:da14:abd:6000:eb6c:6784:f0b4:7f44:0 - "POST /api/mahimahi/simulate/stream HTTP/1.1" 200 OK
INFO:     2406:da14:abd:6000:eb6c:6784:f0b4:7f44:0 - "GET /ns3-native/index.html?v=1779258795119 HTTP/1.1" 200 OK
INFO:     2406:da14:abd:6000:eb6c:6784:f0b4:7f44:0 - "GET /api/scenarios HTTP/1.1" 200 OK
INFO:     2406:da14:abd:6000:eb6c:6784:f0b4:7f44:0 - "GET /api/train/artifacts HTTP/1.1" 200 OK
INFO:     2406:da14:abd:6000:eb6c:6784:f0b4:7f44:0 - "GET /api/scenarios HTTP/1.1" 200 OK
INFO:     2406:da14:abd:6000:eb6c:6784:f0b4:7f44:0 - "POST /api/simulate/scene HTTP/1.1" 200 OK
INFO:     2406:da14:abd:6000:eb6c:6784:f0b4:7f44:0 - "GET /api/train/artifacts HTTP/1.1" 200 OK
INFO:     2406:da14:abd:6000:eb6c:6784:f0b4:7f44:0 - "POST /api/simulate/scene HTTP/1.1" 200 OK
INFO:     2406:da14:abd:6000:eb6c:6784:f0b4:7f44:0 - "GET /api/scenarios HTTP/1.1" 200 OK
INFO:     2406:da14:abd:6000:eb6c:6784:f0b4:7f44:0 - "GET /api/scenarios HTTP/1.1" 200 OK
INFO:     2406:da14:abd:6000:eb6c:6784:f0b4:7f44:0 - "GET /api/train/artifacts HTTP/1.1" 200 OK
INFO:     2406:da14:abd:6000:eb6c:6784:f0b4:7f44:0 - "GET /api/scenarios HTTP/1.1" 200 OK
INFO:     2406:da14:abd:6000:eb6c:6784:f0b4:7f44:0 - "GET /api/train/artifacts HTTP/1.1" 200 OK
INFO:     2406:da14:abd:6000:eb6c:6784:f0b4:7f44:0 - "POST /api/simulate/scene HTTP/1.1" 200 OK
INFO:     2406:da14:abd:6000:eb6c:6784:f0b4:7f44:0 - "POST /api/simulate/scene HTTP/1.1" 200 OK
INFO:     2406:da14:abd:6000:eb6c:6784:f0b4:7f44:0 - "GET /api/scenarios HTTP/1.1" 200 OK
INFO:     2406:da14:abd:6000:eb6c:6784:f0b4:7f44:0 - "POST /api/train HTTP/1.1" 200 OK
INFO:     2406:da14:abd:6000:eb6c:6784:f0b4:7f44:0 - "GET /api/train/9e92401c87134714bd7b18b6018916d3/stream HTTP/1.1" 200 OK
    Eval -> avg_reward=15.15 | avg_final_coverage=89.50% | avg_broadcast=100.00%
[Update 5] step=5120 | mean_reward=15.66 | mean_coverage=90.91% | mean_broadcast=100.00% | loss_pi=-0.081 | loss_v=0.448
    Eval -> avg_reward=17.21 | avg_final_coverage=96.66% | avg_broadcast=100.00%
[Update 10] step=10240 | mean_reward=16.81 | mean_coverage=94.18% | mean_broadcast=99.99% | loss_pi=-0.022 | loss_v=0.361
    Eval -> avg_reward=17.30 | avg_final_coverage=97.01% | avg_broadcast=100.00%
Artifacts saved to /mnt/data0/root/Projects/RescueNet-RL/artifacts/runs/a3c_earthquake_residual_9e92401c87134714bd7b18b6018916d3
Training coverage curve saved to /mnt/data0/root/Projects/RescueNet-RL/artifacts/runs/a3c_earthquake_residual_9e92401c87134714bd7b18b6018916d3/training_coverage_curve.png
INFO:     2406:da14:abd:6000:eb6c:6784:f0b4:7f44:0 - "GET /api/scenarios HTTP/1.1" 200 OK
INFO:     2406:da14:abd:6000:eb6c:6784:f0b4:7f44:0 - "GET /api/train/artifacts HTTP/1.1" 200 OK
INFO:     2406:da14:abd:6000:eb6c:6784:f0b4:7f44:0 - "GET /api/scenarios HTTP/1.1" 200 OK
INFO:     2406:da14:abd:6000:eb6c:6784:f0b4:7f44:0 - "GET /api/train/artifacts HTTP/1.1" 200 OK
INFO:     2406:da14:abd:6000:eb6c:6784:f0b4:7f44:0 - "POST /api/simulate/scene HTTP/1.1" 200 OK
INFO:     2406:da14:abd:6000:eb6c:6784:f0b4:7f44:0 - "POST /api/simulate/scene HTTP/1.1" 200 OK
INFO:     2406:da14:abd:6000:eb6c:6784:f0b4:7f44:0 - "POST /api/simulate/scene HTTP/1.1" 200 OK
INFO:     2406:da14:abd:6000:eb6c:6784:f0b4:7f44:0 - "POST /api/simulate/stream HTTP/1.1" 200 OK
INFO:     2406:da14:abd:6000:eb6c:6784:f0b4:7f44:0 - "GET /api/scenarios HTTP/1.1" 200 OK
INFO:     2406:da14:abd:6000:eb6c:6784:f0b4:7f44:0 - "POST /api/train HTTP/1.1" 200 OK
INFO:     2406:da14:abd:6000:eb6c:6784:f0b4:7f44:0 - "GET /api/train/f2c9cb2a93fd4b248a92f524d40ad92e/stream HTTP/1.1" 200 OK
    Eval -> avg_reward=15.84 | avg_final_coverage=90.37% | avg_broadcast=100.00%
[Update 5] step=5120 | mean_reward=13.58 | mean_coverage=82.78% | mean_broadcast=100.00% | loss_pi=-0.107 | loss_v=1.007
    Eval -> avg_reward=17.02 | avg_final_coverage=96.51% | avg_broadcast=100.00%
[Update 10] step=10240 | mean_reward=16.88 | mean_coverage=95.10% | mean_broadcast=100.00% | loss_pi=-0.259 | loss_v=0.535
    Eval -> avg_reward=17.43 | avg_final_coverage=97.94% | avg_broadcast=100.00%
Artifacts saved to /mnt/data0/root/Projects/RescueNet-RL/artifacts/runs/mppo_earthquake_residual_f2c9cb2a93fd4b248a92f524d40ad92e
Training coverage curve saved to /mnt/data0/root/Projects/RescueNet-RL/artifacts/runs/mppo_earthquake_residual_f2c9cb2a93fd4b248a92f524d40ad92e/training_coverage_curve.png
INFO:     2406:da14:abd:6000:eb6c:6784:f0b4:7f44:0 - "GET /api/scenarios HTTP/1.1" 200 OK
INFO:     2406:da14:abd:6000:eb6c:6784:f0b4:7f44:0 - "GET /api/train/artifacts HTTP/1.1" 200 OK
INFO:     2406:da14:abd:6000:eb6c:6784:f0b4:7f44:0 - "GET /api/scenarios HTTP/1.1" 200 OK
INFO:     2406:da14:abd:6000:eb6c:6784:f0b4:7f44:0 - "POST /api/simulate/scene HTTP/1.1" 200 OK
INFO:     2406:da14:abd:6000:eb6c:6784:f0b4:7f44:0 - "GET /api/train/artifacts HTTP/1.1" 200 OK
INFO:     2406:da14:abd:6000:eb6c:6784:f0b4:7f44:0 - "POST /api/simulate/scene HTTP/1.1" 200 OK
INFO:     2406:da14:abd:6000:eb6c:6784:f0b4:7f44:0 - "POST /api/simulate/scene HTTP/1.1" 200 OK
INFO:     2406:da14:abd:6000:eb6c:6784:f0b4:7f44:0 - "POST /api/simulate/stream HTTP/1.1" 200 OK
INFO:     13.159.131.75:0 - "GET /api/scenarios HTTP/1.1" 200 OK
INFO:     13.159.131.75:0 - "GET /api/train/artifacts HTTP/1.1" 200 OK
INFO:     13.159.131.75:0 - "GET /api/scenarios HTTP/1.1" 200 OK
INFO:     13.159.131.75:0 - "POST /api/simulate/scene HTTP/1.1" 200 OK
INFO:     13.159.131.75:0 - "GET /api/train/artifacts HTTP/1.1" 200 OK
INFO:     13.159.131.75:0 - "POST /api/simulate/scene HTTP/1.1" 200 OK
INFO:     2406:da14:abd:6000:eb6c:6784:f0b4:7f44:0 - "GET /api/scenarios HTTP/1.1" 200 OK
INFO:     2406:da14:abd:6000:eb6c:6784:f0b4:7f44:0 - "GET /ns3-native/index.html?v=1779260295667 HTTP/1.1" 200 OK
INFO:     2406:da14:abd:6000:eb6c:6784:f0b4:7f44:0 - "GET /api/mahimahi/traces HTTP/1.1" 200 OK
INFO:     2406:da14:abd:6000:eb6c:6784:f0b4:7f44:0 - "GET /api/train/latest-artifact HTTP/1.1" 200 OK
INFO:     2406:da14:abd:6000:eb6c:6784:f0b4:7f44:0 - "GET /api/scenarios HTTP/1.1" 200 OK
INFO:     2406:da14:abd:6000:eb6c:6784:f0b4:7f44:0 - "GET /api/scenarios HTTP/1.1" 200 OK
INFO:     2406:da14:abd:6000:eb6c:6784:f0b4:7f44:0 - "GET /ns3-native/index.html?v=1779260303578 HTTP/1.1" 200 OK
INFO:     2406:da14:abd:6000:eb6c:6784:f0b4:7f44:0 - "GET /api/scenarios HTTP/1.1" 200 OK
INFO:     2406:da14:abd:6000:eb6c:6784:f0b4:7f44:0 - "GET /api/train/artifacts HTTP/1.1" 200 OK
INFO:     2406:da14:abd:6000:eb6c:6784:f0b4:7f44:0 - "GET /api/scenarios HTTP/1.1" 200 OK
INFO:     2406:da14:abd:6000:eb6c:6784:f0b4:7f44:0 - "POST /api/simulate/scene HTTP/1.1" 200 OK
INFO:     2406:da14:abd:6000:eb6c:6784:f0b4:7f44:0 - "GET /api/train/artifacts HTTP/1.1" 200 OK
INFO:     2406:da14:abd:6000:eb6c:6784:f0b4:7f44:0 - "POST /api/simulate/scene HTTP/1.1" 200 OK
INFO:     2406:da14:abd:6000:eb6c:6784:f0b4:7f44:0 - "GET /api/scenarios HTTP/1.1" 200 OK
INFO:     2406:da14:abd:6000:eb6c:6784:f0b4:7f44:0 - "GET /api/scenarios HTTP/1.1" 200 OK
INFO:     2406:da14:abd:6000:eb6c:6784:f0b4:7f44:0 - "GET /api/train/artifacts HTTP/1.1" 200 OK
INFO:     2406:da14:abd:6000:eb6c:6784:f0b4:7f44:0 - "GET /api/scenarios HTTP/1.1" 200 OK
INFO:     2406:da14:abd:6000:eb6c:6784:f0b4:7f44:0 - "POST /api/simulate/scene HTTP/1.1" 200 OK
INFO:     2406:da14:abd:6000:eb6c:6784:f0b4:7f44:0 - "GET /api/train/artifacts HTTP/1.1" 200 OK
INFO:     2406:da14:abd:6000:eb6c:6784:f0b4:7f44:0 - "POST /api/simulate/scene HTTP/1.1" 200 OK
INFO:     2406:da14:abd:6000:eb6c:6784:f0b4:7f44:0 - "GET /ns3-native/index.html?v=1779260333406 HTTP/1.1" 200 OK
INFO:     2406:da14:abd:6000:eb6c:6784:f0b4:7f44:0 - "GET /api/mahimahi/traces HTTP/1.1" 200 OK
INFO:     2406:da14:abd:6000:eb6c:6784:f0b4:7f44:0 - "GET /api/train/latest-artifact HTTP/1.1" 200 OK
INFO:     2406:da14:abd:6000:eb6c:6784:f0b4:7f44:0 - "GET /api/scenarios HTTP/1.1" 200 OK
INFO:     2406:da14:abd:6000:eb6c:6784:f0b4:7f44:0 - "GET /api/scenarios HTTP/1.1" 200 OK
INFO:     2406:da14:abd:6000:eb6c:6784:f0b4:7f44:0 - "GET /api/train/latest-artifact HTTP/1.1" 200 OK
INFO:     2406:da14:abd:6000:eb6c:6784:f0b4:7f44:0 - "GET /api/mahimahi/traces HTTP/1.1" 200 OK
INFO:     2406:da14:abd:6000:eb6c:6784:f0b4:7f44:0 - "GET /ns3-native/index.html?v=1779260341820 HTTP/1.1" 200 OK
INFO:     2406:da14:abd:6000:eb6c:6784:f0b4:7f44:0 - "GET /api/train/artifacts HTTP/1.1" 200 OK
INFO:     2406:da14:abd:6000:eb6c:6784:f0b4:7f44:0 - "GET /api/scenarios HTTP/1.1" 200 OK
INFO:     2406:da14:abd:6000:eb6c:6784:f0b4:7f44:0 - "GET /api/scenarios HTTP/1.1" 200 OK
INFO:     2406:da14:abd:6000:eb6c:6784:f0b4:7f44:0 - "POST /api/simulate/scene HTTP/1.1" 200 OK
INFO:     2406:da14:abd:6000:eb6c:6784:f0b4:7f44:0 - "GET /api/train/artifacts HTTP/1.1" 200 OK
INFO:     2406:da14:abd:6000:eb6c:6784:f0b4:7f44:0 - "POST /api/simulate/scene HTTP/1.1" 200 OK
INFO:     2406:da14:abd:6000:eb6c:6784:f0b4:7f44:0 - "POST /api/simulate/scene HTTP/1.1" 200 OK
INFO:     2406:da14:abd:6000:eb6c:6784:f0b4:7f44:0 - "POST /api/simulate/stream HTTP/1.1" 200 OK
INFO:     2406:da14:abd:6000:eb6c:6784:f0b4:7f44:0 - "GET /api/scenarios HTTP/1.1" 200 OK
INFO:     2406:da14:abd:6000:eb6c:6784:f0b4:7f44:0 - "GET /api/train/artifacts HTTP/1.1" 200 OK
INFO:     2406:da14:abd:6000:eb6c:6784:f0b4:7f44:0 - "GET /api/scenarios HTTP/1.1" 200 OK
INFO:     2406:da14:abd:6000:eb6c:6784:f0b4:7f44:0 - "POST /api/simulate/scene HTTP/1.1" 200 OK
INFO:     2406:da14:abd:6000:eb6c:6784:f0b4:7f44:0 - "GET /api/train/artifacts HTTP/1.1" 200 OK
INFO:     2406:da14:abd:6000:eb6c:6784:f0b4:7f44:0 - "POST /api/simulate/scene HTTP/1.1" 200 OK
INFO:     2406:da14:abd:6000:eb6c:6784:f0b4:7f44:0 - "GET /api/scenarios HTTP/1.1" 200 OK
INFO:     2406:da14:abd:6000:eb6c:6784:f0b4:7f44:0 - "GET /api/train/artifacts HTTP/1.1" 200 OK
INFO:     2406:da14:abd:6000:eb6c:6784:f0b4:7f44:0 - "POST /api/simulate/scene HTTP/1.1" 200 OK
INFO:     2406:da14:abd:6000:eb6c:6784:f0b4:7f44:0 - "GET /api/scenarios HTTP/1.1" 200 OK
INFO:     2406:da14:abd:6000:eb6c:6784:f0b4:7f44:0 - "GET /api/train/artifacts HTTP/1.1" 200 OK
INFO:     2406:da14:abd:6000:eb6c:6784:f0b4:7f44:0 - "POST /api/simulate/scene HTTP/1.1" 200 OK
INFO:     114.242.201.65:0 - "POST /api/simulate/scene HTTP/1.1" 200 OK
INFO:     1.202.219.82:0 - "POST /api/simulate/stream HTTP/1.1" 200 OK
INFO:     1.202.219.82:0 - "POST /api/simulate/stream HTTP/1.1" 200 OK
INFO:     1.202.219.82:0 - "POST /api/simulate/scene HTTP/1.1" 200 OK
INFO:     1.202.219.82:0 - "POST /api/simulate/stream HTTP/1.1" 200 OK
INFO:     114.242.201.65:0 - "POST /api/simulate/stream HTTP/1.1" 200 OK
INFO:     114.242.201.65:0 - "POST /api/simulate/stream HTTP/1.1" 200 OK
INFO:     114.242.201.65:0 - "POST /api/simulate/stream HTTP/1.1" 200 OK
INFO:     114.242.201.65:0 - "POST /api/simulate/scene HTTP/1.1" 200 OK
INFO:     1.202.219.82:0 - "POST /api/simulate/scene HTTP/1.1" 200 OK
INFO:     1.202.219.82:0 - "POST /api/simulate/scene HTTP/1.1" 200 OK
INFO:     13.159.131.75:0 - "GET /api/scenarios HTTP/1.1" 200 OK
INFO:     13.159.131.75:0 - "POST /api/train HTTP/1.1" 200 OK
INFO:     13.159.131.75:0 - "GET /api/train/d842ee60998047a5846264faefc8c16f/stream HTTP/1.1" 200 OK
    Eval -> avg_reward=14.68 | avg_final_coverage=86.13% | avg_broadcast=100.00%
[Update 5] step=5120 | mean_reward=16.26 | mean_coverage=93.47% | mean_broadcast=100.00% | loss_pi=-0.202 | loss_v=0.626
    Eval -> avg_reward=17.58 | avg_final_coverage=98.31% | avg_broadcast=100.00%
[Update 10] step=10240 | mean_reward=16.12 | mean_coverage=93.87% | mean_broadcast=100.00% | loss_pi=-0.016 | loss_v=0.507
    Eval -> avg_reward=16.93 | avg_final_coverage=95.18% | avg_broadcast=100.00%
Artifacts saved to /mnt/data0/root/Projects/RescueNet-RL/artifacts/runs/mppo_earthquake_residual_d842ee60998047a5846264faefc8c16f
Training coverage curve saved to /mnt/data0/root/Projects/RescueNet-RL/artifacts/runs/mppo_earthquake_residual_d842ee60998047a5846264faefc8c16f/training_coverage_curve.png
INFO:     13.159.131.75:0 - "GET /api/scenarios HTTP/1.1" 200 OK
INFO:     13.159.131.75:0 - "GET /api/train/artifacts HTTP/1.1" 200 OK
INFO:     13.159.131.75:0 - "GET /api/scenarios HTTP/1.1" 200 OK
INFO:     13.159.131.75:0 - "GET /api/train/artifacts HTTP/1.1" 200 OK
INFO:     13.159.131.75:0 - "POST /api/simulate/scene HTTP/1.1" 200 OK
INFO:     13.159.131.75:0 - "POST /api/simulate/scene HTTP/1.1" 200 OK
INFO:     13.159.131.75:0 - "POST /api/simulate/scene HTTP/1.1" 200 OK
INFO:     13.159.131.75:0 - "POST /api/simulate/stream HTTP/1.1" 200 OK
INFO:     1.202.219.84:0 - "GET /api/scenarios HTTP/1.1" 200 OK
INFO:     1.202.219.84:0 - "GET /api/train/artifacts HTTP/1.1" 200 OK
INFO:     1.202.219.84:0 - "GET /api/scenarios HTTP/1.1" 200 OK
INFO:     1.202.219.84:0 - "GET /api/train/artifacts HTTP/1.1" 200 OK
INFO:     1.202.219.84:0 - "GET /api/mahimahi/traces HTTP/1.1" 200 OK
INFO:     1.202.219.84:0 - "GET /api/scenarios HTTP/1.1" 200 OK
INFO:     114.242.201.65:0 - "GET /ns3-native/index.html HTTP/1.1" 200 OK
INFO:     114.242.201.65:0 - "GET /ns3-native/map.png HTTP/1.1" 200 OK
INFO:     2406:da14:abd:6000:eb6c:6784:f0b4:7f44:0 - "GET /api/scenarios HTTP/1.1" 200 OK
INFO:     2406:da14:abd:6000:eb6c:6784:f0b4:7f44:0 - "GET /api/train/artifacts HTTP/1.1" 200 OK
INFO:     2406:da14:abd:6000:eb6c:6784:f0b4:7f44:0 - "GET /api/scenarios HTTP/1.1" 200 OK
INFO:     2406:da14:abd:6000:eb6c:6784:f0b4:7f44:0 - "POST /api/simulate/scene HTTP/1.1" 200 OK
INFO:     2406:da14:abd:6000:eb6c:6784:f0b4:7f44:0 - "GET /api/train/artifacts HTTP/1.1" 200 OK
INFO:     2406:da14:abd:6000:eb6c:6784:f0b4:7f44:0 - "POST /api/simulate/scene HTTP/1.1" 200 OK
INFO:     114.242.201.65:0 - "GET /ns3-native/index.html HTTP/1.1" 200 OK
INFO:     114.242.201.65:0 - "GET /ns3-native/index.html HTTP/1.1" 200 OK
INFO:     2406:da14:abd:6000:eb6c:6784:f0b4:7f44:0 - "GET /api/scenarios HTTP/1.1" 200 OK
INFO:     2406:da14:abd:6000:eb6c:6784:f0b4:7f44:0 - "GET /api/train/artifacts HTTP/1.1" 200 OK
INFO:     2406:da14:abd:6000:eb6c:6784:f0b4:7f44:0 - "POST /api/simulate/scene HTTP/1.1" 200 OK
INFO:     2406:da14:abd:6000:eb6c:6784:f0b4:7f44:0 - "GET /api/scenarios HTTP/1.1" 200 OK
INFO:     2406:da14:abd:6000:eb6c:6784:f0b4:7f44:0 - "GET /api/train/artifacts HTTP/1.1" 200 OK
INFO:     2406:da14:abd:6000:eb6c:6784:f0b4:7f44:0 - "POST /api/simulate/scene HTTP/1.1" 200 OK
INFO:     1.202.219.82:0 - "GET /api/scenarios HTTP/1.1" 200 OK
INFO:     1.202.219.82:0 - "GET /api/train/artifacts HTTP/1.1" 200 OK
INFO:     1.202.219.82:0 - "POST /api/simulate/scene HTTP/1.1" 200 OK
INFO:     1.202.219.82:0 - "POST /api/simulate/scene HTTP/1.1" 200 OK
INFO:     1.202.219.82:0 - "GET /api/scenarios HTTP/1.1" 200 OK
INFO:     1.202.219.82:0 - "GET /api/train/artifacts HTTP/1.1" 200 OK
INFO:     1.202.219.82:0 - "POST /api/simulate/scene HTTP/1.1" 200 OK
INFO:     1.202.219.82:0 - "GET /api/scenarios HTTP/1.1" 200 OK
INFO:     1.202.219.82:0 - "GET /api/train/artifacts HTTP/1.1" 200 OK
INFO:     1.202.219.82:0 - "POST /api/simulate/scene HTTP/1.1" 200 OK
INFO:     2406:da14:abd:6000:eb6c:6784:f0b4:7f44:0 - "GET /api/scenarios HTTP/1.1" 200 OK
INFO:     2406:da14:abd:6000:eb6c:6784:f0b4:7f44:0 - "GET /api/train/artifacts HTTP/1.1" 200 OK
INFO:     2406:da14:abd:6000:eb6c:6784:f0b4:7f44:0 - "GET /api/scenarios HTTP/1.1" 200 OK
INFO:     2406:da14:abd:6000:eb6c:6784:f0b4:7f44:0 - "GET /api/train/artifacts HTTP/1.1" 200 OK
INFO:     2406:da14:abd:6000:eb6c:6784:f0b4:7f44:0 - "POST /api/simulate/scene HTTP/1.1" 200 OK
INFO:     2406:da14:abd:6000:eb6c:6784:f0b4:7f44:0 - "POST /api/simulate/scene HTTP/1.1" 200 OK
INFO:     1.202.219.82:0 - "POST /api/simulate/scene HTTP/1.1" 200 OK
INFO:     1.202.219.82:0 - "GET /api/scenarios HTTP/1.1" 200 OK
INFO:     1.202.219.82:0 - "GET /api/mahimahi/traces HTTP/1.1" 200 OK
INFO:     1.202.219.82:0 - "GET /api/train/artifacts HTTP/1.1" 200 OK
INFO:     1.202.219.82:0 - "GET /api/scenarios HTTP/1.1" 200 OK
INFO:     1.202.219.82:0 - "POST /api/simulate/scene HTTP/1.1" 200 OK
INFO:     1.202.219.82:0 - "GET /api/scenarios HTTP/1.1" 200 OK
INFO:     1.202.219.82:0 - "GET /api/train/artifacts HTTP/1.1" 200 OK
INFO:     1.202.219.82:0 - "POST /api/simulate/scene HTTP/1.1" 200 OK
INFO:     1.202.219.82:0 - "POST /api/simulate/scene HTTP/1.1" 200 OK
INFO:     1.202.219.82:0 - "GET /api/scenarios HTTP/1.1" 200 OK
INFO:     1.202.219.82:0 - "GET /api/train/artifacts HTTP/1.1" 200 OK
INFO:     1.202.219.82:0 - "POST /api/simulate/scene HTTP/1.1" 200 OK
INFO:     114.242.201.65:0 - "GET /api/scenarios HTTP/1.1" 200 OK
INFO:     114.242.201.65:0 - "GET /api/train/artifacts HTTP/1.1" 200 OK
INFO:     114.242.201.65:0 - "POST /api/simulate/scene HTTP/1.1" 200 OK
INFO:     1.202.219.82:0 - "GET /api/scenarios HTTP/1.1" 200 OK
INFO:     1.202.219.82:0 - "GET /api/train/artifacts HTTP/1.1" 200 OK
INFO:     2406:da14:abd:6000:eb6c:6784:f0b4:7f44:0 - "POST /api/simulate/scene HTTP/1.1" 200 OK
INFO:     2406:da14:abd:6000:eb6c:6784:f0b4:7f44:0 - "GET /api/scenarios HTTP/1.1" 200 OK
INFO:     2406:da14:abd:6000:eb6c:6784:f0b4:7f44:0 - "GET /api/scenarios HTTP/1.1" 200 OK
INFO:     2406:da14:abd:6000:eb6c:6784:f0b4:7f44:0 - "GET /api/train/latest-artifact HTTP/1.1" 200 OK
INFO:     2406:da14:abd:6000:eb6c:6784:f0b4:7f44:0 - "GET /api/mahimahi/traces HTTP/1.1" 200 OK
INFO:     2406:da14:abd:6000:eb6c:6784:f0b4:7f44:0 - "GET /api/scenarios HTTP/1.1" 200 OK
INFO:     2406:da14:abd:6000:eb6c:6784:f0b4:7f44:0 - "GET /api/scenarios HTTP/1.1" 200 OK
INFO:     2406:da14:abd:6000:eb6c:6784:f0b4:7f44:0 - "GET /ns3-native/index.html?v=1779271429514 HTTP/1.1" 200 OK
INFO:     2406:da14:abd:6000:eb6c:6784:f0b4:7f44:0 - "GET /api/scenarios HTTP/1.1" 200 OK
INFO:     2406:da14:abd:6000:eb6c:6784:f0b4:7f44:0 - "GET /api/train/artifacts HTTP/1.1" 200 OK
INFO:     2406:da14:abd:6000:eb6c:6784:f0b4:7f44:0 - "GET /api/scenarios HTTP/1.1" 200 OK
INFO:     2406:da14:abd:6000:eb6c:6784:f0b4:7f44:0 - "POST /api/simulate/scene HTTP/1.1" 200 OK
INFO:     2406:da14:abd:6000:eb6c:6784:f0b4:7f44:0 - "GET /api/train/artifacts HTTP/1.1" 200 OK
INFO:     2406:da14:abd:6000:eb6c:6784:f0b4:7f44:0 - "POST /api/simulate/scene HTTP/1.1" 200 OK
INFO:     2406:da14:abd:6000:eb6c:6784:f0b4:7f44:0 - "GET /api/scenarios HTTP/1.1" 200 OK
INFO:     2406:da14:abd:6000:eb6c:6784:f0b4:7f44:0 - "GET /api/mahimahi/traces HTTP/1.1" 200 OK
INFO:     2406:da14:abd:6000:eb6c:6784:f0b4:7f44:0 - "GET /api/train/latest-artifact HTTP/1.1" 200 OK
INFO:     2406:da14:abd:6000:eb6c:6784:f0b4:7f44:0 - "GET /api/scenarios HTTP/1.1" 200 OK
INFO:     2406:da14:abd:6000:eb6c:6784:f0b4:7f44:0 - "GET /api/scenarios HTTP/1.1" 200 OK
INFO:     2406:da14:abd:6000:eb6c:6784:f0b4:7f44:0 - "GET /api/mahimahi/traces HTTP/1.1" 200 OK
INFO:     2406:da14:abd:6000:eb6c:6784:f0b4:7f44:0 - "GET /api/train/latest-artifact HTTP/1.1" 200 OK
INFO:     2406:da14:abd:6000:eb6c:6784:f0b4:7f44:0 - "GET /api/scenarios HTTP/1.1" 200 OK
INFO:     2406:da14:abd:6000:eb6c:6784:f0b4:7f44:0 - "GET /api/train/artifacts HTTP/1.1" 200 OK
INFO:     2406:da14:abd:6000:eb6c:6784:f0b4:7f44:0 - "GET /api/scenarios HTTP/1.1" 200 OK
INFO:     2406:da14:abd:6000:eb6c:6784:f0b4:7f44:0 - "POST /api/simulate/scene HTTP/1.1" 200 OK
INFO:     2406:da14:abd:6000:eb6c:6784:f0b4:7f44:0 - "GET /api/train/artifacts HTTP/1.1" 200 OK
INFO:     2406:da14:abd:6000:eb6c:6784:f0b4:7f44:0 - "GET /ns3-native/index.html?v=1779271477620 HTTP/1.1" 200 OK
INFO:     2406:da14:abd:6000:eb6c:6784:f0b4:7f44:0 - "GET /api/train/latest-artifact HTTP/1.1" 200 OK
INFO:     2406:da14:abd:6000:eb6c:6784:f0b4:7f44:0 - "GET /api/mahimahi/traces HTTP/1.1" 200 OK
INFO:     2406:da14:abd:6000:eb6c:6784:f0b4:7f44:0 - "GET /api/scenarios HTTP/1.1" 200 OK
INFO:     2406:da14:abd:6000:eb6c:6784:f0b4:7f44:0 - "GET /api/scenarios HTTP/1.1" 200 OK
INFO:     2406:da14:abd:6000:eb6c:6784:f0b4:7f44:0 - "GET /api/mahimahi/traces HTTP/1.1" 200 OK
INFO:     2406:da14:abd:6000:eb6c:6784:f0b4:7f44:0 - "GET /api/train/latest-artifact HTTP/1.1" 200 OK
INFO:     2406:da14:abd:6000:eb6c:6784:f0b4:7f44:0 - "GET /ns3-native/index.html?v=1779271484620 HTTP/1.1" 200 OK
INFO:     2406:da14:abd:6000:eb6c:6784:f0b4:7f44:0 - "GET /api/scenarios HTTP/1.1" 200 OK
INFO:     2406:da14:abd:6000:eb6c:6784:f0b4:7f44:0 - "GET /api/train/artifacts HTTP/1.1" 200 OK
INFO:     2406:da14:abd:6000:eb6c:6784:f0b4:7f44:0 - "GET /api/scenarios HTTP/1.1" 200 OK
INFO:     2406:da14:abd:6000:eb6c:6784:f0b4:7f44:0 - "GET /api/scenarios HTTP/1.1" 200 OK
INFO:     2406:da14:abd:6000:eb6c:6784:f0b4:7f44:0 - "GET /api/train/artifacts HTTP/1.1" 200 OK
INFO:     2406:da14:abd:6000:eb6c:6784:f0b4:7f44:0 - "GET /api/scenarios HTTP/1.1" 200 OK
INFO:     2406:da14:abd:6000:eb6c:6784:f0b4:7f44:0 - "GET /api/train/artifacts HTTP/1.1" 200 OK
INFO:     2406:da14:abd:6000:eb6c:6784:f0b4:7f44:0 - "GET /api/scenarios HTTP/1.1" 200 OK
INFO:     2406:da14:abd:6000:eb6c:6784:f0b4:7f44:0 - "POST /api/simulate/scene HTTP/1.1" 200 OK
INFO:     2406:da14:abd:6000:eb6c:6784:f0b4:7f44:0 - "GET /api/train/artifacts HTTP/1.1" 200 OK
INFO:     2406:da14:abd:6000:eb6c:6784:f0b4:7f44:0 - "POST /api/simulate/scene HTTP/1.1" 200 OK
INFO:     2406:da14:abd:6000:eb6c:6784:f0b4:7f44:0 - "GET /ns3-native/index.html?v=1779271587559 HTTP/1.1" 200 OK
INFO:     2406:da14:abd:6000:eb6c:6784:f0b4:7f44:0 - "GET /api/scenarios HTTP/1.1" 200 OK
INFO:     2406:da14:abd:6000:eb6c:6784:f0b4:7f44:0 - "GET /api/scenarios HTTP/1.1" 200 OK
INFO:     2406:da14:abd:6000:eb6c:6784:f0b4:7f44:0 - "GET /api/scenarios HTTP/1.1" 200 OK
INFO:     2406:da14:abd:6000:eb6c:6784:f0b4:7f44:0 - "GET /api/scenarios HTTP/1.1" 200 OK
INFO:     2406:da14:abd:6000:eb6c:6784:f0b4:7f44:0 - "GET /api/train/artifacts HTTP/1.1" 200 OK
INFO:     2406:da14:abd:6000:eb6c:6784:f0b4:7f44:0 - "POST /api/simulate/scene HTTP/1.1" 200 OK
INFO:     2406:da14:abd:6000:eb6c:6784:f0b4:7f44:0 - "GET /api/train/artifacts HTTP/1.1" 200 OK
INFO:     2406:da14:abd:6000:eb6c:6784:f0b4:7f44:0 - "POST /api/simulate/scene HTTP/1.1" 200 OK
INFO:     2406:da14:abd:6000:eb6c:6784:f0b4:7f44:0 - "GET /ns3-native/index.html?v=1779271632464 HTTP/1.1" 200 OK
INFO:     2406:da14:abd:6000:eb6c:6784:f0b4:7f44:0 - "GET /api/mahimahi/traces HTTP/1.1" 200 OK
INFO:     2406:da14:abd:6000:eb6c:6784:f0b4:7f44:0 - "GET /api/train/latest-artifact HTTP/1.1" 200 OK
INFO:     2406:da14:abd:6000:eb6c:6784:f0b4:7f44:0 - "GET /api/scenarios HTTP/1.1" 200 OK
INFO:     2406:da14:abd:6000:eb6c:6784:f0b4:7f44:0 - "GET /api/scenarios HTTP/1.1" 200 OK
INFO:     127.0.0.1:46478 - "GET /api/scenarios HTTP/1.1" 200 OK
INFO:     127.0.0.1:46486 - "GET /api/scenarios HTTP/1.1" 200 OK
INFO:     127.0.0.1:37186 - "GET /api/scenarios HTTP/1.1" 200 OK
INFO:     127.0.0.1:37208 - "GET /api/scenarios HTTP/1.1" 200 OK
INFO:     127.0.0.1:37196 - "GET /api/train/artifacts HTTP/1.1" 200 OK
INFO:     127.0.0.1:45010 - "POST /api/simulate/scene HTTP/1.1" 200 OK
INFO:     127.0.0.1:45000 - "GET /api/train/artifacts HTTP/1.1" 200 OK
INFO:     127.0.0.1:45016 - "POST /api/simulate/scene HTTP/1.1" 200 OK
INFO:     2602:fb54:1400::161:0 - "GET /api/.env HTTP/1.1" 404 Not Found
INFO:     1.202.219.84:0 - "GET /api/scenarios HTTP/1.1" 200 OK
INFO:     1.202.219.84:0 - "GET /api/train/artifacts HTTP/1.1" 200 OK
INFO:     1.202.219.84:0 - "GET /api/scenarios HTTP/1.1" 200 OK
INFO:     1.202.219.84:0 - "GET /api/train/artifacts HTTP/1.1" 200 OK
INFO:     114.242.201.65:0 - "GET /api/scenarios HTTP/1.1" 200 OK
INFO:     114.242.201.65:0 - "GET /api/train/artifacts HTTP/1.1" 200 OK
INFO:     114.242.201.65:0 - "POST /api/simulate/scene HTTP/1.1" 200 OK
INFO:     127.0.0.1:40502 - "GET /api/scenarios HTTP/1.1" 200 OK
INFO:     127.0.0.1:38526 - "GET /api/scenarios HTTP/1.1" 200 OK
INFO:     127.0.0.1:38540 - "GET /api/train/artifacts HTTP/1.1" 200 OK
INFO:     127.0.0.1:38550 - "GET /api/scenarios HTTP/1.1" 200 OK
INFO:     127.0.0.1:38576 - "POST /api/simulate/scene HTTP/1.1" 200 OK
INFO:     127.0.0.1:38564 - "GET /api/train/artifacts HTTP/1.1" 200 OK
INFO:     127.0.0.1:38584 - "POST /api/simulate/scene HTTP/1.1" 200 OK
INFO:     127.0.0.1:42326 - "GET /ns3-native/index.html?v=1779330043975 HTTP/1.1" 200 OK
INFO:     127.0.0.1:42342 - "GET /ns3-native/map.png HTTP/1.1" 200 OK
INFO:     127.0.0.1:42368 - "GET /api/mahimahi/traces HTTP/1.1" 200 OK
INFO:     127.0.0.1:42354 - "GET /api/train/latest-artifact HTTP/1.1" 200 OK
INFO:     127.0.0.1:46976 - "GET /api/scenarios HTTP/1.1" 200 OK
INFO:     127.0.0.1:46978 - "GET /api/scenarios HTTP/1.1" 200 OK
INFO:     127.0.0.1:44196 - "GET /api/mahimahi/traces HTTP/1.1" 200 OK
INFO:     127.0.0.1:44202 - "GET /api/train/latest-artifact HTTP/1.1" 200 OK
INFO:     127.0.0.1:44208 - "GET /api/scenarios HTTP/1.1" 200 OK
INFO:     127.0.0.1:44214 - "GET /api/train/artifacts HTTP/1.1" 200 OK
INFO:     127.0.0.1:44236 - "GET /api/scenarios HTTP/1.1" 200 OK
INFO:     127.0.0.1:44220 - "POST /api/simulate/scene HTTP/1.1" 200 OK
INFO:     127.0.0.1:44222 - "GET /api/train/artifacts HTTP/1.1" 200 OK
INFO:     127.0.0.1:44244 - "POST /api/simulate/scene HTTP/1.1" 200 OK
INFO:     127.0.0.1:59824 - "GET /api/scenarios HTTP/1.1" 200 OK
INFO:     127.0.0.1:59832 - "GET /api/train/artifacts HTTP/1.1" 200 OK
INFO:     127.0.0.1:37500 - "GET /api/scenarios HTTP/1.1" 200 OK
INFO:     127.0.0.1:37512 - "GET /api/train/artifacts HTTP/1.1" 200 OK
INFO:     127.0.0.1:37516 - "GET /api/scenarios HTTP/1.1" 200 OK
INFO:     127.0.0.1:37540 - "POST /api/simulate/scene HTTP/1.1" 200 OK
INFO:     127.0.0.1:37528 - "GET /api/train/artifacts HTTP/1.1" 200 OK
INFO:     127.0.0.1:37542 - "POST /api/simulate/scene HTTP/1.1" 200 OK
INFO:     127.0.0.1:37104 - "POST /api/simulate/scene HTTP/1.1" 200 OK
INFO:     1.202.219.84:0 - "POST /api/simulate/scene HTTP/1.1" 200 OK
INFO:     1.202.219.84:0 - "POST /api/simulate/stream HTTP/1.1" 200 OK
INFO:     127.0.0.1:44640 - "GET /ns3-native/index.html?v=1779330220450 HTTP/1.1" 200 OK
INFO:     127.0.0.1:44654 - "GET /ns3-native/map.png HTTP/1.1" 206 Partial Content
INFO:     127.0.0.1:44662 - "GET /ns3-native/map.png HTTP/1.1" 206 Partial Content
INFO:     127.0.0.1:44684 - "GET /api/train/latest-artifact HTTP/1.1" 200 OK
INFO:     127.0.0.1:44668 - "GET /api/mahimahi/traces HTTP/1.1" 200 OK
INFO:     127.0.0.1:44700 - "GET /ns3-native/index.html?v=1779330226071 HTTP/1.1" 200 OK
INFO:     127.0.0.1:44730 - "GET /api/scenarios HTTP/1.1" 200 OK
INFO:     127.0.0.1:44746 - "GET /api/scenarios HTTP/1.1" 200 OK
INFO:     127.0.0.1:44714 - "GET /api/train/artifacts HTTP/1.1" 200 OK
INFO:     127.0.0.1:44758 - "POST /api/simulate/scene HTTP/1.1" 200 OK
INFO:     127.0.0.1:44748 - "GET /api/train/artifacts HTTP/1.1" 200 OK
INFO:     127.0.0.1:39244 - "POST /api/simulate/scene HTTP/1.1" 200 OK
INFO:     127.0.0.1:39246 - "GET /api/scenarios HTTP/1.1" 200 OK
INFO:     1.202.219.84:0 - "POST /api/simulate/stream HTTP/1.1" 200 OK
INFO:     127.0.0.1:39260 - "GET /api/scenarios HTTP/1.1" 200 OK
INFO:     1.202.219.84:0 - "GET /api/scenarios HTTP/1.1" 200 OK
INFO:     1.202.219.84:0 - "GET /api/train/artifacts HTTP/1.1" 200 OK
INFO:     1.202.219.84:0 - "POST /api/simulate/scene HTTP/1.1" 200 OK
INFO:     1.202.219.84:0 - "POST /api/simulate/stream HTTP/1.1" 200 OK
INFO:     127.0.0.1:43978 - "GET /api/scenarios HTTP/1.1" 200 OK
INFO:     127.0.0.1:43988 - "GET /api/train/artifacts HTTP/1.1" 200 OK
INFO:     127.0.0.1:44000 - "POST /api/simulate/scene HTTP/1.1" 200 OK
INFO:     127.0.0.1:44016 - "GET /api/scenarios HTTP/1.1" 200 OK
INFO:     127.0.0.1:44018 - "GET /api/train/artifacts HTTP/1.1" 200 OK
INFO:     127.0.0.1:44020 - "POST /api/simulate/scene HTTP/1.1" 200 OK
INFO:     127.0.0.1:43524 - "GET /api/mahimahi/traces HTTP/1.1" 200 OK
INFO:     127.0.0.1:43516 - "GET /api/train/latest-artifact HTTP/1.1" 200 OK
INFO:     127.0.0.1:60376 - "GET /ns3-native/index.html?v=1779330588396 HTTP/1.1" 200 OK
INFO:     127.0.0.1:60380 - "GET /api/scenarios HTTP/1.1" 200 OK
INFO:     127.0.0.1:60396 - "GET /api/scenarios HTTP/1.1" 200 OK
INFO:     127.0.0.1:60402 - "GET /api/scenarios HTTP/1.1" 200 OK
INFO:     127.0.0.1:46398 - "GET /ns3-native/index.html?v=1779330913499 HTTP/1.1" 200 OK
INFO:     127.0.0.1:46402 - "GET /api/train/latest-artifact HTTP/1.1" 200 OK
INFO:     127.0.0.1:46416 - "GET /api/mahimahi/traces HTTP/1.1" 200 OK
INFO:     127.0.0.1:35294 - "GET /api/scenarios HTTP/1.1" 200 OK
INFO:     127.0.0.1:35310 - "GET /api/scenarios HTTP/1.1" 200 OK
INFO:     127.0.0.1:35316 - "GET /ns3-native/index.html?v=1779330921034 HTTP/1.1" 200 OK
INFO:     127.0.0.1:44264 - "GET /api/mahimahi/traces HTTP/1.1" 200 OK
INFO:     127.0.0.1:44270 - "GET /api/train/latest-artifact HTTP/1.1" 200 OK
INFO:     2406:da14:abd:6000:eb6c:6784:f0b4:7f44:0 - "POST /api/simulate/scene HTTP/1.1" 200 OK
INFO:     2406:da14:abd:6000:eb6c:6784:f0b4:7f44:0 - "POST /api/simulate/stream HTTP/1.1" 200 OK
INFO:     2406:da14:abd:6000:eb6c:6784:f0b4:7f44:0 - "GET /api/scenarios HTTP/1.1" 200 OK
INFO:     2406:da14:abd:6000:eb6c:6784:f0b4:7f44:0 - "GET /api/train/artifacts HTTP/1.1" 200 OK
INFO:     2406:da14:abd:6000:eb6c:6784:f0b4:7f44:0 - "GET /api/scenarios HTTP/1.1" 200 OK
INFO:     2406:da14:abd:6000:eb6c:6784:f0b4:7f44:0 - "GET /api/train/artifacts HTTP/1.1" 200 OK
INFO:     2406:da14:abd:6000:eb6c:6784:f0b4:7f44:0 - "POST /api/simulate/scene HTTP/1.1" 200 OK
INFO:     2406:da14:abd:6000:eb6c:6784:f0b4:7f44:0 - "GET /ns3-native/index.html HTTP/1.1" 200 OK
INFO:     2406:da14:abd:6000:eb6c:6784:f0b4:7f44:0 - "GET /ns3-native/map.png HTTP/1.1" 304 Not Modified
INFO:     2406:da14:abd:6000:eb6c:6784:f0b4:7f44:0 - "GET /api/mahimahi/traces HTTP/1.1" 200 OK
INFO:     2406:da14:abd:6000:eb6c:6784:f0b4:7f44:0 - "GET /api/scenarios HTTP/1.1" 200 OK
INFO:     127.0.0.1:48232 - "GET /api/scenarios HTTP/1.1" 200 OK
INFO:     127.0.0.1:52674 - "GET /api/train/artifacts HTTP/1.1" 200 OK
INFO:     127.0.0.1:52678 - "GET /api/train/artifacts/detail?run_dir=artifacts%2Fruns%2Fmppo_earthquake_residual_d842ee60998047a5846264faefc8c16f HTTP/1.1" 200 OK
INFO:     127.0.0.1:40776 - "GET /ns3-native/index.html?v=1779331584021 HTTP/1.1" 200 OK
INFO:     127.0.0.1:40790 - "GET /api/mahimahi/traces HTTP/1.1" 200 OK
INFO:     127.0.0.1:40804 - "GET /api/train/latest-artifact HTTP/1.1" 200 OK
INFO:     127.0.0.1:38560 - "GET /api/scenarios HTTP/1.1" 200 OK
INFO:     127.0.0.1:50358 - "GET /api/scenarios HTTP/1.1" 200 OK
INFO:     2406:da14:abd:6000:eb6c:6784:f0b4:7f44:0 - "POST /api/simulate/scene HTTP/1.1" 200 OK
INFO:     2406:da14:abd:6000:eb6c:6784:f0b4:7f44:0 - "POST /api/simulate/stream HTTP/1.1" 200 OK
INFO:     2406:da14:abd:6000:eb6c:6784:f0b4:7f44:0 - "POST /api/simulate/scene HTTP/1.1" 200 OK
INFO:     13.159.165.225:0 - "POST /api/simulate/stream HTTP/1.1" 200 OK
INFO:     13.159.165.225:0 - "POST /api/simulate/scene HTTP/1.1" 200 OK
INFO:     13.159.165.225:0 - "POST /api/simulate/stream HTTP/1.1" 200 OK
INFO:     13.159.165.225:0 - "GET /api/scenarios HTTP/1.1" 200 OK
INFO:     13.159.165.225:0 - "GET /api/train/artifacts HTTP/1.1" 200 OK
INFO:     13.159.165.225:0 - "GET /api/scenarios HTTP/1.1" 200 OK
INFO:     13.159.165.225:0 - "GET /api/train/artifacts HTTP/1.1" 200 OK
INFO:     13.159.165.225:0 - "POST /api/simulate/scene HTTP/1.1" 200 OK
INFO:     127.0.0.1:46520 - "GET /ns3-native/index.html?v=1779331733402 HTTP/1.1" 200 OK
INFO:     127.0.0.1:46522 - "GET /api/scenarios HTTP/1.1" 200 OK
INFO:     127.0.0.1:46530 - "GET /api/train/artifacts HTTP/1.1" 200 OK
INFO:     127.0.0.1:46532 - "POST /api/simulate/scene HTTP/1.1" 200 OK
INFO:     127.0.0.1:46540 - "GET /api/scenarios HTTP/1.1" 200 OK
INFO:     127.0.0.1:46548 - "GET /api/train/artifacts HTTP/1.1" 200 OK
INFO:     127.0.0.1:46556 - "POST /api/simulate/scene HTTP/1.1" 200 OK
INFO:     2406:da14:abd:6000:eb6c:6784:f0b4:7f44:0 - "GET /api/mahimahi/traces HTTP/1.1" 200 OK
INFO:     2406:da14:abd:6000:eb6c:6784:f0b4:7f44:0 - "POST /api/mahimahi/simulate/stream HTTP/1.1" 200 OK
INFO:     2406:da14:abd:6000:eb6c:6784:f0b4:7f44:0 - "GET /api/scenarios HTTP/1.1" 200 OK
INFO:     2406:da14:abd:6000:eb6c:6784:f0b4:7f44:0 - "GET /api/train/artifacts HTTP/1.1" 200 OK
INFO:     2406:da14:abd:6000:eb6c:6784:f0b4:7f44:0 - "POST /api/simulate/scene HTTP/1.1" 200 OK
INFO:     2406:da14:abd:6000:eb6c:6784:f0b4:7f44:0 - "GET /api/scenarios HTTP/1.1" 200 OK
INFO:     2406:da14:abd:6000:eb6c:6784:f0b4:7f44:0 - "GET /api/train/artifacts HTTP/1.1" 200 OK
INFO:     127.0.0.1:43098 - "GET /ns3-native/index.html?v=1779331810203 HTTP/1.1" 200 OK
INFO:     127.0.0.1:43100 - "GET /api/mahimahi/traces HTTP/1.1" 200 OK
INFO:     127.0.0.1:43112 - "GET /api/train/latest-artifact HTTP/1.1" 200 OK
INFO:     127.0.0.1:43122 - "GET /api/scenarios HTTP/1.1" 200 OK
INFO:     127.0.0.1:43132 - "GET /api/scenarios HTTP/1.1" 200 OK
INFO:     127.0.0.1:59618 - "GET /api/mahimahi/traces HTTP/1.1" 200 OK
INFO:     127.0.0.1:59634 - "GET /api/train/latest-artifact HTTP/1.1" 200 OK
INFO:     127.0.0.1:38258 - "GET /api/scenarios HTTP/1.1" 200 OK
INFO:     127.0.0.1:38260 - "GET /api/scenarios HTTP/1.1" 200 OK
INFO:     127.0.0.1:38268 - "GET /api/mahimahi/traces HTTP/1.1" 200 OK
INFO:     127.0.0.1:38262 - "GET /api/train/latest-artifact HTTP/1.1" 200 OK
INFO:     127.0.0.1:38284 - "GET /ns3-native/index.html?v=1779331965546 HTTP/1.1" 200 OK
INFO:     127.0.0.1:38288 - "GET /api/train/latest-artifact HTTP/1.1" 200 OK
INFO:     127.0.0.1:38298 - "GET /api/mahimahi/traces HTTP/1.1" 200 OK
INFO:     127.0.0.1:52398 - "GET /api/scenarios HTTP/1.1" 200 OK
INFO:     127.0.0.1:52400 - "GET /api/scenarios HTTP/1.1" 200 OK
INFO:     127.0.0.1:52416 - "GET /api/train/latest-artifact HTTP/1.1" 200 OK
INFO:     127.0.0.1:52404 - "GET /api/mahimahi/traces HTTP/1.1" 200 OK
INFO:     127.0.0.1:52422 - "GET /api/scenarios HTTP/1.1" 200 OK
INFO:     127.0.0.1:52430 - "GET /api/train/artifacts HTTP/1.1" 200 OK
INFO:     127.0.0.1:52438 - "GET /api/scenarios HTTP/1.1" 200 OK
INFO:     127.0.0.1:52458 - "POST /api/simulate/scene HTTP/1.1" 200 OK
INFO:     127.0.0.1:52442 - "GET /api/train/artifacts HTTP/1.1" 200 OK
INFO:     127.0.0.1:52470 - "POST /api/simulate/scene HTTP/1.1" 200 OK
INFO:     127.0.0.1:52472 - "GET /api/scenarios HTTP/1.1" 200 OK
INFO:     127.0.0.1:52488 - "GET /api/scenarios HTTP/1.1" 200 OK
INFO:     127.0.0.1:52504 - "GET /api/train/artifacts HTTP/1.1" 200 OK
INFO:     127.0.0.1:52512 - "GET /api/scenarios HTTP/1.1" 200 OK
INFO:     127.0.0.1:52536 - "POST /api/simulate/scene HTTP/1.1" 200 OK
INFO:     127.0.0.1:52524 - "GET /api/train/artifacts HTTP/1.1" 200 OK
INFO:     127.0.0.1:52546 - "POST /api/simulate/scene HTTP/1.1" 200 OK
INFO:     13.159.165.225:0 - "GET /api/scenarios HTTP/1.1" 200 OK
INFO:     13.159.165.225:0 - "GET /api/train/artifacts HTTP/1.1" 200 OK
INFO:     13.159.165.225:0 - "POST /api/simulate/scene HTTP/1.1" 200 OK
INFO:     114.242.201.65:0 - "GET /api/scenarios HTTP/1.1" 200 OK
INFO:     114.242.201.65:0 - "GET /api/train/artifacts HTTP/1.1" 200 OK
INFO:     114.242.201.65:0 - "GET /api/scenarios HTTP/1.1" 200 OK
INFO:     114.242.201.65:0 - "GET /api/mahimahi/traces HTTP/1.1" 200 OK
INFO:     127.0.0.1:45022 - "GET /api/scenarios HTTP/1.1" 200 OK
INFO:     127.0.0.1:45036 - "GET /api/scenarios HTTP/1.1" 200 OK
INFO:     127.0.0.1:45030 - "GET /api/train/artifacts HTTP/1.1" 200 OK
INFO:     127.0.0.1:45050 - "POST /api/simulate/scene HTTP/1.1" 200 OK
INFO:     127.0.0.1:45044 - "GET /api/train/artifacts HTTP/1.1" 200 OK
INFO:     127.0.0.1:45056 - "POST /api/simulate/scene HTTP/1.1" 200 OK
INFO:     127.0.0.1:45064 - "GET /ns3-native/index.html?v=1779347134031 HTTP/1.1" 200 OK
INFO:     127.0.0.1:45074 - "GET /api/train/latest-artifact HTTP/1.1" 200 OK
INFO:     127.0.0.1:45080 - "GET /api/mahimahi/traces HTTP/1.1" 200 OK
INFO:     127.0.0.1:45082 - "GET /api/scenarios HTTP/1.1" 200 OK
INFO:     127.0.0.1:45098 - "GET /api/scenarios HTTP/1.1" 200 OK
INFO:     127.0.0.1:39590 - "GET /api/scenarios HTTP/1.1" 200 OK
INFO:     127.0.0.1:39598 - "GET /api/scenarios HTTP/1.1" 200 OK
INFO:     127.0.0.1:39610 - "GET /api/train/artifacts HTTP/1.1" 200 OK
INFO:     127.0.0.1:39628 - "GET /api/scenarios HTTP/1.1" 200 OK
INFO:     127.0.0.1:39612 - "POST /api/simulate/scene HTTP/1.1" 200 OK
INFO:     127.0.0.1:39630 - "GET /api/train/artifacts HTTP/1.1" 200 OK
INFO:     127.0.0.1:39632 - "POST /api/simulate/scene HTTP/1.1" 200 OK
INFO:     127.0.0.1:39646 - "GET /api/scenarios HTTP/1.1" 200 OK
INFO:     127.0.0.1:46016 - "GET /api/scenarios HTTP/1.1" 200 OK
INFO:     127.0.0.1:46022 - "GET /api/train/artifacts HTTP/1.1" 200 OK
INFO:     127.0.0.1:46032 - "GET /api/scenarios HTTP/1.1" 200 OK
INFO:     127.0.0.1:46044 - "POST /api/simulate/scene HTTP/1.1" 200 OK
INFO:     127.0.0.1:46036 - "GET /api/train/artifacts HTTP/1.1" 200 OK
INFO:     127.0.0.1:46050 - "POST /api/simulate/scene HTTP/1.1" 200 OK
INFO:     127.0.0.1:34964 - "POST /api/simulate/scene HTTP/1.1" 200 OK
INFO:     127.0.0.1:59426 - "GET /api/scenarios HTTP/1.1" 200 OK
INFO:     127.0.0.1:53002 - "GET /api/scenarios HTTP/1.1" 200 OK
INFO:     127.0.0.1:36686 - "GET /api/train/artifacts HTTP/1.1" 200 OK
